dataset,coordinate,training_range_abs,min,max,max_abs_over_limit,percent_states_outside,trajectories_with_excursion,num_trajectories,num_states_per_trajectory
inverse-dynamics test set (Section 4),q1,1.5707963267948966,-1.2939252853393555,1.2649770975112915,0.8237384206133982,0.0,0,50,50001
inverse-dynamics test set (Section 4),q2,1.5707963267948966,-1.287109613418579,1.0007835626602173,0.8193994291066615,0.0,0,50,50001
inverse-dynamics test set (Section 4),dq1,5.0,-3.7721128463745117,3.1755642890930176,0.7544225692749024,0.0,0,50,50001
inverse-dynamics test set (Section 4),dq2,5.0,-6.214990615844727,7.411056995391846,1.4822113990783692,0.9489810203795924,7,50,50001
inverse-dynamics test set (Section 4),ddq1,20.0,-16.966869354248047,16.719675064086914,0.8483434677124023,0.0,0,50,50001
inverse-dynamics test set (Section 4),ddq2,20.0,-36.07566833496094,36.32102584838867,1.8160512924194336,2.667026659466811,8,50,50001
inverse-dynamics test set (Section 4),any,,,,,3.370492590148197,9,50,50001
forward-dynamics reference trajectories (Section 6),q1,1.5707963267948966,-0.5991283059120178,0.6334868669509888,0.40329026503619075,0.0,0,50,2500
forward-dynamics reference trajectories (Section 6),q2,1.5707963267948966,-0.6743485927581787,0.628135621547699,0.4293036476181106,0.0,0,50,2500
forward-dynamics reference trajectories (Section 6),dq1,5.0,-1.7878894805908203,1.9176790714263916,0.38353581428527833,0.0,0,50,2500
forward-dynamics reference trajectories (Section 6),dq2,5.0,-3.617286205291748,3.335212230682373,0.7234572410583496,0.0,0,50,2500
forward-dynamics reference trajectories (Section 6),ddq1,20.0,-7.471766471862793,7.406968116760254,0.37358832359313965,0.0,0,50,2500
forward-dynamics reference trajectories (Section 6),ddq2,20.0,-14.715677261352539,14.50014877319336,0.735783863067627,0.0,0,50,2500
forward-dynamics reference trajectories (Section 6),any,,,,,0.0,0,50,2500
