model,quantity,unit,joint,joint_label,noise_percent,n_trajectories,shapiro_p_a,shapiro_p_b,both_normal,test_name,statistic,p_value,wilcoxon_paired_statistic,wilcoxon_paired_p_two_sided,median_noise_free,median_noisy,median_ratio_noisy_over_noise_free,median_paired_difference_noisy_minus_noise_free,direction,cliffs_delta_noisy_vs_noise_free,n_higher_than_noise_free,median_added_by_noise,median_added_by_noise_per_percent,fdr_q_value,significant_fdr_0_05,wilcoxon_paired_fdr_q_value
ANNet,angle,rad,J1,Joint 1,1.0,50,0.772110590394908,0.7830232416474006,True,One-way ANOVA,98.11597281352043,1.9422780341011872e-16,0.0,1.7763568394002505e-15,0.008051319047808647,0.005687482189387083,0.7064037775195435,-0.0024899637792259455,lower,-0.8432,0,0.0,0.0,1.5538224272809497e-15,True,1.4210854715202004e-14
ANNet,angle,rad,J1,Joint 1,2.5,50,0.0006964244352284163,0.7830232416474006,False,Kruskal-Wallis H-test,56.67155643564354,5.1503157016384775e-14,39.0,1.34718902700115e-11,0.008051319047808647,0.005454213358461857,0.6774310303783512,-0.0024806344881653786,lower,-0.8736,2,0.0,0.0,2.060126280655391e-13,True,4.04156708100345e-11
ANNet,angle,rad,J1,Joint 1,5.0,50,0.0005103849671201124,0.7830232416474006,False,Kruskal-Wallis H-test,0.0030415841583817382,0.9560185171444976,627.0,0.9237813566146151,0.008051319047808647,0.007999344728887081,0.9935446206251494,0.0001531834714114666,lower,0.0064,26,0.0015079491070850762,0.00030158982141701525,0.9560185171444976,False,0.9237813566146151
ANNet,angle,rad,J1,Joint 1,10.0,50,0.0033981785662181635,0.7830232416474006,False,Kruskal-Wallis H-test,32.58220990099005,1.1425580001484752e-08,102.0,1.0642100534141719e-08,0.008051319047808647,0.01549413101747632,1.9244214426819177,0.00709139509126544,higher,0.6624,43,0.013016052485970929,0.001301605248597093,2.7421392003563405e-08,True,2.3219128438127387e-08
ANNet,angle,rad,J2,Joint 2,1.0,50,0.43875280093247027,0.13354100309843864,True,One-way ANOVA,0.2704655011468933,0.6041925174589458,441.0,0.05803543429142444,0.013102419208735228,0.012178067583590746,0.9294518355413154,-0.00031610322184860706,lower,-0.0576,19,0.0,0.0,0.6905057342387951,False,0.07330791699969402
ANNet,angle,rad,J2,Joint 2,2.5,50,0.00035006402673573545,0.13354100309843864,False,Kruskal-Wallis H-test,0.1768396039604454,0.674103421858778,590.0,0.652772195247282,0.013102419208735228,0.012272968888282776,0.936694872356132,0.00021051103249192238,lower,0.0488,27,0.0018882149651065438,0.0007552859860426175,0.735385551118667,False,0.6811535950406421
ANNet,angle,rad,J2,Joint 2,5.0,50,0.0002047251391169026,0.13354100309843864,False,Kruskal-Wallis H-test,23.620990099009873,1.1730098502739018e-06,152.0,4.56562391448756e-07,0.013102419208735228,0.018846473656594753,1.4383964790280892,0.005880242213606834,higher,0.564,38,0.014317782867815508,0.0028635565735631017,2.0108740290409746e-06,True,7.826783853407245e-07
ANNet,angle,rad,J2,Joint 2,10.0,50,0.0017190097912972752,0.13354100309843864,False,Kruskal-Wallis H-test,52.19662574257421,5.02123418331739e-13,32.0,4.9116266609416925e-12,0.013102419208735228,0.035585248842835426,2.715929652068464,0.023986360523849726,higher,0.8384,45,0.033740491930254295,0.0033740491930254295,1.506370254995217e-12,True,1.6839862837514374e-11
ANNet,velocity,rad/s,J1,Joint 1,1.0,50,0.6470910402810608,0.05291647517693898,True,One-way ANOVA,7.369360118815988,0.007840746829378081,79.0,1.3149694666481082e-09,0.03105334099382162,0.028340965509414673,0.9126543103704493,-0.0038474779576063156,lower,-0.284,6,0.0,0.0,0.011761120244067122,True,3.1559267199554594e-09
ANNet,velocity,rad/s,J1,Joint 1,2.5,50,7.8006225953867e-05,0.05291647517693898,False,Kruskal-Wallis H-test,3.8601980198019987,0.0494444924376409,361.0,0.0069413795797625966,0.03105334099382162,0.028893953189253807,0.9304619813694943,-0.0039659664034843445,lower,-0.228,17,0.0,0.0,0.06980398932372833,False,0.009799594700841312
ANNet,velocity,rad/s,J1,Joint 1,5.0,50,0.0001514144693079206,0.05291647517693898,False,Kruskal-Wallis H-test,15.87725940594055,6.75859507689347e-05,235.0,5.121092026350027e-05,0.03105334099382162,0.045354900881648064,1.4605481867690786,0.0114558394998312,higher,0.4624,37,0.029445487249399944,0.0058890974498799886,0.00010813752123029552,True,7.68163803952504e-05
ANNet,velocity,rad/s,J1,Joint 1,10.0,50,0.0017416303804233659,0.05291647517693898,False,Kruskal-Wallis H-test,47.90571089108914,4.472170689876935e-12,42.0,2.022026990289305e-11,0.03105334099382162,0.08430707827210426,2.714911683379834,0.05222100578248501,higher,0.8032,45,0.07737971712576788,0.007737971712576788,1.1925788506338493e-11,True,5.392071974104814e-11
ANNet,velocity,rad/s,J2,Joint 2,1.0,50,0.4996671720351199,0.18160841774496891,True,One-way ANOVA,0.016767385355854612,0.8972361757422178,582.0,0.5984627102635613,0.06933272257447243,0.0655183307826519,0.9449842491368579,-0.0006796177476644516,lower,-0.0176,23,0.0,0.0,0.9362464442527489,False,0.6528684111966124
ANNet,velocity,rad/s,J2,Joint 2,2.5,50,9.555957405382556e-05,0.18160841774496891,False,Kruskal-Wallis H-test,0.37644356435646387,0.5395127531986798,534.0,0.3230277659528582,0.06933272257447243,0.06826317682862282,0.9845737235444523,0.0038665421307086945,lower,0.0712,29,0.020920038318034156,0.008368015327213662,0.6474153038384157,False,0.3691745896604094
ANNet,velocity,rad/s,J2,Joint 2,5.0,50,0.00011574095717801529,0.18160841774496891,False,Kruskal-Wallis H-test,26.661433663366324,2.4241203985985956e-07,154.0,5.215646012857178e-07,0.06933272257447243,0.1077558845281601,1.554185102314656,0.03455739840865135,higher,0.5992,38,0.07809721209314338,0.015619442418628676,4.848240797197191e-07,True,8.345033620571485e-07
ANNet,velocity,rad/s,J2,Joint 2,10.0,50,0.0014815895894658277,0.18160841774496891,False,Kruskal-Wallis H-test,52.896237623762374,3.516424832997066e-13,31.0,4.218847493575595e-12,0.06933272257447243,0.20123351365327835,2.902432014509847,0.13713895343244076,higher,0.844,45,0.1927062293995038,0.01927062293995038,1.2056313713132796e-12,True,1.6839862837514374e-11
ANNet,acceleration,rad/s^2,J1,Joint 1,1.0,50,0.8902964553591677,0.3039586503273341,True,One-way ANOVA,0.6695742725216629,0.41518529555086936,462.0,0.09130577606126522,0.16613274067640305,0.16616426408290863,1.0001897483083542,0.00577111542224884,higher,0.0712,28,0.043318905159319854,0.043318905159319854,0.5244445838537297,False,0.10956693127351826
ANNet,acceleration,rad/s^2,J1,Joint 1,2.5,50,0.002556785997594969,0.3039586503273341,False,Kruskal-Wallis H-test,27.667437623762396,1.4406749428535863e-07,114.0,2.8573925447972215e-08,0.16613274067640305,0.21483449637889862,1.2931496555357376,0.04918907582759857,higher,0.6104,40,0.14024325892101303,0.05609730356840521,3.1432907844078247e-07,True,5.714785089594443e-08
ANNet,acceleration,rad/s^2,J1,Joint 1,5.0,50,0.00735749207105536,0.3039586503273341,False,Kruskal-Wallis H-test,63.17983366336631,1.886701448072873e-15,5.0,1.7763568394002505e-14,0.16613274067640305,0.36085857450962067,2.1721099227063787,0.1858912780880928,higher,0.9224,48,0.30878349034398,0.061756698068796,1.1320208688437238e-14,True,1.0658141036401503e-13
ANNet,acceleration,rad/s^2,J1,Joint 1,10.0,50,0.010025228531535728,0.3039586503273341,False,Kruskal-Wallis H-test,73.66455445544551,9.258663379581441e-18,0.0,1.7763568394002505e-15,0.16613274067640305,0.6883155405521393,4.143166107714164,0.5162378773093224,higher,0.996,50,0.6668175405707153,0.06668175405707152,1.5906741649660224e-16,True,1.4210854715202004e-14
ANNet,acceleration,rad/s^2,J2,Joint 2,1.0,50,0.8693210522640311,0.43136532552377393,True,One-way ANOVA,0.9546003657123577,0.3309567641935195,395.0,0.01855822259070905,0.38561052083969116,0.3826451599597931,0.9923099585731198,0.022263437509536743,lower,0.0816,28,0.12084913105979704,0.12084913105979704,0.4412756855913593,False,0.02474429678761207
ANNet,acceleration,rad/s^2,J2,Joint 2,2.5,50,0.0009086280059296053,0.43136532552377393,False,Kruskal-Wallis H-test,24.09238811881187,9.182254485805102e-07,133.0,1.2141019567479816e-07,0.38561052083969116,0.49122941493988037,1.2739004471926685,0.1053849458694458,higher,0.5696,37,0.3060957463643633,0.12243829854574532,1.6951854435332497e-06,True,2.241418997073197e-07
ANNet,acceleration,rad/s^2,J2,Joint 2,5.0,50,0.003163413450599773,0.43136532552377393,False,Kruskal-Wallis H-test,61.43852673267327,4.567843520801627e-15,10.0,7.638334409421077e-14,0.38561052083969116,0.7948567271232605,2.0612941923690515,0.4160831719636917,higher,0.9096,48,0.6901882170218023,0.13803764340436048,2.192564889984781e-14,True,3.6664005165221166e-13
ANNet,acceleration,rad/s^2,J2,Joint 2,10.0,50,0.0048995074020095055,0.43136532552377393,False,Kruskal-Wallis H-test,72.9562455445544,1.325561804138352e-17,0.0,1.7763568394002505e-15,0.38561052083969116,1.5367496609687805,3.9852378965760877,1.1726465374231339,higher,0.9912,50,1.4965907919860615,0.14965907919860616,1.5906741649660224e-16,True,1.4210854715202004e-14
analytical,angle,rad,J1,Joint 1,1.0,50,0.00020966706065460108,2.2408137631864614e-07,False,Kruskal-Wallis H-test,21.20668514851485,4.123238186565466e-06,12.0,1.2434497875801753e-13,0.007278503151610494,0.00520310690626502,0.7148594701252199,-0.0023939338279888034,lower,-0.5344,2,0.0,0.0,1.0995301830841242e-05,True,4.2632564145606006e-13
analytical,angle,rad,J1,Joint 1,2.5,50,0.003009572949470349,2.2408137631864614e-07,False,Kruskal-Wallis H-test,16.20860198019801,5.673590538656417e-05,86.0,2.5633326572460646e-09,0.007278503151610494,0.004895595135167241,0.6726101553015068,-0.0024092390667647123,lower,-0.4672,4,0.0,0.0,0.000136166172927754,True,6.151998377390555e-09
analytical,angle,rad,J1,Joint 1,5.0,50,0.00059844359593893,2.2408137631864614e-07,False,Kruskal-Wallis H-test,0.02737425742571986,0.8685884817192085,520.0,0.26120880915335754,0.007278503151610494,0.007779011037200689,1.068765222074466,0.00041346950456500053,higher,0.0192,28,0.0028319999885571033,0.0005663999977114206,0.9063531983156958,False,0.2985243533181229
analytical,angle,rad,J1,Joint 1,10.0,50,0.0009792702065869094,2.2408137631864614e-07,False,Kruskal-Wallis H-test,27.95828910891089,1.2395881341207294e-07,69.0,4.792291008470784e-10,0.007278503151610494,0.01669247355312109,2.293393738440244,0.007972815074026585,higher,0.6136,43,0.01428983849206172,0.001428983849206172,3.718764402362188e-07,True,1.2779442689255423e-09
analytical,angle,rad,J2,Joint 2,1.0,50,0.0005249088529613946,0.0004896890115836778,False,Kruskal-Wallis H-test,0.1768396039604454,0.674103421858778,403.0,0.022974872408266123,0.01184121798723936,0.010795987211167812,0.9117294540816716,-0.0005507147870957851,lower,-0.0488,18,0.0,0.0,0.735385551118667,False,0.032435113988140404
analytical,angle,rad,J2,Joint 2,2.5,50,0.0048861059275853635,0.0004896890115836778,False,Kruskal-Wallis H-test,0.18268514851484952,0.6690757495486754,592.0,0.6666519727454681,0.01184121798723936,0.011707541532814503,0.988710920230595,-0.0005875453352928162,lower,0.0496,23,0.0,0.0,0.735385551118667,False,0.6666519727454681
analytical,angle,rad,J2,Joint 2,5.0,50,0.0005862193878032191,0.0004896890115836778,False,Kruskal-Wallis H-test,11.976427722772257,0.0005387777053132707,138.0,1.7394549622906652e-07,0.01184121798723936,0.018204770050942898,1.5374068842040736,0.006772490683943033,higher,0.4016,39,0.013464842827044805,0.002692968565408961,0.0010775554106265415,True,2.981922792498283e-07
analytical,angle,rad,J2,Joint 2,10.0,50,0.0007845952458748528,0.0004896890115836778,False,Kruskal-Wallis H-test,41.54732673267324,1.1505169806214443e-10,6.0,2.4868995751603507e-14,0.01184121798723936,0.03890499658882618,3.2855569951293853,0.026000573532655835,higher,0.748,49,0.03650757807897549,0.0036507578078975493,6.903101883728667e-10,True,1.1937117960769684e-13
analytical,velocity,rad/s,J1,Joint 1,1.0,50,0.0004134342012183592,6.502494985665728e-05,False,Kruskal-Wallis H-test,2.7602851485148108,0.09663101235794631,116.0,3.348859145546612e-08,0.028509113006293774,0.026051873341202736,0.9138086244721619,-0.004008167423307896,lower,-0.1928,10,0.0,0.0,0.14494651853691948,False,7.306601772101699e-08
analytical,velocity,rad/s,J1,Joint 1,2.5,50,0.012804234275319586,6.502494985665728e-05,False,Kruskal-Wallis H-test,0.3935524752475317,0.5304379558539599,429.0,0.043975372036140215,0.028509113006293774,0.02797990944236517,0.9814373893775027,-0.003883710131049156,lower,-0.0728,18,0.0,0.0,0.6694710285737049,False,0.058633829381520286
analytical,velocity,rad/s,J1,Joint 1,5.0,50,0.00043481227766262165,6.502494985665728e-05,False,Kruskal-Wallis H-test,7.565988118811845,0.00594800351383495,209.0,1.367585375788849e-05,0.028509113006293774,0.04405407980084419,1.545263081005665,0.01501945685595274,higher,0.3192,35,0.03192279244779076,0.006384558489558152,0.009516805622135919,True,2.0513780636832735e-05
analytical,velocity,rad/s,J1,Joint 1,10.0,50,0.0008330894073539053,6.502494985665728e-05,False,Kruskal-Wallis H-test,39.0961900990099,4.03430501661606e-10,13.0,1.5631940186722204e-13,0.028509113006293774,0.0936235561966896,3.2839869895643874,0.055903203785419464,higher,0.7256,47,0.08504257124743617,0.008504257124743616,1.613722006646424e-09,True,4.689582056016661e-13
analytical,velocity,rad/s,J2,Joint 2,1.0,50,0.0019803233419315894,0.002551171535440679,False,Kruskal-Wallis H-test,4.7524752460503805e-05,0.994499571125058,551.0,0.40970358186013023,0.06604667007923126,0.06288514472544193,0.9521319492716789,-0.0018218234181404114,lower,0.0008,22,0.0,0.0,0.994499571125058,False,0.4275167810714402
analytical,velocity,rad/s,J2,Joint 2,2.5,50,0.014866831951942824,0.002551171535440679,False,Kruskal-Wallis H-test,0.44716039603957825,0.5036865307000566,546.0,0.3829036913273498,0.06604667007923126,0.06767221912741661,1.0246121272463138,-0.0025195609778165817,higher,0.0776,23,0.0,0.0,0.6694710285737049,False,0.4177131178116543
analytical,velocity,rad/s,J2,Joint 2,5.0,50,0.0004796681214493838,0.002551171535440679,False,Kruskal-Wallis H-test,12.801314851485131,0.00034637582633409626,121.0,4.945666454148068e-08,0.06604667007923126,0.10511058196425438,1.591459218733678,0.04211314767599106,higher,0.4152,41,0.07722796903930942,0.015445593807861886,0.0007557290756380282,True,9.891332908296135e-08
analytical,velocity,rad/s,J2,Joint 2,10.0,50,0.0007567613373737334,0.002551171535440679,False,Kruskal-Wallis H-test,44.34800792079204,2.7489158974685888e-11,5.0,1.7763568394002505e-14,0.06604667007923126,0.22190497815608978,3.3598208341145273,0.14812887273728848,higher,0.7728,49,0.20736686406280244,0.020736686406280243,2.199132717974871e-10,True,1.0658141036401503e-13
analytical,acceleration,rad/s^2,J1,Joint 1,1.0,50,0.00043840242224280914,0.00033127503564271617,False,Kruskal-Wallis H-test,0.44716039603957825,0.5036865307000566,492.0,0.16293225736063377,0.16462890803813934,0.15722179412841797,0.9550072098637417,0.00026573799550533295,lower,0.0776,26,0.00848872322047941,0.00848872322047941,0.6694710285737049,False,0.1955187088327605
analytical,acceleration,rad/s^2,J1,Joint 1,2.5,50,0.02204651954914694,0.00033127503564271617,False,Kruskal-Wallis H-test,10.14387326732674,0.001447816308575697,132.0,1.1287300338835848e-07,0.16462890803813934,0.22064954787492752,1.3402843431592826,0.053854700177907944,higher,0.3696,40,0.145549860922502,0.0582199443690008,0.002672891646601287,True,2.0838092933235413e-07
analytical,acceleration,rad/s^2,J1,Joint 1,5.0,50,0.003470894369929882,0.00033127503564271617,False,Kruskal-Wallis H-test,39.87592871287126,2.706177914568629e-10,5.0,1.7763568394002505e-14,0.16462890803813934,0.3741571754217148,2.272730712245472,0.20915258303284645,higher,0.7328,48,0.3301795032201079,0.06603590064402158,1.2989653989929418e-09,True,1.0658141036401503e-13
analytical,acceleration,rad/s^2,J1,Joint 1,10.0,50,0.005228505536814625,0.00033127503564271617,False,Kruskal-Wallis H-test,65.61386138613858,5.485161262958693e-16,0.0,1.7763568394002505e-15,0.16462890803813934,0.6997926533222198,4.250727661754884,0.5223617292940617,higher,0.94,50,0.6751832083355122,0.06751832083355122,1.2242171337050481e-14,True,2.1316282072803006e-14
analytical,acceleration,rad/s^2,J2,Joint 2,1.0,50,0.0009752590664569132,0.00188756670591802,False,Kruskal-Wallis H-test,0.34336633663366456,0.5578925238114207,479.0,0.12799334338745183,0.3862096071243286,0.3679414540529251,0.9526988642063412,0.0007526949048042297,lower,0.068,25,0.009800434457640133,0.009800434457640133,0.6694710285737049,False,0.16167580217362337
analytical,acceleration,rad/s^2,J2,Joint 2,2.5,50,0.01505345837046807,0.00188756670591802,False,Kruskal-Wallis H-test,8.264031683168298,0.00404382238375314,149.0,3.7312124412380854e-07,0.3862096071243286,0.4951457232236862,1.2820647495293633,0.11612095683813095,higher,0.3336,39,0.3103789855939427,0.12415159423757709,0.006932266943576812,True,5.969939905980936e-07
analytical,acceleration,rad/s^2,J2,Joint 2,5.0,50,0.0018067230966031808,0.00188756670591802,False,Kruskal-Wallis H-test,36.38613861386136,1.618501934133758e-09,9.0,5.861977570020827e-14,0.3862096071243286,0.8509736359119415,2.203398414265744,0.46079590171575546,higher,0.7,47,0.7432402877899504,0.1486480575579901,5.549149488458599e-09,True,2.3447910280083306e-13
analytical,acceleration,rad/s^2,J2,Joint 2,10.0,50,0.002703246364622823,0.00188756670591802,False,Kruskal-Wallis H-test,64.3910970297029,1.0201809447542067e-15,0.0,1.7763568394002505e-15,0.3862096071243286,1.6098581552505493,4.168353468049032,1.1617495864629745,higher,0.9312,50,1.552828891905826,0.15528288919058258,1.2242171337050481e-14,True,2.1316282072803006e-14
