quantity,unit,joint,joint_label,noise_percent,n_trajectories,shapiro_p_a,shapiro_p_b,both_normal,test_name,statistic,p_value,wilcoxon_paired_statistic,wilcoxon_paired_p_two_sided,median_annet,median_analytical,median_ratio_annet_over_analytical,median_paired_difference_annet_minus_analytical,cliffs_delta_annet_vs_analytical,n_annet_higher,fdr_q_value,significant_fdr_0_05,wilcoxon_paired_fdr_q_value
angle,rad,J1,Joint 1,0.0,50,0.7830232416474006,2.2408137631864614e-07,False,Kruskal-Wallis H-test,6.125037623762353,0.013328045127649018,493.0,0.16588679879439283,0.008051319047808647,0.007278503151610494,1.1061778610382487,0.0009211860597133636,0.2872,33,0.39984135382947056,False,0.45241854216652594
angle,rad,J1,Joint 1,1.0,50,0.772110590394908,0.00020966706065460108,False,Kruskal-Wallis H-test,0.905061386138641,0.3414281829845102,637.0,1.0,0.005687482189387083,0.00520310690626502,1.0930934712371239,0.0006193986628204584,0.1104,28,0.9889994036477454,False,1.0
angle,rad,J1,Joint 1,2.5,50,0.0006964244352284163,0.003009572949470349,False,Kruskal-Wallis H-test,0.544110891089133,0.46073401554194304,626.0,0.916185835362695,0.005454213358461857,0.004895595135167241,1.1141062951226934,0.000554927159100771,0.0856,28,0.9889994036477454,False,0.9556358861530502
angle,rad,J1,Joint 1,5.0,50,0.0005103849671201124,0.00059844359593893,False,Kruskal-Wallis H-test,0.0007603960395954346,0.9780008982660889,545.0,0.3776732059941086,0.007999344728887081,0.007779011037200689,1.0283241263745115,0.00023709610104560852,-0.0032,28,0.9889994036477454,False,0.593131441217822
angle,rad,J1,Joint 1,10.0,50,0.0033981785662181635,0.0009792702065869094,False,Kruskal-Wallis H-test,0.19466138613864814,0.6590649759798233,360.0,0.006730459669450184,0.01549413101747632,0.01669247355312109,0.9282106075033614,-0.0008432872127741575,-0.0512,18,0.9889994036477454,False,0.03365229834725092
angle,rad,J2,Joint 2,0.0,50,0.13354100309843864,0.0004896890115836778,False,Kruskal-Wallis H-test,0.37644356435646387,0.5395127531986798,607.0,0.7740531775538848,0.013102419208735228,0.01184121798723936,1.1065094167555225,0.0010384470224380493,0.0712,27,0.9889994036477454,False,0.893138281792944
angle,rad,J2,Joint 2,1.0,50,0.43875280093247027,0.0005249088529613946,False,Kruskal-Wallis H-test,0.7307405940593981,0.39264323842913595,627.0,0.9237813566146151,0.012178067583590746,0.010795987211167812,1.1280179705097513,0.0015957597643136978,0.0992,26,0.9889994036477454,False,0.9556358861530502
angle,rad,J2,Joint 2,2.5,50,0.00035006402673573545,0.0048861059275853635,False,Kruskal-Wallis H-test,0.2745029702970214,0.6003270119483388,622.0,0.8858855663449852,0.012272968888282776,0.011707541532814503,1.0482959939867362,0.0008723628707230091,0.0608,29,0.9889994036477454,False,0.9556358861530502
angle,rad,J2,Joint 2,5.0,50,0.0002047251391169026,0.0005862193878032191,False,Kruskal-Wallis H-test,0.01539801980197808,0.9012449993700454,505.0,0.20447619481721802,0.018846473656594753,0.018204770050942898,1.0352492013827232,0.00027877744287252426,-0.0144,27,0.9889994036477454,False,0.511190487043045
angle,rad,J2,Joint 2,10.0,50,0.0017190097912972752,0.0007845952458748528,False,Kruskal-Wallis H-test,0.22626534653466024,0.6343069521561899,346.0,0.004316904154682888,0.035585248842835426,0.03890499658882618,0.9146704013092187,-0.0020313868299126625,-0.0552,17,0.9889994036477454,False,0.025901424928097327
velocity,rad/s,J1,Joint 1,0.0,50,0.05291647517693898,6.502494985665728e-05,False,Kruskal-Wallis H-test,0.3935524752475317,0.5304379558539599,583.0,0.6051405400941228,0.03105334099382162,0.028509113006293774,1.0892426217177005,0.0004898235201835632,0.0728,25,0.9889994036477454,False,0.7261686481129473
velocity,rad/s,J1,Joint 1,1.0,50,0.6470910402810608,0.0004134342012183592,False,Kruskal-Wallis H-test,0.054938613861395424,0.814682317730308,564.0,0.4843032319103049,0.028340965509414673,0.026051873341202736,1.0878667011094203,0.0014294711872935295,0.0272,26,0.9889994036477454,False,0.6053790398878811
velocity,rad/s,J1,Joint 1,2.5,50,7.8006225953867e-05,0.012804234275319586,False,Kruskal-Wallis H-test,0.008031683168326254,0.9285894621382578,557.0,0.44326672141018975,0.028893953189253807,0.02797990944236517,1.0326678593714338,0.002232596278190613,-0.0104,26,0.9889994036477454,False,0.5932017221416298
velocity,rad/s,J1,Joint 1,5.0,50,0.0001514144693079206,0.00043481227766262165,False,Kruskal-Wallis H-test,0.09200792079207076,0.7616398530259314,480.0,0.13045894629165566,0.045354900881648064,0.04405407980084419,1.0295278232273721,-0.0005791205912828445,-0.0352,23,0.9889994036477454,False,0.391376838874967
velocity,rad/s,J1,Joint 1,10.0,50,0.0017416303804233659,0.0008330894073539053,False,Kruskal-Wallis H-test,0.2602455445544365,0.6099515125979189,333.0,0.002799360749817126,0.08430707827210426,0.0936235561966896,0.9004900229915134,-0.007511434145271778,-0.0592,17,0.9889994036477454,False,0.020995205623628443
velocity,rad/s,J2,Joint 2,0.0,50,0.18160841774496891,0.002551171535440679,False,Kruskal-Wallis H-test,0.00019009900989885864,0.9889994036477454,551.0,0.40970358186013023,0.06933272257447243,0.06604667007923126,1.0497534923607674,-0.0028216158971190453,-0.0016,25,0.9889994036477454,False,0.593131441217822
velocity,rad/s,J2,Joint 2,1.0,50,0.4996671720351199,0.0019803233419315894,False,Kruskal-Wallis H-test,0.0023287128712468075,0.9615116315345116,559.0,0.4547879869752496,0.0655183307826519,0.06288514472544193,1.0418729426274922,0.0036776158958673477,0.0056,26,0.9889994036477454,False,0.5932017221416298
velocity,rad/s,J2,Joint 2,2.5,50,9.555957405382556e-05,0.014866831951942824,False,Kruskal-Wallis H-test,0.0372594059405742,0.8469378568305292,552.0,0.4151920088524754,0.06826317682862282,0.06767221912741661,1.00873264847564,0.002798624336719513,-0.0224,26,0.9889994036477454,False,0.593131441217822
velocity,rad/s,J2,Joint 2,5.0,50,0.00011574095717801529,0.0004796681214493838,False,Kruskal-Wallis H-test,0.11410693069302624,0.7355160397406355,466.0,0.09908592454842413,0.1077558845281601,0.10511058196425438,1.0251668529892197,-0.0027897264808416367,-0.0392,23,0.9889994036477454,False,0.33028641516141377
velocity,rad/s,J2,Joint 2,10.0,50,0.0014815895894658277,0.0007567613373737334,False,Kruskal-Wallis H-test,0.2745029702970214,0.6003270119483388,322.0,0.001909205638362721,0.20123351365327835,0.22190497815608978,0.9068454224209834,-0.019457900896668434,-0.0608,18,0.9889994036477454,False,0.01909205638362721
acceleration,rad/s^2,J1,Joint 1,0.0,50,0.3039586503273341,0.00033127503564271617,False,Kruskal-Wallis H-test,0.0023287128712468075,0.9615116315345116,546.0,0.3829036913273498,0.16613274067640305,0.16462890803813934,1.0091346814856799,0.0003717169165611267,0.0056,25,0.9889994036477454,False,0.593131441217822
acceleration,rad/s^2,J1,Joint 1,1.0,50,0.8902964553591677,0.00043840242224280914,False,Kruskal-Wallis H-test,0.00931485148515776,0.9231127697975399,551.0,0.40970358186013023,0.16616426408290863,0.15722179412841797,1.0568780556414876,0.0075523704290390015,0.0112,26,0.9889994036477454,False,0.593131441217822
acceleration,rad/s^2,J1,Joint 1,2.5,50,0.002556785997594969,0.02204651954914694,False,Kruskal-Wallis H-test,0.6176316831683266,0.43192873114484875,532.0,0.31366564109611517,0.21483449637889862,0.22064954787492752,0.9736457583891126,0.0040212273597717285,-0.0912,26,0.9889994036477454,False,0.593131441217822
acceleration,rad/s^2,J1,Joint 1,5.0,50,0.00735749207105536,0.003470894369929882,False,Kruskal-Wallis H-test,0.5239603960395698,0.4691571617497958,444.0,0.06207125225267518,0.36085857450962067,0.3741571754217148,0.9644571806030309,-0.0076516419649124146,-0.084,22,0.9889994036477454,False,0.23276719594753192
acceleration,rad/s^2,J1,Joint 1,10.0,50,0.010025228531535728,0.005228505536814625,False,Kruskal-Wallis H-test,0.3680316831683399,0.544079129109516,299.0,0.0008156048825487261,0.6883155405521393,0.6997926533222198,0.983599266560468,-0.024514928460121155,-0.0704,16,0.9889994036477454,False,0.012234073238230891
acceleration,rad/s^2,J2,Joint 2,0.0,50,0.43136532552377393,0.00188756670591802,False,Kruskal-Wallis H-test,0.004752475247528309,0.9450388126218282,547.0,0.38817752503383396,0.38561052083969116,0.3862096071243286,0.9984488053285412,-0.012927889823913574,-0.008,25,0.9889994036477454,False,0.593131441217822
acceleration,rad/s^2,J2,Joint 2,1.0,50,0.8693210522640311,0.0009752590664569132,False,Kruskal-Wallis H-test,0.0030415841583817382,0.9560185171444976,549.0,0.3988547028530327,0.3826451599597931,0.3679414540529251,1.0399620802301688,0.017091073095798492,0.0064,26,0.9889994036477454,False,0.593131441217822
acceleration,rad/s^2,J2,Joint 2,2.5,50,0.0009086280059296053,0.01505345837046807,False,Kruskal-Wallis H-test,0.5543287128712677,0.4565543587568991,536.0,0.3325668996889135,0.49122941493988037,0.4951457232236862,0.9920905945459684,0.005202800035476685,-0.0864,25,0.9889994036477454,False,0.593131441217822
acceleration,rad/s^2,J2,Joint 2,5.0,50,0.003163413450599773,0.0018067230966031808,False,Kruskal-Wallis H-test,0.49444752475244513,0.4819500449000871,433.0,0.04830953815983641,0.7948567271232605,0.8509736359119415,0.9340556435352505,-0.021526619791984558,-0.0816,22,0.9889994036477454,False,0.2070408778278703
acceleration,rad/s^2,J2,Joint 2,10.0,50,0.0048995074020095055,0.002703246364622823,False,Kruskal-Wallis H-test,0.4022495049504755,0.5259297996740828,296.0,0.0007261627070427323,1.5367496609687805,1.6098581552505493,0.9545869963491345,-0.06678520143032074,-0.0736,17,0.9889994036477454,False,0.012234073238230891
