joint,joint_label,noise_percent,noise_target,n_trajectories,shapiro_p_noisy,shapiro_p_noise_free,both_normal,test_name,statistic,p_value,fdr_q_value,significant_fdr_0_05,wilcoxon_paired_statistic,wilcoxon_paired_p_two_sided,median_noise_free_annet_nm,median_annet_nm,median_ratio_noisy_over_noise_free,cliffs_delta_noisy_vs_noise_free,n_higher_than_noise_free
J1,Joint 1,1.0,angle,50,4.03314018254758e-11,3.408455138128036e-12,False,Kruskal-Wallis H-test,1.6797148514851301,0.1949623463490322,0.1949623463490322,False,1.0,3.552713678800501e-15,0.024235728196799755,0.027144653722643852,1.1200263306397458,0.1504,49
J1,Joint 1,1.0,velocity,50,4.598598363414277e-09,3.408455138128036e-12,False,Kruskal-Wallis H-test,4.508388118811865,0.033729011998262504,0.035504223156065794,True,0.0,1.7763568394002505e-15,0.024235728196799755,0.029827242717146873,1.230713699829554,0.2464,50
J1,Joint 1,1.0,acceleration,50,0.18745019493929468,3.408455138128036e-12,False,Kruskal-Wallis H-test,69.92644752475246,6.15575386043972e-17,1.7587868172684916e-16,True,0.0,1.7763568394002505e-15,0.024235728196799755,0.28090766072273254,11.590642477985268,0.9704,50
J1,Joint 1,1.0,all,50,0.25810882646839983,3.408455138128036e-12,False,Kruskal-Wallis H-test,69.92644752475246,6.15575386043972e-17,1.7587868172684916e-16,True,0.0,1.7763568394002505e-15,0.024235728196799755,0.2815987467765808,11.619157653936924,0.9704,50
J1,Joint 1,2.5,angle,50,6.10550010237973e-10,3.408455138128036e-12,False,Kruskal-Wallis H-test,12.120000000000005,0.0004988390374298422,0.000554265597144269,True,0.0,1.7763568394002505e-15,0.024235728196799755,0.03830338269472122,1.5804510755232455,0.404,50
J1,Joint 1,2.5,velocity,50,3.590323855006415e-06,3.408455138128036e-12,False,Kruskal-Wallis H-test,18.8027405940594,1.4495867860235708e-05,1.6566706125983667e-05,True,0.0,1.7763568394002505e-15,0.024235728196799755,0.045860324054956436,1.8922610322479245,0.5032,50
J1,Joint 1,2.5,acceleration,50,0.09231698303513966,3.408455138128036e-12,False,Kruskal-Wallis H-test,73.90141782178216,8.211730646555875e-18,3.28469225862235e-17,True,0.0,1.7763568394002505e-15,0.024235728196799755,0.7002487778663635,28.893242743943176,0.9976,50
J1,Joint 1,2.5,all,50,0.14165894649011435,3.408455138128036e-12,False,Kruskal-Wallis H-test,73.90141782178216,8.211730646555875e-18,3.28469225862235e-17,True,0.0,1.7763568394002505e-15,0.024235728196799755,0.7019637525081635,28.96400499329149,0.9976,50
J1,Joint 1,5.0,angle,50,1.797563788705064e-09,3.408455138128036e-12,False,Kruskal-Wallis H-test,27.667437623762396,1.4406749428535863e-07,1.8008436785669828e-07,True,0.0,1.7763568394002505e-15,0.024235728196799755,0.060042308643460274,2.4774295270149405,0.6104,50
J1,Joint 1,5.0,velocity,50,3.091657449460936e-05,3.408455138128036e-12,False,Kruskal-Wallis H-test,35.0676118811881,3.1845365559180736e-09,4.1090794269910625e-09,True,0.0,1.7763568394002505e-15,0.024235728196799755,0.08115603774785995,3.348611483379168,0.6872,50
J1,Joint 1,5.0,acceleration,50,0.08104528993352356,3.408455138128036e-12,False,Kruskal-Wallis H-test,74.13866138613866,7.28181385938443e-18,3.28469225862235e-17,True,0.0,1.7763568394002505e-15,0.024235728196799755,1.399902582168579,57.76193604751812,0.9992,50
J1,Joint 1,5.0,all,50,0.12693337379172193,3.408455138128036e-12,False,Kruskal-Wallis H-test,74.13866138613866,7.28181385938443e-18,3.28469225862235e-17,True,0.0,1.7763568394002505e-15,0.024235728196799755,1.4032706022262573,57.900905259845025,0.9992,50
J1,Joint 1,10.0,angle,50,3.2876962209052527e-09,3.408455138128036e-12,False,Kruskal-Wallis H-test,44.43987326732673,2.6229020778095934e-11,3.7470029682994196e-11,True,0.0,1.7763568394002505e-15,0.024235728196799755,0.10365279391407967,4.276859068248119,0.7736,50
J1,Joint 1,10.0,velocity,50,6.872668801330692e-05,3.408455138128036e-12,False,Kruskal-Wallis H-test,49.63884356435642,1.848180644158416e-12,2.738045398753209e-12,True,0.0,1.7763568394002505e-15,0.024235728196799755,0.1576712802052498,6.505737270401875,0.8176,50
J1,Joint 1,10.0,acceleration,50,0.07829169997056347,3.408455138128036e-12,False,Kruskal-Wallis H-test,74.13866138613866,7.28181385938443e-18,3.28469225862235e-17,True,0.0,1.7763568394002505e-15,0.024235728196799755,2.7994582653045654,115.50955855637234,0.9992,50
J1,Joint 1,10.0,all,50,0.124080806562293,3.408455138128036e-12,False,Kruskal-Wallis H-test,74.13866138613866,7.28181385938443e-18,3.28469225862235e-17,True,0.0,1.7763568394002505e-15,0.024235728196799755,2.805753231048584,115.7692976363332,0.9992,50
J1,Joint 1,25.0,angle,50,4.976818301955305e-09,3.408455138128036e-12,False,Kruskal-Wallis H-test,58.449790099009874,2.085458446298954e-14,3.475764077164923e-14,True,0.0,1.7763568394002505e-15,0.024235728196799755,0.24713724851608276,10.197228096852331,0.8872,50
J1,Joint 1,25.0,velocity,50,6.487032924971651e-05,3.408455138128036e-12,False,Kruskal-Wallis H-test,62.851485148514826,2.2289548462292247e-15,4.692536518377316e-15,True,1.0,3.552713678800501e-15,0.024235728196799755,0.4107030928134918,16.946183315743067,0.92,49
J1,Joint 1,25.0,acceleration,50,0.07746773484622128,3.408455138128036e-12,False,Kruskal-Wallis H-test,74.25742574257424,6.85664144747578e-18,3.28469225862235e-17,True,0.0,1.7763568394002505e-15,0.024235728196799755,6.997716903686523,288.7355744734977,1.0,50
J1,Joint 1,25.0,all,50,0.12974299518765245,3.408455138128036e-12,False,Kruskal-Wallis H-test,74.25742574257424,6.85664144747578e-18,3.28469225862235e-17,True,0.0,1.7763568394002505e-15,0.024235728196799755,7.006353139877319,289.0919176425854,1.0,50
J2,Joint 2,1.0,angle,50,6.314250562733037e-15,6.3105806123190696e-15,False,Kruskal-Wallis H-test,6.971358415841564,0.008282459804732831,0.008954010599711168,True,1.0,3.552713678800501e-15,0.02341310866177082,0.026635021902620792,1.137611510175526,0.3064,49
J2,Joint 2,1.0,velocity,50,6.375927629331014e-15,6.3105806123190696e-15,False,Kruskal-Wallis H-test,2.9702970297029765,0.08480628179936624,0.08698080184550383,False,3.0,8.881784197001252e-15,0.02341310866177082,0.024417308159172535,1.042890481221803,0.2,48
J2,Joint 2,1.0,acceleration,50,4.353798980630645e-12,6.3105806123190696e-15,False,Kruskal-Wallis H-test,61.22257425742572,5.097370381848918e-15,9.709276917807463e-15,True,0.0,1.7763568394002505e-15,0.02341310866177082,0.12857288867235184,5.4914915626854395,0.908,50
J2,Joint 2,1.0,all,50,4.482054132749893e-12,6.3105806123190696e-15,False,Kruskal-Wallis H-test,61.22257425742572,5.097370381848918e-15,9.709276917807463e-15,True,0.0,1.7763568394002505e-15,0.02341310866177082,0.12879277765750885,5.500883266637851,0.908,50
J2,Joint 2,2.5,angle,50,1.5198523260853817e-14,6.3105806123190696e-15,False,Kruskal-Wallis H-test,26.024554455445525,3.3710256533662435e-07,4.086091701049992e-07,True,1.0,3.552713678800501e-15,0.02341310866177082,0.031055419705808163,1.3264116335186105,0.592,49
J2,Joint 2,2.5,velocity,50,1.0441483534152443e-14,6.3105806123190696e-15,False,Kruskal-Wallis H-test,22.823714851485192,1.7756115019049978e-06,2.088954708123527e-06,True,3.0,8.881784197001252e-15,0.02341310866177082,0.030866308137774467,1.3183344673991675,0.5544,48
J2,Joint 2,2.5,acceleration,50,2.106258445501858e-05,6.3105806123190696e-15,False,Kruskal-Wallis H-test,65.39068514851488,6.142855827671829e-16,1.365079072815962e-15,True,0.0,1.7763568394002505e-15,0.02341310866177082,0.3179365545511246,13.579425062433288,0.9384,50
J2,Joint 2,2.5,all,50,1.7732575954037486e-05,6.3105806123190696e-15,False,Kruskal-Wallis H-test,65.39068514851488,6.142855827671829e-16,1.365079072815962e-15,True,0.0,1.7763568394002505e-15,0.02341310866177082,0.31848590075969696,13.602888252072406,0.9384,50
J2,Joint 2,5.0,angle,50,1.5595139456311186e-13,6.3105806123190696e-15,False,Kruskal-Wallis H-test,41.45850297029699,1.2039972952040213e-10,1.6606859244193398e-10,True,1.0,3.552713678800501e-15,0.02341310866177082,0.039343200623989105,1.6803920057070043,0.7472,49
J2,Joint 2,5.0,velocity,50,5.6372740506886017e-14,6.3105806123190696e-15,False,Kruskal-Wallis H-test,36.970645544554486,1.199211420916083e-09,1.598948561221444e-09,True,3.0,8.881784197001252e-15,0.02341310866177082,0.0426154900342226,1.820155138296763,0.7056,48
J2,Joint 2,5.0,acceleration,50,0.2633102006867015,6.3105806123190696e-15,False,Kruskal-Wallis H-test,67.98016633663366,1.651483807880984e-16,4.12870951970246e-16,True,0.0,1.7763568394002505e-15,0.02341310866177082,0.6348447501659393,27.114927767047046,0.9568,50
J2,Joint 2,5.0,all,50,0.2828356000713358,6.3105806123190696e-15,False,Kruskal-Wallis H-test,67.98016633663366,1.651483807880984e-16,4.12870951970246e-16,True,0.0,1.7763568394002505e-15,0.02341310866177082,0.6359294354915619,27.161255887814438,0.9568,50
J2,Joint 2,10.0,angle,50,5.03066761446277e-11,6.3105806123190696e-15,False,Kruskal-Wallis H-test,50.81137425742571,1.0168274581374197e-12,1.5643499355960302e-12,True,1.0,3.552713678800501e-15,0.02341310866177082,0.06697549670934677,2.860598209186339,0.8272,49
J2,Joint 2,10.0,velocity,50,1.2713469083455878e-12,6.3105806123190696e-15,False,Kruskal-Wallis H-test,51.10664554455445,8.748162356894099e-13,1.3997059771030558e-12,True,1.0,3.552713678800501e-15,0.02341310866177082,0.07474525272846222,3.192453159819272,0.8296,49
J2,Joint 2,10.0,acceleration,50,0.2013752551724582,6.3105806123190696e-15,False,Kruskal-Wallis H-test,72.25135841584165,1.8946023379338616e-17,6.315341126446205e-17,True,0.0,1.7763568394002505e-15,0.02341310866177082,1.269144356250763,54.20657182200823,0.9864,50
J2,Joint 2,10.0,all,50,0.2989527465801919,6.3105806123190696e-15,False,Kruskal-Wallis H-test,72.25135841584165,1.8946023379338616e-17,6.315341126446205e-17,True,0.0,1.7763568394002505e-15,0.02341310866177082,1.2712153196334839,54.29502497928172,0.9864,50
J2,Joint 2,25.0,angle,50,4.308562774979976e-06,6.3105806123190696e-15,False,Kruskal-Wallis H-test,59.8281504950495,1.035121540686917e-14,1.8820391648853037e-14,True,1.0,3.552713678800501e-15,0.02341310866177082,0.15894513577222824,6.788724131783303,0.8976,49
J2,Joint 2,25.0,velocity,50,4.617760365533298e-11,6.3105806123190696e-15,False,Kruskal-Wallis H-test,58.449790099009874,2.085458446298954e-14,3.475764077164923e-14,True,1.0,3.552713678800501e-15,0.02341310866177082,0.18676181137561798,7.976805390245538,0.8872,49
J2,Joint 2,25.0,acceleration,50,0.09502189190552346,6.3105806123190696e-15,False,Kruskal-Wallis H-test,73.90141782178216,8.211730646555875e-18,3.28469225862235e-17,True,0.0,1.7763568394002505e-15,0.02341310866177082,3.1722283363342285,135.48941245524895,0.9976,50
J2,Joint 2,25.0,all,50,0.2344735767432514,6.3105806123190696e-15,False,Kruskal-Wallis H-test,73.90141782178216,8.211730646555875e-18,3.28469225862235e-17,True,0.0,1.7763568394002505e-15,0.02341310866177082,3.1758962869644165,135.64607472010132,0.9976,50
