joint,joint_label,noise_percent,cutoff_hz,n_trajectories,white_noise_sd_fraction,median_unfiltered_annet_nm,median_filtered_annet_nm,median_filtered_analytical_nm,median_ratio_annet_over_analytical,median_filter_only_analytical_nm,reduction_factor_of_median_annet,n_filtered_lower_than_unfiltered,wilcoxon_filtered_vs_unfiltered_p_two_sided,median_analytical_over_first_order_prediction,lowest_median_annet_of_level
J1,Joint 1,0.0,1.0,50,0.014427564806411424,0.024235728196799755,0.4621443450450897,0.4553733617067337,1.0148690808636203,0.4553733617067337,0.05244190144625737,0,1.7763568394002505e-15,1.0,False
J1,Joint 1,0.0,2.0,50,0.020391968825319916,0.024235728196799755,0.2172541543841362,0.21601880341768265,1.0057187196063897,0.21601880341768265,0.11155472844927763,0,1.7763568394002505e-15,1.0,False
J1,Joint 1,0.0,5.0,50,0.032231433857527095,0.024235728196799755,0.03674383647739887,0.025296447798609734,1.4525294922798717,0.025296447798609734,0.6595862196291655,1,2.630606843467831e-11,1.0,False
J1,Joint 1,0.0,10.0,50,0.04557686893899354,0.024235728196799755,0.02516887243837118,0.005512853153049946,4.565489364512945,0.005512853153049946,0.962924670389731,4,2.2451841275028528e-08,1.0,False
J1,Joint 1,0.0,20.0,50,0.06445155101756168,0.024235728196799755,0.024437549524009228,0.0018139247549697757,13.47219583229979,0.0018139247549697757,0.9917413435004525,2,8.22989321136447e-09,1.0,False
J1,Joint 1,0.0,50.0,50,0.1019013925315478,0.024235728196799755,0.024255898781120777,0.0004679299454437569,51.836602930205565,0.0004679299454437569,0.9991684256063633,3,7.237197507947712e-10,1.0,False
J1,Joint 1,0.0,100.0,50,0.14409885845888412,0.024235728196799755,0.024238381534814835,0.000170107843587175,142.48832401660192,0.000170107843587175,0.9998905315517347,3,1.4978215599636162e-08,1.0,False
J1,Joint 1,0.0,200.0,50,0.20373029510370005,0.024235728196799755,0.024236089549958706,6.336704063869547e-05,382.4715389211152,6.336704063869547e-05,0.9999850902861946,8,1.947310069231013e-06,1.0,False
J1,Joint 1,0.0,500.0,50,0.32154368503450564,0.024235728196799755,0.02423575334250927,1.850029639172135e-05,1310.0197331624624,1.850029639172135e-05,0.9999989624539762,15,0.012297022417782183,1.0,False
J1,Joint 1,0.0,1000.0,50,0.4522411728257353,0.024235728196799755,0.024235731922090054,8.000925390660996e-06,3029.116100792414,8.000925390660996e-06,0.9999998462893421,16,0.09865618114647558,1.0,True
J1,Joint 1,1.0,1.0,50,0.014427564806411424,0.2815987467765808,0.4627762883901596,0.45599234104156494,1.014877327397866,0.4553733617067337,0.6084986500846155,8,5.318447904301138e-10,1.0002026243650974,False
J1,Joint 1,1.0,2.0,50,0.020391968825319916,0.2815987467765808,0.21686916798353195,0.2157389521598816,1.0052388120565858,0.21601880341768265,1.2984729429033643,37,0.01806109651468013,1.0005419873221042,False
J1,Joint 1,1.0,5.0,50,0.032231433857527095,0.2815987467765808,0.038093600422143936,0.027202308177947998,1.4003811798965333,0.025296447798609734,7.392284889219517,50,1.7763568394002505e-15,1.003823924513985,False
J1,Joint 1,1.0,10.0,50,0.04557686893899354,0.2815987467765808,0.029522131197154522,0.01563503872603178,1.888203266679553,0.005512853153049946,9.538564302692436,50,1.7763568394002505e-15,1.002955922714234,True
J1,Joint 1,1.0,20.0,50,0.06445155101756168,0.2815987467765808,0.03147386573255062,0.018708687275648117,1.682312888596845,0.0018139247549697757,8.947065770994513,50,1.7763568394002505e-15,1.0065006100404772,False
J1,Joint 1,1.0,50.0,50,0.1019013925315478,0.2815987467765808,0.037701597437262535,0.02844266500324011,1.3255297080272779,0.0004679299454437569,7.469146294004547,50,1.7763568394002505e-15,1.0045523347331315,False
J1,Joint 1,1.0,100.0,50,0.14409885845888412,0.2815987467765808,0.04736924357712269,0.04117915965616703,1.150320792668935,0.000170107843587175,5.944759204738092,50,1.7763568394002505e-15,1.0025256861693996,False
J1,Joint 1,1.0,200.0,50,0.20373029510370005,0.2815987467765808,0.06284717842936516,0.058305004611611366,1.0779036696422664,6.336704063869547e-05,4.480690363738026,50,1.7763568394002505e-15,1.0018978515595132,False
J1,Joint 1,1.0,500.0,50,0.32154368503450564,0.2815987467765808,0.09349795803427696,0.09047918021678925,1.033364336527527,1.850029639172135e-05,3.0118170781157048,50,1.7763568394002505e-15,1.000289528625752,False
J1,Joint 1,1.0,1000.0,50,0.4522411728257353,0.2815987467765808,0.12944339215755463,0.12724708020687103,1.0172602149071943,8.000925390660996e-06,2.175458647080472,50,1.7763568394002505e-15,1.0004243605479202,False
J1,Joint 1,2.5,1.0,50,0.014427564806411424,0.7019637525081635,0.46383528411388397,0.45703379809856415,1.0148818009600529,0.4553733617067337,1.5133901549753868,40,0.0006457255474483503,1.0005331472142673,False
J1,Joint 1,2.5,2.0,50,0.020391968825319916,0.7019637525081635,0.21671192348003387,0.21574663370847702,1.0044741823080363,0.21601880341768265,3.2391561167276377,47,7.94031507211912e-13,1.0014142184011512,False
J1,Joint 1,2.5,5.0,50,0.032231433857527095,0.7019637525081635,0.043120965361595154,0.0354510173201561,1.2163533974828478,0.025296447798609734,16.27894335439331,50,1.7763568394002505e-15,1.0043107472238129,False
J1,Joint 1,2.5,10.0,50,0.04557686893899354,0.7019637525081635,0.04225095920264721,0.03395063988864422,1.244481969742764,0.005512853153049946,16.614149495194948,50,1.7763568394002505e-15,1.004405205495837,True
J1,Joint 1,2.5,20.0,50,0.06445155101756168,0.7019637525081635,0.05337185971438885,0.046151263639330864,1.156455002651422,0.0018139247549697757,13.152319523145954,50,1.7763568394002505e-15,1.0058696328359278,False
J1,Joint 1,2.5,50.0,50,0.1019013925315478,0.7019637525081635,0.07505067437887192,0.07108661904931068,1.0557637341960444,0.0004679299454437569,9.353197134039059,50,1.7763568394002505e-15,1.0047536528342458,False
J1,Joint 1,2.5,100.0,50,0.14409885845888412,0.7019637525081635,0.10573416203260422,0.10294819623231888,1.0270618223751913,0.000170107843587175,6.638949408722847,50,1.7763568394002505e-15,1.0025584272729176,False
J1,Joint 1,2.5,200.0,50,0.20373029510370005,0.7019637525081635,0.14778511971235275,0.14576192200183868,1.0138801525304293,6.336704063869547e-05,4.7498946705490885,50,1.7763568394002505e-15,1.00190399436126,False
J1,Joint 1,2.5,500.0,50,0.32154368503450564,0.7019637525081635,0.2275754138827324,0.22619613260030746,1.0060977226558605,1.850029639172135e-05,3.0845324656637962,50,1.7763568394002505e-15,1.0002814280581505,False
J1,Joint 1,2.5,1000.0,50,0.4522411728257353,0.7019637525081635,0.319179967045784,0.3181164562702179,1.0033431491977352,8.000925390660996e-06,2.1992725890828604,50,1.7763568394002505e-15,1.0004326449323808,False
J1,Joint 1,5.0,1.0,50,0.014427564806411424,1.4032706022262573,0.46589308977127075,0.4590674787759781,1.0148684263444057,0.4553733617067337,3.0120013218379995,49,1.2434497875801753e-14,1.001153091538889,False
J1,Joint 1,5.0,2.0,50,0.020391968825319916,1.4032706022262573,0.21758757531642914,0.21691066026687622,1.0031207089993643,0.21601880341768265,6.449222112914929,50,1.7763568394002505e-15,1.0035610696742912,False
J1,Joint 1,5.0,5.0,50,0.032231433857527095,1.4032706022262573,0.06033528223633766,0.05597851797938347,1.0778292176037736,0.025296447798609734,23.25787748418156,50,1.7763568394002505e-15,0.991698377706311,True
J1,Joint 1,5.0,10.0,50,0.04557686893899354,1.4032706022262573,0.07075875252485275,0.06654630973935127,1.0633009223501766,0.005512853153049946,19.83176006011954,50,1.7763568394002505e-15,0.9987406642686245,False
J1,Joint 1,5.0,20.0,50,0.06445155101756168,1.4032706022262573,0.09703575074672699,0.09208835661411285,1.0537244263500727,0.0018139247549697757,14.461377290612548,50,1.7763568394002505e-15,1.0056472676080506,False
J1,Joint 1,5.0,50.0,50,0.1019013925315478,1.4032706022262573,0.1443658173084259,0.14216481894254684,1.0154820185630353,0.0004679299454437569,9.720241455969338,50,1.7763568394002505e-15,1.004845446416848,False
J1,Joint 1,5.0,100.0,50,0.14409885845888412,1.4032706022262573,0.20748235285282135,0.2058955430984497,1.0077068679122059,0.000170107843587175,6.763325087322845,50,1.7763568394002505e-15,1.0026042941027604,False
J1,Joint 1,5.0,200.0,50,0.20373029510370005,1.4032706022262573,0.2927287667989731,0.29152049124240875,1.0041447362805094,6.336704063869547e-05,4.793757093199971,50,1.7763568394002505e-15,1.0019206427324874,False
J1,Joint 1,5.0,500.0,50,0.32154368503450564,1.4032706022262573,0.45330551266670227,0.45238523185253143,1.002034285713533,1.850029639172135e-05,3.0956398345369935,50,1.7763568394002505e-15,1.0002883518937549,False
J1,Joint 1,5.0,1000.0,50,0.4522411728257353,1.4032706022262573,0.6370429694652557,0.6362260282039642,1.0012840425023126,8.000925390660996e-06,2.202787989959587,50,1.7763568394002505e-15,1.000456909826653,False
J1,Joint 1,10.0,1.0,50,0.014427564806411424,2.805753231048584,0.47108131647109985,0.464225709438324,1.0147678314522275,0.4553733617067337,5.9559849498312945,50,1.7763568394002505e-15,1.0036345599512182,False
J1,Joint 1,10.0,2.0,50,0.020391968825319916,2.805753231048584,0.22660262137651443,0.22448822855949402,1.0094187246725057,0.21601880341768265,12.381821595905766,50,1.7763568394002505e-15,1.00760539787438,False
J1,Joint 1,10.0,5.0,50,0.032231433857527095,2.805753231048584,0.10232096537947655,0.09951747581362724,1.0281708267108742,0.025296447798609734,27.42109811652891,50,1.7763568394002505e-15,0.9873121597854886,True
J1,Joint 1,10.0,10.0,50,0.04557686893899354,2.805753231048584,0.13481177389621735,0.132393017411232,1.018269517020466,0.005512853153049946,20.81237528413911,50,1.7763568394002505e-15,0.9999313598183035,False
J1,Joint 1,10.0,20.0,50,0.06445155101756168,2.805753231048584,0.1877637878060341,0.1840386465191841,1.0202410817363932,0.0018139247549697757,14.942994407137842,50,1.7763568394002505e-15,1.0056906448492768,False
J1,Joint 1,10.0,50.0,50,0.1019013925315478,2.805753231048584,0.2856784611940384,0.2843211889266968,1.0047737288679233,0.0004679299454437569,9.821367768929774,50,1.7763568394002505e-15,1.0049822136157607,False
J1,Joint 1,10.0,100.0,50,0.14409885845888412,2.805753231048584,0.4128479063510895,0.41178418695926666,1.0025831963089151,0.000170107843587175,6.796094125429685,50,1.7763568394002505e-15,1.002757829067241,False
J1,Joint 1,10.0,200.0,50,0.20373029510370005,2.805753231048584,0.5839481949806213,0.5830250084400177,1.0015834424376988,6.336704063869547e-05,4.804798191287661,50,1.7763568394002505e-15,1.0019798274389906,False
J1,Joint 1,10.0,500.0,50,0.32154368503450564,2.805753231048584,0.9056102633476257,0.9047357439994812,1.0009666019652088,1.850029639172135e-05,3.098190628579011,50,1.7763568394002505e-15,1.000379098201156,False
J1,Joint 1,10.0,1000.0,50,0.4522411728257353,2.805753231048584,1.273346722126007,1.272405982017517,1.000739339583266,8.000925390660996e-06,2.2034479551367108,50,1.7763568394002505e-15,1.0005460090388814,False
J1,Joint 1,25.0,1.0,50,0.014427564806411424,7.006353139877319,0.48156243562698364,0.47559744119644165,1.0125421079128099,0.4553733617067337,14.549210282058654,50,1.7763568394002505e-15,1.0050427755366946,False
J1,Joint 1,25.0,2.0,50,0.020391968825319916,7.006353139877319,0.2772875428199768,0.2783087491989136,0.996330670947729,0.21601880341768265,25.267464483343375,50,1.7763568394002505e-15,1.0093758053902229,False
J1,Joint 1,25.0,5.0,50,0.032231433857527095,7.006353139877319,0.24242039769887924,0.24082829803228378,1.006610932683592,0.025296447798609734,28.901665067723428,50,1.7763568394002505e-15,0.9925491001250135,True
J1,Joint 1,25.0,10.0,50,0.04557686893899354,7.006353139877319,0.33183035254478455,0.3304605931043625,1.0041450008533679,0.005512853153049946,21.11426241194053,50,1.7763568394002505e-15,1.0012298935418134,False
J1,Joint 1,25.0,20.0,50,0.06445155101756168,7.006353139877319,0.46304480731487274,0.45995190739631653,1.0067243985051926,0.0018139247549697757,15.131047857994798,50,1.7763568394002505e-15,1.0068602096339507,False
J1,Joint 1,25.0,50.0,50,0.1019013925315478,7.006353139877319,0.7117964625358582,0.7107722759246826,1.0014409490154117,0.0004679299454437569,9.84319747096855,50,1.7763568394002505e-15,1.0055151157402453,False
J1,Joint 1,25.0,100.0,50,0.14409885845888412,7.006353139877319,1.030414342880249,1.0293889045715332,1.0009961621930854,0.000170107843587175,6.7995493155626345,50,1.7763568394002505e-15,1.0037640003235806,False
J1,Joint 1,25.0,200.0,50,0.20373029510370005,7.006353139877319,1.458552062511444,1.4574061036109924,1.0007863003301636,6.336704063869547e-05,4.8036359619644,50,1.7763568394002505e-15,1.0023669430081328,False
J1,Joint 1,25.0,500.0,50,0.32154368503450564,7.006353139877319,2.262846827507019,2.2614495754241943,1.0006178568374944,1.850029639172135e-05,3.096256032316702,50,1.7763568394002505e-15,1.0012482688432236,False
J1,Joint 1,25.0,1000.0,50,0.4522411728257353,7.006353139877319,3.1819963455200195,3.180301785469055,1.0005328299530274,8.000925390660996e-06,2.201873408730236,50,1.7763568394002505e-15,1.0011746448165841,False
J2,Joint 2,0.0,1.0,50,0.014427564806411424,0.02341310866177082,0.48594361543655396,0.4827766865491867,1.0065598214984324,0.4827766865491867,0.04818071051460845,1,5.329070518200751e-15,1.0,False
J2,Joint 2,0.0,2.0,50,0.020391968825319916,0.02341310866177082,0.11258594691753387,0.11148497089743614,1.00987555552318,0.11148497089743614,0.20795764749325493,1,4.9604764740251994e-11,1.0,False
J2,Joint 2,0.0,5.0,50,0.032231433857527095,0.02341310866177082,0.03186511993408203,0.015497078653424978,2.0562017298040614,0.015497078653424978,0.7347566464587136,3,9.772863407420118e-09,1.0,False
J2,Joint 2,0.0,10.0,50,0.04557686893899354,0.02341310866177082,0.02346467226743698,0.00339041231200099,6.920890472341504,0.00339041231200099,0.9978025004961302,18,0.39349457563481494,1.0,False
J2,Joint 2,0.0,20.0,50,0.06445155101756168,0.02341310866177082,0.023420202545821667,0.0009716011991258711,24.104748498553032,0.0009716011991258711,0.9996971040691486,18,0.21866240175859453,1.0,False
J2,Joint 2,0.0,50.0,50,0.1019013925315478,0.02341310866177082,0.02341369353234768,0.00025262423150707036,92.68189909047733,0.00025262423150707036,0.9999750201489547,12,0.0029008504608866023,1.0,False
J2,Joint 2,0.0,100.0,50,0.14409885845888412,0.02341310866177082,0.023413226939737797,9.20357633731328e-05,254.39270650492173,9.20357633731328e-05,0.9999949482415526,12,0.00039815667916779583,1.0,False
J2,Joint 2,0.0,200.0,50,0.20373029510370005,0.02341310866177082,0.02341314684599638,3.432046651141718e-05,682.1919753977608,3.432046651141718e-05,0.9999983691117725,22,0.12509691537618936,1.0,False
J2,Joint 2,0.0,500.0,50,0.32154368503450564,0.02341310866177082,0.023413125425577164,1.0021930847869953e-05,2336.189081822826,1.0021930847869953e-05,0.9999992839996353,24,0.5152647481891193,1.0,False
J2,Joint 2,0.0,1000.0,50,0.4522411728257353,0.02341310866177082,0.023413115181028843,4.327703891249257e-06,5410.054793344536,4.327703891249257e-06,0.9999997215552919,26,0.2798492629264613,1.0,True
J2,Joint 2,1.0,1.0,50,0.014427564806411424,0.12879277765750885,0.4856911152601242,0.48253022134304047,1.0065506651755116,0.4827766865491867,0.2651742508992173,1,5.329070518200751e-15,0.9997087220593062,False
J2,Joint 2,1.0,2.0,50,0.020391968825319916,0.12879277765750885,0.11267530918121338,0.11156990006566048,1.0099077718533616,0.11148497089743614,1.1430434812508399,27,0.08226751834101265,0.9998108205257874,False
J2,Joint 2,1.0,5.0,50,0.032231433857527095,0.12879277765750885,0.03243592567741871,0.01578926434740424,2.054302528841452,0.015497078653424978,3.9706829685817167,50,1.7763568394002505e-15,1.0040030698345346,False
J2,Joint 2,1.0,10.0,50,0.04557686893899354,0.12879277765750885,0.024292741902172565,0.0072472430765628815,3.3519976693942737,0.00339041231200099,5.301697855934104,50,1.7763568394002505e-15,1.005200263618535,True
J2,Joint 2,1.0,20.0,50,0.06445155101756168,0.12879277765750885,0.0251635629683733,0.00836727861315012,3.007377204916534,0.0009716011991258711,5.118225023196493,50,1.7763568394002505e-15,1.0039909130021196,False
J2,Joint 2,1.0,50.0,50,0.1019013925315478,0.12879277765750885,0.028391516767442226,0.012848430313169956,2.2097264860704597,0.00025262423150707036,4.536311980527968,50,1.7763568394002505e-15,1.0033940869747346,False
J2,Joint 2,1.0,100.0,50,0.14409885845888412,0.12879277765750885,0.03198501467704773,0.01861438900232315,1.718295167950765,9.20357633731328e-05,4.026659951790794,50,1.7763568394002505e-15,1.0017350894416968,False
J2,Joint 2,1.0,200.0,50,0.20373029510370005,0.12879277765750885,0.03534375689923763,0.026357635855674744,1.3409304648098095,3.432046651141718e-05,3.6440036078984837,50,1.7763568394002505e-15,1.0012693464832072,False
J2,Joint 2,1.0,500.0,50,0.32154368503450564,0.12879277765750885,0.046197954565286636,0.04101059027016163,1.1264884085050397,1.0021930847869953e-05,2.787845887754614,50,1.7763568394002505e-15,1.0001398068806666,False
J2,Joint 2,1.0,1000.0,50,0.4522411728257353,0.12879277765750885,0.06131362356245518,0.0576758086681366,1.0630734961212311,4.327703891249257e-06,2.1005572689129712,50,1.7763568394002505e-15,1.0000917261590456,False
J2,Joint 2,2.5,1.0,50,0.014427564806411424,0.31848590075969696,0.48532263934612274,0.4821707308292389,1.0065369138260698,0.4827766865491867,0.6562354090647705,1,2.6343371928305714e-12,0.9992758382781046,False
J2,Joint 2,2.5,2.0,50,0.020391968825319916,0.31848590075969696,0.11323411762714386,0.1119278222322464,1.0116708729683577,0.11148497089743614,2.812631982600898,47,4.218847493575595e-12,0.9995331088290162,False
J2,Joint 2,2.5,5.0,50,0.032231433857527095,0.31848590075969696,0.03337382338941097,0.017923200502991676,1.8620459768800965,0.015497078653424978,9.542985142683648,50,1.7763568394002505e-15,1.0035711968191539,False
J2,Joint 2,2.5,10.0,50,0.04557686893899354,0.31848590075969696,0.029732663184404373,0.015083104372024536,1.971256211655684,0.00339041231200099,10.711650644425013,50,1.7763568394002505e-15,1.0045021721082814,True
J2,Joint 2,2.5,20.0,50,0.06445155101756168,0.31848590075969696,0.03348681330680847,0.020765382796525955,1.6126268239278887,0.0009716011991258711,9.510785569283867,50,1.7763568394002505e-15,1.0060065396009215,False
J2,Joint 2,2.5,50.0,50,0.1019013925315478,0.31848590075969696,0.0395028218626976,0.03212153539061546,1.2297924548849128,0.00025262423150707036,8.06235822510802,50,1.7763568394002505e-15,1.0033656872299619,False
J2,Joint 2,2.5,100.0,50,0.14409885845888412,0.31848590075969696,0.05112008564174175,0.04653599113225937,1.098506433363673,9.20357633731328e-05,6.2301519405053485,50,1.7763568394002505e-15,1.0017371721231707,False
J2,Joint 2,2.5,200.0,50,0.20373029510370005,0.31848590075969696,0.06922927126288414,0.06589384377002716,1.0506181959045793,3.432046651141718e-05,4.600451441274187,50,1.7763568394002505e-15,1.0012686825140689,False
J2,Joint 2,2.5,500.0,50,0.32154368503450564,0.31848590075969696,0.10473408550024033,0.10252639651298523,1.0215328838459223,1.0021930847869953e-05,3.0409001925067285,50,1.7763568394002505e-15,1.0001451781716544,False
J2,Joint 2,2.5,1000.0,50,0.4522411728257353,0.31848590075969696,0.14580269157886505,0.14418954402208328,1.0111876874826284,4.327703891249257e-06,2.1843622865317758,50,1.7763568394002505e-15,1.0000953710013731,False
J2,Joint 2,5.0,1.0,50,0.014427564806411424,0.6359294354915619,0.4847356975078583,0.4815988689661026,1.006513363597572,0.4827766865491867,1.311909642225705,46,2.6343371928305714e-12,0.9985653610186733,False
J2,Joint 2,5.0,2.0,50,0.020391968825319916,0.6359294354915619,0.11448984593153,0.11304318532347679,1.012797415464838,0.11148497089743614,5.554461448676207,50,1.7763568394002505e-15,0.9990875452728101,False
J2,Joint 2,5.0,5.0,50,0.032231433857527095,0.6359294354915619,0.036209555342793465,0.025293358601629734,1.4315835201284959,0.015497078653424978,17.562475691050608,50,1.7763568394002505e-15,1.0090916909768688,True
J2,Joint 2,5.0,10.0,50,0.04557686893899354,0.6359294354915619,0.03754827938973904,0.02939493115991354,1.2773725913991723,0.00339041231200099,16.936313616153203,50,1.7763568394002505e-15,1.0054973774055171,False
J2,Joint 2,5.0,20.0,50,0.06445155101756168,0.6359294354915619,0.046829598024487495,0.04147404804825783,1.1291301483278924,0.0009716011991258711,13.579647537419184,50,1.7763568394002505e-15,1.0058887846354194,False
J2,Joint 2,5.0,50.0,50,0.1019013925315478,0.6359294354915619,0.06784337386488914,0.06424413993954659,1.056024314882718,0.00025262423150707036,9.373493670259126,50,1.7763568394002505e-15,1.003373247424777,False
J2,Joint 2,5.0,100.0,50,0.14409885845888412,0.6359294354915619,0.09562542289495468,0.09307181462645531,1.0274369665913177,9.20357633731328e-05,6.65021305254917,50,1.7763568394002505e-15,1.0017554811393148,False
J2,Joint 2,5.0,200.0,50,0.20373029510370005,0.6359294354915619,0.13364789634943008,0.13178729265928268,1.0141182328933467,3.432046651141718e-05,4.758245006931407,50,1.7763568394002505e-15,1.0012763581603101,False
J2,Joint 2,5.0,500.0,50,0.32154368503450564,0.6359294354915619,0.2063193917274475,0.20505240559577942,1.0061788406138756,1.0021930847869953e-05,3.0822572234588534,50,1.7763568394002505e-15,1.000157902510459,False
J2,Joint 2,5.0,1000.0,50,0.4522411728257353,0.6359294354915619,0.28935113549232483,0.2883785367012024,1.0033726462525545,4.327703891249257e-06,2.197777570181439,50,1.7763568394002505e-15,1.0001059120325089,False
J2,Joint 2,10.0,1.0,50,0.014427564806411424,1.2712153196334839,0.4836641550064087,0.48055794835090637,1.0064637504512446,0.4827766865491867,2.6283016975211653,50,1.7763568394002505e-15,0.9971875217223187,False
J2,Joint 2,10.0,2.0,50,0.020391968825319916,1.2712153196334839,0.11785572022199631,0.11614400148391724,1.0147379005046258,0.11148497089743614,10.786199577237214,50,1.7763568394002505e-15,0.9982668663150305,False
J2,Joint 2,10.0,5.0,50,0.032231433857527095,1.2712153196334839,0.04953313618898392,0.044875599443912506,1.1037877332623178,0.015497078653424978,25.663937667572924,50,1.7763568394002505e-15,0.9982820918393932,True
J2,Joint 2,10.0,10.0,50,0.04557686893899354,1.2712153196334839,0.0635259822010994,0.05859970487654209,1.0840665893273012,0.00339041231200099,20.010951040619783,50,1.7763568394002505e-15,1.0047588521867636,False
J2,Joint 2,10.0,20.0,50,0.06445155101756168,1.2712153196334839,0.08534280210733414,0.08290726691484451,1.0293766190000113,0.0009716011991258711,14.895401700482003,50,1.7763568394002505e-15,1.0056098605689159,False
J2,Joint 2,10.0,50.0,50,0.1019013925315478,1.2712153196334839,0.1305789276957512,0.1284889429807663,1.0162658721170874,0.00025262423150707036,9.735225599305078,50,1.7763568394002505e-15,1.0034414295586669,False
J2,Joint 2,10.0,100.0,50,0.14409885845888412,1.2712153196334839,0.18765735626220703,0.18614239990711212,1.0081386957289198,9.20357633731328e-05,6.774129961935834,50,1.7763568394002505e-15,1.0018140536044498,False
J2,Joint 2,10.0,200.0,50,0.20373029510370005,1.2712153196334839,0.26473426818847656,0.263573095202446,1.0044055065071749,3.432046651141718e-05,4.801854056643876,50,1.7763568394002505e-15,1.0013943499616977,False
J2,Joint 2,10.0,500.0,50,0.32154368503450564,1.2712153196334839,0.41098107397556305,0.410102054476738,1.0021434164721428,1.0021930847869953e-05,3.0931237473701048,50,1.7763568394002505e-15,1.000198052259449,False
J2,Joint 2,10.0,1000.0,50,0.4522411728257353,1.2712153196334839,0.5775146186351776,0.5767509937286377,1.0013240114275368,4.327703891249257e-06,2.201182928732969,50,1.7763568394002505e-15,1.0001513529839743,False
J2,Joint 2,25.0,1.0,50,0.014427564806411424,3.1758962869644165,0.4812757670879364,0.4782641977071762,1.006296873977182,0.4827766865491867,6.598911692938265,50,1.7763568394002505e-15,0.9929211995671874,False
J2,Joint 2,25.0,2.0,50,0.020391968825319916,3.1758962869644165,0.1338929980993271,0.13154863566160202,1.0178212599920515,0.11148497089743614,23.71965922077876,50,1.7763568394002505e-15,0.9964476769673294,False
J2,Joint 2,25.0,5.0,50,0.032231433857527095,3.1758962869644165,0.10805080458521843,0.10714232921600342,1.0084791452254458,0.015497078653424978,29.39262043587675,50,1.7763568394002505e-15,0.9934182602725998,True
J2,Joint 2,25.0,10.0,50,0.04557686893899354,3.1758962869644165,0.148159958422184,0.1464194878935814,1.0118868775846803,0.00339041231200099,21.435591105625537,50,1.7763568394002505e-15,1.0044333743587877,False
J2,Joint 2,25.0,20.0,50,0.06445155101756168,3.1758962869644165,0.20720845460891724,0.20720995217561722,0.999992772708626,0.0009716011991258711,15.327059375827908,50,1.7763568394002505e-15,1.005526163686343,False
J2,Joint 2,25.0,50.0,50,0.1019013925315478,3.1758962869644165,0.32245972752571106,0.3212168514728546,1.0038692741279218,0.00025262423150707036,9.848970323623401,50,1.7763568394002505e-15,1.0039443642716703,False
J2,Joint 2,25.0,100.0,50,0.14409885845888412,3.1758962869644165,0.46635985374450684,0.46534349024295807,1.0021841145795725,9.20357633731328e-05,6.809969300454231,50,1.7763568394002505e-15,1.002133779803475,False
J2,Joint 2,25.0,200.0,50,0.20373029510370005,3.1758962869644165,0.659850537776947,0.6589156687259674,1.0014187992414678,3.432046651141718e-05,4.813054025331389,50,1.7763568394002505e-15,1.0022442668966012,False
J2,Joint 2,25.0,500.0,50,0.32154368503450564,3.1758962869644165,1.0261208415031433,1.0252084732055664,1.0008899344098514,1.0021930847869953e-05,3.095050951613176,50,1.7763568394002505e-15,1.0004334479919796,False
J2,Joint 2,25.0,1000.0,50,0.4522411728257353,3.1758962869644165,1.442710280418396,1.4417545199394226,1.0006629148483708,4.327703891249257e-06,2.2013403037811474,50,1.7763568394002505e-15,1.0003318405828614,False
