joint,joint_label,noise_percent,n_trajectories,shapiro_p_annet,shapiro_p_analytical,both_normal,test_name,statistic,p_value,fdr_q_value,significant_fdr_0_05,mann_whitney_u_annet_vs_analytical,mann_whitney_p_two_sided,wilcoxon_paired_statistic,wilcoxon_paired_p_two_sided,median_annet_nm,iqr_annet_nm,median_analytical_nm,iqr_analytical_nm,median_ratio_annet_over_analytical,cliffs_delta_annet_vs_analytical,n_annet_higher,median_clean_annet_nm,median_ratio_noisy_over_clean_annet,median_annet_percent_of_torque_sd,median_added_by_annet_nm,median_annet_angle_noise_only_nm,median_annet_velocity_noise_only_nm,median_annet_acceleration_noise_only_nm
J1,Joint 1,1.0,50,0.25810882646839983,0.11800218771646512,True,One-way ANOVA,0.011797328522880186,0.9137295413403078,0.9939345179128369,False,1286.0,0.8066650286783502,0.0,1.7763568394002505e-15,0.2815987467765808,0.18808868154883385,0.28047552704811096,0.1882748156785965,1.0040046978083659,0.0288,50,0.024235728196799755,11.619157653936924,2.8170988534968497,0.026970520147234944,0.027144653722643852,0.029827242717146873,0.28090766072273254
J1,Joint 1,2.5,50,0.14165894649011435,0.11791825236648341,True,One-way ANOVA,0.0005255386991498044,0.9817570061809456,0.9939345179128369,False,1275.0,0.8658764106823897,17.0,3.6770586575585185e-13,0.7019637525081635,0.4702559858560562,0.7011809051036835,0.47067174315452576,1.001116469942039,0.02,47,0.024235728196799755,28.96400499329149,7.026218339424467,0.034187832025163206,0.03830338269472122,0.045860324054956436,0.7002487778663635
J1,Joint 1,5.0,50,0.12693337379172193,0.11781035502492125,True,One-way ANOVA,0.00011015592060803069,0.9916472774817597,0.9939345179128369,False,1275.0,0.8658764106823897,94.0,5.310079487230723e-09,1.4032706022262573,0.9406631737947464,1.4023098945617676,0.9412561804056168,1.0006850894144121,0.02,47,0.024235728196799755,57.900905259845025,14.047212872800957,0.05052188701948535,0.060042308643460274,0.08115603774785995,1.399902582168579
J1,Joint 1,10.0,50,0.124080806562293,0.11771149235748271,True,One-way ANOVA,5.80864413630657e-05,0.9939345179128369,0.9939345179128369,False,1273.0,0.8767338520233376,120.0,4.578190981874286e-08,2.805753231048584,1.8808400928974152,2.804221034049988,1.8818913400173187,1.0005463895249311,0.0184,45,0.024235728196799755,115.7692976363332,28.087492003283472,0.08709565700132532,0.10365279391407967,0.1576712802052498,2.7994582653045654
J1,Joint 1,25.0,50,0.12974299518765245,0.11834595269369069,True,One-way ANOVA,8.612340499123002e-05,0.992614388055761,0.9939345179128369,False,1273.0,0.8767338520233376,125.0,6.710043898294771e-08,7.006353139877319,4.693267226219177,7.00380802154541,4.694856286048889,1.0003633906474991,0.0184,46,0.024235728196799755,289.0919176425854,70.13828841024969,0.20627846551548557,0.24713724851608276,0.4107030928134918,6.997716903686523
J2,Joint 2,1.0,50,4.482054132749893e-12,0.1073164793680491,False,Kruskal-Wallis H-test,0.23957227722775087,0.6245152094635043,0.9939345179128369,False,1321.0,0.6269570263068287,0.0,1.7763568394002505e-15,0.12879277765750885,0.0880181435495615,0.1270478218793869,0.09094529412686825,1.0137346374956238,0.0568,50,0.02341310866177082,5.500883266637851,3.8844433088330153,0.024007589432607463,0.026635021902620792,0.024417308159172535,0.12857288867235184
J2,Joint 2,2.5,50,1.7732575954037486e-05,0.10733484463359795,False,Kruskal-Wallis H-test,0.04567128712869817,0.8307744478348946,0.9939345179128369,False,1281.0,0.8334635772994906,0.0,1.7763568394002505e-15,0.31848590075969696,0.2261624038219452,0.31761811673641205,0.22736012563109398,1.002732161604009,0.0248,50,0.02341310866177082,13.602888252072406,8.402313084234049,0.027137432273877004,0.031055419705808163,0.030866308137774467,0.3179365545511246
J2,Joint 2,5.0,50,0.2828356000713358,0.10739010974942109,True,One-way ANOVA,0.04613640179364062,0.8303743810732016,0.9939345179128369,False,1279.0,0.8442392855727232,0.0,1.7763568394002505e-15,0.6359294354915619,0.45417115837335587,0.6352263987064362,0.4546961337327957,1.001106749950187,0.0232,50,0.02341310866177082,27.161255887814438,16.049631020586638,0.03649422926822339,0.039343200623989105,0.0426154900342226,0.6348447501659393
J2,Joint 2,10.0,50,0.2989527465801919,0.10759306124704672,True,One-way ANOVA,0.008154802348900965,0.9282299975317552,0.9939345179128369,False,1275.0,0.8658764106823897,7.0,3.375077994860476e-14,1.2712153196334839,0.9091854840517044,1.2703754901885986,0.9091928005218506,1.0006610875692827,0.02,47,0.02341310866177082,54.29502497928172,31.240998260819932,0.057837932248305204,0.06697549670934677,0.07474525272846222,1.269144356250763
J2,Joint 2,25.0,50,0.2344735767432514,0.10895287504923279,True,One-way ANOVA,0.00555535256103847,0.9407372302081267,0.9939345179128369,False,1274.0,0.8713020998815627,13.0,1.5631940186722204e-13,3.1758962869644165,2.271098792552948,3.174614429473877,2.269467830657959,1.000403783677992,0.0192,47,0.02341310866177082,135.64607472010132,76.536377258096,0.12768156129836772,0.15894513577222824,0.18676181137561798,3.1722283363342285
