joint,trajectory,clean_annet_nm,gain_first_order_nm_per_percent,gain_annet_jacobian_nm_per_percent,gain_fitted_analytical_nm_per_percent,exponent_analytical,exponent_annet,max_relative_deviation_analytical_from_proportional_law,max_relative_deviation_annet_from_quadrature_law
J1,0,0.01999855972826481,0.2152823257446289,0.21532201766967773,0.21620156364340168,0.99983056036595,0.9985460585612321,0.004788813788684454,0.005375532418584905
J2,0,0.02115752547979355,0.0970101547241211,0.09703059196472168,0.09740686166715448,0.9999189745251001,0.9931791655994481,0.004338935960296553,0.005539808081957753
J1,1,0.01992228627204895,0.14335854530334471,0.14312420845031737,0.14346602861146873,0.999915217560234,0.9973445058754683,0.0010076139386610006,0.0006340076652482374
J2,1,0.027572156861424446,0.06390229701995849,0.063861665725708,0.0639620813138023,0.9999475357955943,0.9774396569034429,0.0010943308562323395,0.0039897437208255004
J1,2,0.06231275945901871,0.48259899139404294,0.4827860641479492,0.4823070120284092,1.000089489932668,0.9981919757278741,0.0008730159639801505,0.0014213870973625031
J2,2,0.07677307724952698,0.22983686447143556,0.23057981491088866,0.2295909016271675,0.9998058997786438,0.9880086521230161,0.001176590577765091,0.01676209219573388
J1,3,0.040751535445451736,0.4270642852783203,0.42725017547607425,0.4260634447962351,0.9997741798452305,0.9984886396656729,0.002459528760184959,0.0015542706006279605
J2,3,0.019311856478452682,0.2033286476135254,0.20334743499755858,0.2026602590426473,0.9996186819640075,0.9990001719231693,0.0034887461179479162,0.00204655402031817
J1,4,0.03481863811612129,0.3799560546875,0.37998027801513673,0.38011681600622943,0.9995552931907522,0.9984407056616409,0.0017753571170404658,0.0018783391204184596
J2,4,0.02168036252260208,0.17715003967285156,0.177264461517334,0.17730290866519957,0.9997108571012507,0.9976838989452848,0.0017430594705032387,0.002437153922118407
J1,5,0.039645716547966,0.41203983306884767,0.41213134765625,0.4128002857130799,0.9996511434729889,0.9985195099611229,0.00290171625802893,0.0030817416456254687
J2,5,0.01834789291024208,0.1942949867248535,0.1943806838989258,0.19485718413287162,0.9997042968011938,0.9986131131066548,0.0037976439611715485,0.004494804586826273
J1,6,0.02122700773179531,0.12517399787902833,0.12540336608886718,0.12500634479538447,0.9999293498360149,0.9955699685917958,0.0013812103132504472,0.001979787227312624
J2,6,0.030431831255555153,0.0527318286895752,0.05284868717193603,0.05272717137331221,0.9999943024310873,0.9604250730154583,9.259706369646459e-05,0.0018814539895517512
J1,7,0.023906663060188293,0.27497713088989256,0.27513761520385743,0.27592560705000435,0.9996640719172355,0.9986053276915252,0.004471647887200003,0.005017019752759699
J2,7,0.019680915400385857,0.12534085273742676,0.12542141914367677,0.12583241107716503,0.9998366668788797,0.9962037066788053,0.004419287699762187,0.005735306802598483
J1,8,0.019975299015641212,0.18378477096557616,0.18414701461791994,0.18478206887265644,0.9998542238756933,0.9981719273132691,0.005871106177447016,0.007777372441947428
J2,8,0.030009351670742035,0.0797175121307373,0.07988954067230225,0.0802248772239874,0.9999795061562271,0.9814742934940959,0.006428993728546439,0.008720800931396822
J1,9,0.022473067045211792,0.25486251831054685,0.2550075912475586,0.2549336093925887,0.9996914646223068,0.9984149984752608,0.0012142472954923544,0.0023637175062829474
J2,9,0.019564392045140266,0.11573526382446289,0.11579976081848145,0.11585952074427776,0.9998374383745178,0.9962249484898558,0.001566194928492859,0.0018831518533437563
J1,10,0.03281322494149208,0.3674063491821289,0.3674481964111328,0.36758227346753397,0.9995178014597433,0.9983658686567259,0.0019425230110836633,0.0023356363561402027
J2,10,0.022590957581996918,0.17085521697998046,0.1709852409362793,0.17099944159472175,0.999688335722346,0.9972049970869588,0.0017901325547287072,0.0028623732516008804
J1,11,0.022120101377367973,0.28417890548706054,0.28431114196777346,0.2844768707096557,0.9996907510474444,0.9987153420776489,0.001989650892375794,0.002734633989784907
J2,11,0.02122405730187893,0.12797183990478517,0.12802650451660155,0.12815594348469833,0.9998846916335944,0.9961141831084193,0.001789720519389748,0.0021741117257718656
J1,12,0.04284350201487541,0.43363208770751954,0.433779296875,0.43284592796922633,0.9993270223800736,0.9980515943435679,0.0021119156043090115,0.0015321558557075399
J2,12,0.020506372675299644,0.20384862899780273,0.20396196365356445,0.20340676101452843,0.9995847639973374,0.9983749117456309,0.0023798743564819036,0.0005182182221862286
J1,13,0.04387354850769043,0.43030487060546874,0.4302613067626953,0.42885938915493227,0.9995780543113165,0.9981720652595967,0.003597104444395538,0.003331195596815273
J2,13,0.06186199188232422,0.19620378494262694,0.19653493881225587,0.19556706514087752,0.9999622436832142,0.9875101383637411,0.0032705245758880563,0.0017913339961141972
J1,14,0.028937095776200294,0.38186058044433596,0.3818671798706055,0.3805958509209055,0.9995696381824527,0.9988843296196623,0.0035405723295911518,0.0034410571567082826
J2,14,0.020038999617099762,0.17336578369140626,0.1733713912963867,0.17284079928648435,0.9998515331211315,0.9981503596544654,0.0031138606018465964,0.0028433107001363256
J1,15,0.015745053067803383,0.01883627414703369,0.01873416781425476,0.018846646662138603,0.9999982539808069,0.9250501793712897,0.0005559691366603392,0.0053988015554155
J2,15,0.028362322598695755,0.008134582042694093,0.008110979199409485,0.008132803969923991,0.9999984801534175,0.6092676959793178,0.00021937981019926056,0.0026167190005191854
J1,16,0.02290463075041771,0.26168121337890626,0.2618150901794434,0.26092937993074494,0.9997491719814167,0.998538537288584,0.00301320035406194,0.0025410210754454043
J2,16,0.02021964080631733,0.11903657913208007,0.11912041664123535,0.11867004900570552,0.9998811071849646,0.9958944979605067,0.00314727977894369,0.0025040585934750226
J1,17,0.0326138474047184,0.36566741943359377,0.3657136154174805,0.3629300595116954,0.9995709810523424,0.9986304633085786,0.007721981540937062,0.007529877987337286
J2,17,0.022674882784485817,0.1698330497741699,0.16996292114257813,0.16853880884230982,0.9996905224624159,0.9970433994142586,0.007785813862153823,0.006953290618440078
J1,18,0.033244539052248,0.3675265884399414,0.3675318908691406,0.3651507556851684,0.9996299796695803,0.99847484845947,0.006679337118969175,0.006503370724112556
J2,18,0.019452428445219994,0.17003124237060546,0.1700797462463379,0.16900392911268092,0.9997218294358025,0.9980968737366352,0.0061912378145621005,0.00565546264011596
J1,19,0.022420592606067657,0.2601210403442383,0.2603446006774902,0.2596331821805615,0.9997268359767583,0.9986774327960366,0.0020244417111984214,0.001445606198154703
J2,19,0.02491462603211403,0.11623611450195312,0.11634308815002442,0.11617159119294633,0.9999407150099346,0.9937753845399421,0.0005932767979626163,0.00039458926829927243
J1,20,0.03822358697652817,0.4011036682128906,0.40114078521728513,0.40035809947933526,0.9995215575538875,0.9983410225536142,0.002104769212450508,0.001784574701468311
J2,20,0.020532557740807533,0.18745363235473633,0.18755233764648438,0.18713015790188733,0.9996034589205347,0.9980583376979361,0.0019312230227832572,0.0009285990274734424
J1,21,0.032284002751111984,0.36681533813476563,0.3668593215942383,0.36663948261686663,0.9995308188791839,0.998640614882789,0.0009442976352360688,0.0009246503631197278
J2,21,0.02263159677386284,0.17004795074462892,0.17017518997192382,0.17019671780238965,0.9997234746084869,0.9974032507106291,0.001715971979976194,0.0023429736226072695
J1,22,0.018290551379323006,0.18885404586791993,0.18890121459960937,0.18881759284628072,0.9998532972339881,0.998525736039495,0.00027612281951094886,0.000692799752144202
J2,22,0.026517068967223167,0.0847370433807373,0.08478540420532227,0.08476183832813387,0.9999190991587342,0.9865802883885845,0.0005383315834439628,0.0021782790687876474
J1,23,0.0216140765696764,0.1877334213256836,0.18823049545288087,0.18834301769320191,0.9998465509171477,0.9976868059900772,0.0037136226842844344,0.0069528900801218985
J2,23,0.02911863476037979,0.081068115234375,0.08129819869995117,0.0814294931262033,0.9999656478510551,0.9833242127540731,0.004559670173004182,0.007200234587890764
J1,24,0.03516417741775513,0.4073186492919922,0.4073651885986328,0.4067973303456399,0.999347308038587,0.998386195277482,0.0016134690765183812,0.0014744464750687802
J2,24,0.030866079032421112,0.18610235214233398,0.18623212814331055,0.1861132918391223,0.9997827787145183,0.9957351333687837,0.0007117844829875875,0.0026534924114198777
J1,25,0.020918790251016617,0.20434097290039063,0.20470108032226564,0.20398744693798923,0.9998136373607467,0.9980768301979747,0.0018289327187233084,0.0011478600872310007
J2,25,0.02910853922367096,0.08933282852172851,0.08950146675109863,0.08923795086277243,0.9999620325886689,0.9852675640146441,0.001083565187815494,0.002618305037779489
J1,26,0.19115890562534332,0.48326229095458983,0.4847348022460938,0.4840106110873495,0.9994004173634553,0.9800269998128249,0.003361845874994218,0.0072570026384772834
J2,26,1.0313289165496826,0.2210347557067871,0.2609203147888184,0.22144906772328274,1.0000214544695722,0.5399119453136488,0.001903532328833668,0.07823979654781521
J1,27,0.022943321615457535,0.2656330680847168,0.2658369827270508,0.2651119570245677,0.9997914589325683,0.998434017399019,0.0020864772963655742,0.0015390436803721652
J2,27,0.024578982964158058,0.11897212982177735,0.11906967163085938,0.1187601172420285,0.9998770943919977,0.9944500165246121,0.0018479163186410075,0.0022302632248834
J1,28,0.026645107194781303,0.30801126480102536,0.3081565475463867,0.3072993616807496,0.9996164076994122,0.9983131676933193,0.002518165437988884,0.0021428074241000017
J2,28,0.02152847871184349,0.14095410346984863,0.1410690402984619,0.14085718250463566,0.9998082530760838,0.9967063361195087,0.0007923486897153387,0.0005752111973271745
J1,29,0.019814133644104004,0.14665520668029786,0.1466498565673828,0.14608033565689368,0.9998827374006249,0.9973304843407302,0.003982660065770971,0.003873977806672313
J2,29,0.02739572525024414,0.06494592189788818,0.06498287200927734,0.06469593146682455,0.9999398375384024,0.9765486502618592,0.0038814559049913377,0.003177242148129089
J1,30,0.0201091431081295,0.1656077766418457,0.16604167938232423,0.16659484632970004,0.9999088160376252,0.9980742381736794,0.006245294477460028,0.00863656922352618
J2,30,0.029914505779743195,0.07089637279510498,0.07109932899475098,0.07130088799068265,0.9999688154866035,0.9769103569374197,0.005797974844981235,0.0090748557410667
J1,31,0.019648779183626175,0.20657970428466796,0.20673818588256837,0.20631009267477676,0.999838336305761,0.9986360344210949,0.0013985212071656594,0.0007562122172390939
J2,31,0.02393529564142227,0.09242519378662109,0.09249972343444825,0.09227251248927981,0.9999151175882507,0.9911767831404221,0.0016986046718954206,0.0018058348687309822
J1,32,0.016693556681275368,0.16620384216308592,0.16595338821411132,0.16636224602188912,0.9998797142472589,0.9985990200823668,0.0013184766225515787,0.00016483043567583344
J2,32,0.023369746282696724,0.07492622375488281,0.0748779296875,0.07504606439792587,0.9999315446179362,0.9871971227529223,0.0018068523801184622,0.0013085546257605163
J1,33,0.03861410170793533,0.4054587936401367,0.4055200958251953,0.4045938456873171,0.9996563072140028,0.9985717755198974,0.0023153943428922963,0.0018505258591378082
J2,33,0.019190214574337006,0.19066434860229492,0.19075801849365234,0.19052402319472078,0.999630805331599,0.9981608281739209,0.0009319445398964232,0.0016877065521216927
J1,34,0.030772510915994644,0.3706062316894531,0.37061946868896484,0.36831219198680937,0.999635575744441,0.9987880796876496,0.006398002309777828,0.006236014282216429
J2,34,0.022211944684386253,0.17032474517822266,0.17040908813476563,0.16934409622470709,0.9997654971885827,0.9976494745303917,0.005887733397895278,0.005303164911433456
J1,35,0.023481648415327072,0.31658229827880857,0.3166526794433594,0.3155450909867386,0.9996918529700248,0.9988192057626357,0.0034489032734607017,0.003310260900747708
J2,35,0.020721174776554108,0.14316652297973634,0.14319772720336915,0.14285766706485567,0.9997964799607582,0.9970119255033632,0.00226390741653848,0.0021198266359473417
J1,36,0.019533026963472366,0.15843198776245118,0.15877960205078126,0.15818274955853412,0.9998822146008717,0.9977026159758896,0.0016374123130854512,0.0009555650368793245
J2,36,0.030268436297774315,0.06779362201690674,0.0679615831375122,0.06772542622625415,0.9999560050852362,0.9741770160225431,0.001027336101171561,0.0025145776401391817
J1,37,0.024564793333411217,0.30213653564453125,0.3024599647521973,0.30155334668649075,0.9997474823720491,0.9987410306729884,0.0020718838916772286,0.0015030717656423498
J2,37,0.02551594004034996,0.1344106388092041,0.1345887851715088,0.1342478072182815,0.999944397342919,0.9948261678846592,0.001235066581987354,0.00042271419565476087
J1,38,0.033517081290483475,0.3752001953125,0.3752211761474609,0.37570845517989393,0.9995902880269744,0.9986251760553349,0.0026026627833775073,0.0025892579072994693
J2,38,0.021752314642071724,0.17440078735351563,0.17449859619140626,0.17483137926279257,0.9996803728297821,0.9975008833861041,0.003441373464175612,0.004265773459118272
J1,39,0.024818837642669678,0.09025372505187988,0.09027603149414062,0.09021619516223443,0.999949800575115,0.9903889539299957,0.0004441138744746276,0.0020944918807108692
J2,39,0.03335515782237053,0.037259726524353026,0.0372856330871582,0.03726934821407328,0.9999532099476589,0.9152913773721989,0.00039895892349184336,0.005793294855523268
J1,40,0.023386474698781967,0.26555749893188474,0.2657350158691406,0.2649693014835044,0.999707614769108,0.9984674954309016,0.0023736500709156116,0.0018971114748117524
J2,40,0.023456471040844917,0.11957464218139649,0.11965888977050781,0.11945181586200075,0.9998413022991051,0.9944557206409647,0.0011093999111523312,0.0006139381768602847
J1,41,0.02742883376777172,0.25850452423095704,0.25903327941894533,0.2594299333329325,0.999825825392578,0.9980827899866505,0.004112247310242845,0.0060953619614101395
J2,41,0.02735772728919983,0.11378729820251465,0.11404949188232422,0.11431951818390623,1.0000281959402837,0.9922317298873216,0.004689533881972352,0.006764678967290161
J1,42,0.09090765565633774,0.4691476058959961,0.4695615386962891,0.4695978596014487,0.9994923235834137,0.9947160989693985,0.00250302416822068,0.0036929208212355125
J2,42,0.32322096824645996,0.2144596481323242,0.22151439666748046,0.2148172787291337,0.9999107239750833,0.8389526505676522,0.0019433269458484226,0.05846151485536488
J1,43,0.0205905232578516,0.2537089920043945,0.2540092468261719,0.25190631002827263,0.9997709166762434,0.9988061500024793,0.007232030773907883,0.006463001624753328
J2,43,0.02593127451837063,0.11248403549194336,0.11263045310974121,0.11172494781257375,0.9999487846291216,0.9921161616848222,0.0067786617261869075,0.005845753628838213
J1,44,0.03355123847723007,0.3727710723876953,0.37280521392822263,0.37407248269689086,0.9995626106855477,0.9984575987712965,0.004825776557848549,0.005000774107257744
J2,44,0.022378647699952126,0.17359325408935547,0.1737200164794922,0.17403793403833917,0.9998067340340707,0.997665482985888,0.0031793858582183088,0.0038597856549560383
J1,45,0.022692043334245682,0.25749399185180666,0.2576251411437988,0.25754943099420197,0.999744334989676,0.9985308213232723,0.0009938999715630725,0.0019564850121347455
J2,45,0.01942973956465721,0.11738611221313476,0.11746320724487305,0.1173084266077925,0.9998415542412553,0.9960453334732459,0.0007459687869501019,0.0005419227804097648
J1,46,0.035792674869298935,0.38428607940673826,0.38430591583251955,0.38386166198059213,0.9996944985029781,0.9986578824841,0.0012911674399078699,0.001036432244657437
J2,46,0.021026108413934708,0.17908063888549805,0.17918243408203124,0.1787161741684907,0.9996833877875486,0.9978137781121359,0.0022066287690584163,0.0013804904611780522
J1,47,0.015788404271006584,0.1264996910095215,0.12608518600463867,0.126250449030578,0.9999202496936813,0.9980490553582866,0.002012370806970254,0.0054780867539241385
J2,47,0.024649547412991524,0.05716927528381348,0.05707979202270508,0.05707828658726712,0.9999703781529566,0.9761203391469326,0.0016079383008100745,0.003040061573216568
J1,48,0.03766912966966629,0.39958538055419923,0.3996284103393555,0.40018029624615303,0.9997407823660968,0.9984967082643991,0.0022922911560605552,0.0027309032231139785
J2,48,0.020054655149579048,0.1874873924255371,0.18758806228637695,0.1876244701029405,0.9997979936438068,0.998053543763275,0.0013680805767071202,0.0029577107660510027
J1,49,0.019969545304775238,0.15285117149353028,0.1529214859008789,0.15315119544835562,0.9998715450291644,0.9973811745164003,0.0023520471583811098,0.003344828713228498
J2,49,0.030496902763843536,0.0668352222442627,0.06690608978271484,0.06694850536138951,0.9999270119058107,0.972879559826846,0.00191554252808257,0.005009558764251576
