group_key,group_label,label,point_label,candidate_count,bound,adam_steps,sample_count,rmse_q,rmse_dq,rmse_ddq,mean_total_ms,median_total_ms,p95_total_ms,mean_forward_ms,median_forward_ms,p95_forward_ms,rollout_wall_s,order_idx,combined_normalized_rmse,speedup_vs_baseline
baseline,Baseline setting,Baseline,baseline,512,30.0,15,10000,0.3805264395912862,3.492319154377416,49.11361942234385,2.2477688789367676,2.2012500762939453,2.508629322052002,0.7699149250984192,0.7586650252342224,0.8697920441627502,24.92149508399598,0,1.0,1.0
sampled_vectors,Sampled acceleration vectors,Vectors 16,16 vectors,16,30.0,15,10000,0.13649313054801368,1.3095753105023051,18.481105507299937,1.9784808158874512,1.9687919616699219,2.068669080734253,0.4968456029891968,0.49625101685523987,0.5080028176307678,22.014938000000257,1,0.3699919007547561,1.1361085034976832
sampled_vectors,Sampled acceleration vectors,Vectors 32,32 vectors,32,30.0,15,10000,0.1290017793111083,1.2972434542500852,18.68258793219289,1.974645733833313,1.9665000438690186,2.061458110809326,0.5067135095596313,0.5067059993743896,0.5165850520133972,21.97701183299796,2,0.3636200435447015,1.1383150103452986
sampled_vectors,Sampled acceleration vectors,Vectors 64,64 vectors,64,30.0,15,10000,0.2028833518239818,1.875200897171236,27.760588664663224,2.0130460262298584,2.0002501010894775,2.1049211025238037,0.5391798615455627,0.5376669764518738,0.5612967610359192,22.380735582999478,3,0.5451156503221669,1.1166008375608336
sampled_vectors,Sampled acceleration vectors,Vectors 128,128 vectors,128,30.0,15,10000,0.2723019804800028,2.4146529956722125,35.325272456414666,2.1827170848846436,2.1847920417785645,2.231750011444092,0.5860528945922852,0.583499014377594,0.6101689338684082,24.097357709004427,4,0.7087557116368712,1.029803126801274
sampled_vectors,Sampled acceleration vectors,Vectors 256,256 vectors,256,30.0,15,10000,0.36736599214525856,3.2354339961782057,46.75659412934915,2.214426040649414,2.2289578914642334,2.2826709747314453,0.6515639424324036,0.6489149928092957,0.6822500824928284,24.431885582998802,5,0.9479555656582508,1.0150571017840702
sampled_vectors,Sampled acceleration vectors,Vectors 384,384 vectors,384,30.0,15,10000,0.390020736965366,3.221557706321738,47.05112917381266,2.1767382621765137,2.1535000801086426,2.3157153129577637,0.7014464139938354,0.6958349943161011,0.749330997467041,24.091955916002917,6,0.9684752026584665,1.032631675564535
sampled_vectors,Sampled acceleration vectors,Vectors 768,768 vectors,768,30.0,15,10000,0.4433528339405419,4.10216650837368,55.565917665583,2.281944513320923,2.2692079544067383,2.3768022060394287,0.8232032060623169,0.8180829882621765,0.8669239282608032,25.177671791003377,7,1.157034712306966,0.9850234595168051
sampled_vectors,Sampled acceleration vectors,Vectors 1024,1024 vectors,1024,30.0,15,10000,0.4485912291043624,4.11279908224282,55.913081304790545,2.3145008087158203,2.2846250534057617,2.5251100063323975,0.8553252220153809,0.8377910256385803,0.9823170900344849,25.57010433400137,8,1.1649944858706622,0.9711678952421372
sampling_bound,Uniform sampling bound,Bound 5,bound +/-5,512,5.0,15,10000,0.0010569480725034024,0.0064831685814217745,0.05009212875736227,2.2207040786743164,2.1964170932769775,2.3586690425872803,0.7368214726448059,0.7329990267753601,0.7800449132919312,24.537369708996266,9,0.001884641835447885,1.0121874861771802
sampling_bound,Uniform sampling bound,Bound 10,bound +/-10,512,10.0,15,10000,0.0011631836446000532,0.006691149945529676,0.04686284223117342,2.2290608882904053,2.197000026702881,2.4064652919769287,0.7408165335655212,0.7347089648246765,0.7976771593093872,24.64109466700029,10,0.0019756362095201094,1.008392767889221
sampling_bound,Uniform sampling bound,Bound 15,bound +/-15,512,15.0,15,10000,0.0011967090054847264,0.00691082965498898,0.04337498482685587,2.22084641456604,2.1913750171661377,2.380298137664795,0.7399592995643616,0.7339560389518738,0.7993782758712769,24.54200329100422,11,0.0020022995964423117,1.0121226142402955
sampling_bound,Uniform sampling bound,Bound 20,bound +/-20,512,20.0,15,10000,0.0012562774315979799,0.007199728225041289,0.04309983296126604,2.2154598236083984,2.1877920627593994,2.359895706176758,0.7393537163734436,0.7329599857330322,0.7974662184715271,24.486328833001608,12,0.0020801875240043515,1.0145834535043594
sampling_bound,Uniform sampling bound,Bound 25,bound +/-25,512,25.0,15,10000,0.001170304356926564,0.0069905348086344386,0.04302696580496043,2.2165606021881104,2.1931660175323486,2.3546271324157715,0.741389811038971,0.7360870242118835,0.7926679253578186,24.494355084003473,13,0.001984415330286791,1.0140795955309543
sampling_bound,Uniform sampling bound,Bound 40,bound +/-40,512,40.0,15,10000,0.4919872737871366,7.1130571170453525,77.68984065172457,2.2129170894622803,2.194166898727417,2.3318004608154297,0.7459341287612915,0.7419580221176147,0.7869618535041809,24.458228541996505,14,1.6371743398671725,1.0157492522609404
sampling_bound,Uniform sampling bound,Bound 50,bound +/-50,512,50.0,15,10000,1.179815662798945,11.639272619106507,91.39582003898037,2.245925188064575,2.2093749046325684,2.4677770137786865,0.7553554177284241,0.7469189763069153,0.829928457736969,24.828273250001075,15,2.7647363322499245,1.0008209048466932
sampling_bound,Uniform sampling bound,Bound 60,bound +/-60,512,60.0,15,10000,1.7083997388278607,13.186906547788425,90.1271418111954,2.226050853729248,2.197999954223633,2.393752098083496,0.7472817301750183,0.7407919764518738,0.7974210977554321,24.63685912499932,16,3.366872489422851,1.0097563023644027
adam_refinement,Adam refinement steps,Adam 0,0 Adam steps,512,30.0,0,10000,0.40388894165149997,2.405840184499992,23.326230560114244,0.3071442246437073,0.30708301067352295,0.33683300018310547,0.25584501028060913,0.2551249861717224,0.28495898842811584,4.904156041993701,17,0.7417447199788124,7.318284696852819
adam_refinement,Adam refinement steps,Adam 1,1 Adam step,512,30.0,1,10000,0.47335317340182037,2.9629838334113976,27.396782483235313,0.46527931094169617,0.4570840001106262,0.553921103477478,0.2991209030151367,0.28983399271965027,0.3838401734828949,6.59493429199938,18,0.8833987279839236,4.831009731310477
adam_refinement,Adam refinement steps,Adam 2,2 Adam steps,512,30.0,2,10000,0.4442682280769641,2.807008420357241,30.25760733145992,0.5729814767837524,0.5688329935073853,0.6164590120315552,0.31202074885368347,0.30945900082588196,0.3470419943332672,7.71268929100188,19,0.8624498135207604,3.9229346322919487
adam_refinement,Adam refinement steps,Adam 4,4 Adam steps,512,30.0,4,10000,0.41493295842320066,2.8997574032751077,35.362685495411455,0.8148069977760315,0.8040409684181213,0.8830763101577759,0.370267778635025,0.3626669943332672,0.42374908924102783,10.194428416994924,20,0.8802534668044086,2.7586519078406573
adam_refinement,Adam refinement steps,Adam 6,6 Adam steps,512,30.0,6,10000,0.4537626062193817,3.1262886832757206,41.93309320337743,1.0739693641662598,1.0682920217514038,1.145641565322876,0.43867212533950806,0.4331659972667694,0.4922960698604584,12.845255790998635,21,0.9804825467558178,2.0929543746173316
adam_refinement,Adam refinement steps,Adam 8,8 Adam steps,512,30.0,8,10000,0.4286175199647025,3.0653264821911685,42.97419841884975,1.350711703300476,1.3443750143051147,1.4099222421646118,0.5283684730529785,0.5247099995613098,0.5654160976409912,15.623470124999585,22,0.9597032393616285,1.664136672129459
adam_refinement,Adam refinement steps,Adam 10,10 Adam steps,512,30.0,10,10000,0.420999532687732,3.2786237021013878,45.46826073435889,1.5961143970489502,1.5844579935073853,1.6832852363586426,0.590628981590271,0.5867090225219727,0.6318340301513672,18.162609125000017,23,0.9903158981042187,1.4082755491039107
adam_refinement,Adam refinement steps,Adam 20,20 Adam steps,512,30.0,20,10000,0.40794917458909014,3.660250454988335,53.916427635754324,2.85091495513916,2.814832925796509,3.0792770385742188,0.8984076380729675,0.8926199674606323,0.9510001540184021,31.040268083001138,24,1.0726469651700268,0.7884377171212561
adam_refinement,Adam refinement steps,Adam 30,30 Adam steps,512,30.0,30,10000,0.42726355177947195,4.344934128274547,62.58278456489988,4.049706935882568,4.01104211807251,4.2797980308532715,1.1975245475769043,1.1914210319519043,1.253920078277588,43.28343699999823,25,1.2137357695748612,0.5550448253478131
