group,label,candidate_count,bound,adam_steps,sample_count,rmse_q,rmse_dq,rmse_ddq,mean_total_ms,median_total_ms,p95_total_ms,mean_forward_ms,median_forward_ms,p95_forward_ms,rollout_wall_s,order_idx,error_score,speedup_vs_baseline
baseline,baseline,512,30.0,15,10000,0.1799364223961861,2.51330910777643,34.72901473621296,2.216968059539795,2.1984169483184814,2.348397970199585,0.7683204412460327,0.7626659870147705,0.8315156102180481,25.128235750002204,0,1.0,1.0
candidate_count,N=64,64,30.0,15,10000,0.08968715208376013,1.2813141762074294,18.37540194664555,2.00091552734375,2.008500099182129,2.0432522296905518,0.5548588633537292,0.5626670122146606,0.5778730511665344,22.780603999999585,1,0.5122969314292586,1.1079768382240796
candidate_count,N=128,128,30.0,15,10000,0.09073912115962765,1.2697803116478934,20.652061793220536,2.0423636436462402,2.0364999771118164,2.1260828971862793,0.5885934829711914,0.5799989700317383,0.6284571290016174,23.239639625000564,2,0.5331012589857779,1.0854913454989987
candidate_count,N=256,256,30.0,15,10000,0.14997282127270706,2.0290955814034977,29.668261509543246,2.1007421016693115,2.086750030517578,2.20369291305542,0.6531684398651123,0.6464589834213257,0.7077960968017578,23.855458375001035,3,0.831476358508951,1.0553261429749643
candidate_count,N=1024,1024,30.0,15,10000,0.21972356270285592,2.8898193104908474,39.41100627655292,2.42138671875,2.3975000381469727,2.61350417137146,0.9408636689186096,0.9279170036315918,1.076925277709961,27.330839291000302,4,1.1679810555597496,0.9155778556034483
bound,B=10,512,10.0,15,10000,0.0005371145542975582,0.004506877982293387,0.044764475696445385,2.2411718368530273,2.2346251010894775,2.323798179626465,0.7710331082344055,0.7635400295257568,0.8344231843948364,25.33120179099933,5,0.0019037339639410395,0.9892003919934945
bound,B=20,512,20.0,15,10000,0.000527248114409689,0.004873402849417863,0.04647805842217958,2.4702413082122803,2.295207977294922,3.0045228004455566,0.8414630889892578,0.8000829815864563,1.0137101411819458,27.962661334000586,6,0.0019664336269617647,0.8974702399192814
bound,B=40,512,40.0,15,10000,0.3719617028034625,3.625907897131157,61.187238239290174,2.5644001960754395,2.5613749027252197,3.056631088256836,0.8679685592651367,0.8560029864311218,1.0552481412887573,29.078388833000645,7,1.7384924111953808,0.8645171931169889
bound,B=60,512,60.0,15,10000,0.3152484365651948,5.723619272773028,75.26198646424028,2.33660888671875,2.302375078201294,2.601377248764038,0.7919609546661377,0.7810420393943787,0.8940514326095581,26.50772437499836,8,2.0524880422102183,0.9487972386568451
adam_steps,Adam=0,512,30.0,0,10000,0.10841554712493966,1.442513294903363,18.248349419559425,0.39398902654647827,0.381540983915329,0.5205860137939453,0.33043229579925537,0.31812500953674316,0.44950205087661743,6.307867667001119,9,0.5664033889901465,5.626979205417698
adam_steps,Adam=5,512,30.0,5,10000,0.1737191602364527,2.4118296656055365,29.052538922201112,1.0628025531768799,1.043375015258789,1.2085481882095337,0.46951600909233093,0.46033400297164917,0.5457940697669983,13.183380750000651,10,0.9185588777614939,2.085964183011169
adam_steps,Adam=10,512,30.0,10,10000,0.17968843640680449,2.504315562756589,32.536091678241554,1.6540799140930176,1.6321660280227661,1.8423609733581543,0.6144918203353882,0.6047080159187317,0.703900933265686,19.285989250001876,11,0.9768750975664213,1.3403028720987922
adam_steps,Adam=25,512,30.0,25,10000,0.18641009153651672,2.499163298995517,37.34639024061069,3.396512508392334,3.4093329906463623,3.617544174194336,1.033462643623352,1.0458769798278809,1.133377194404602,37.508923417000915,12,1.034709441812,0.6527189445238195
adam_steps,Adam=40,512,30.0,40,10000,0.19487656281168722,2.857140166840422,42.08522108010781,5.243443965911865,5.234541893005371,5.334290981292725,1.5204017162322998,1.515336036682129,1.566920280456543,56.85359637500005,13,1.1426707415139172,0.42280761918169013
