selection,group_key,group_label,label,point_label,candidate_count,bound,adam_steps,is_baseline,sample_count,random_uniform_vectors,rmse_q,rmse_dq,rmse_ddq,mean_total_ms,median_total_ms,p95_total_ms,mean_forward_ms,median_forward_ms,p95_forward_ms,rollout_wall_s,order_idx,sampled_acceleration_vectors,combined_normalized_rmse,speedup_vs_baseline,solver_time_x_combined_rmse
lowest combined normalized RMSE,grid_search,Full grid search,N1024_B10_A15,"N=1024, B=+/-10, A=15",1024,10.0,15,False,10000,1022,0.0010925222065438836,0.005845672651296727,0.04245043494139919,2.745882749557495,2.703624963760376,3.0674209594726562,0.9947076439857483,0.9705410003662109,1.2251659631729126,28.810197791000064,299,1024,0.8878807876847777,0.9263785649592904,2.438016538567152
lowest combined normalized RMSE,grid_search,Full grid search,N512_B15_A10,"N=512, B=+/-15, A=10",512,15.0,10,False,10000,510,0.001240371273972334,0.005839288749778151,0.04065908082063269,1.829785943031311,1.8074170351028442,1.9738210439682007,0.6521601676940918,0.6382520198822021,0.750586986541748,19.31416079199971,256,512,0.9139772379146116,1.3901773214343767,1.6723827021867406
lowest combined normalized RMSE,grid_search,Full grid search,N1024_B20_A10,"N=1024, B=+/-20, A=10",1024,20.0,10,False,10000,1022,0.0012427986240590582,0.005841793601424281,0.040763578219388114,2.1313388347625732,2.085124969482422,2.4990482330322266,0.8589840531349182,0.8290830254554749,1.101305365562439,22.510567999999694,310,1024,0.9155405229538399,1.1934878113197374,1.951327071370354
lowest combined normalized RMSE,grid_search,Full grid search,N512_B25_A10,"N=512, B=+/-25, A=10",512,25.0,10,False,10000,510,0.0012340878333549402,0.005853162853301923,0.04100998258434286,1.8375085592269897,1.8110419511795044,1.9908485412597656,0.6568938493728638,0.6410830020904541,0.7617192268371582,19.397159541000292,268,512,0.9155795497581137,1.3843347331952827,1.6823852593337276
lowest combined normalized RMSE,grid_search,Full grid search,N512_B10_A10,"N=512, B=+/-10, A=10",512,10.0,10,False,10000,510,0.001234267286432253,0.005851454545062318,0.04108844540476821,1.8379511833190918,1.8117090463638306,1.99755859375,0.6563852429389954,0.6391670107841492,0.7655060291290283,19.403780290999748,250,512,0.9161427647971597,1.3840013511609788,1.683825678648164
lowest combined normalized RMSE,grid_search,Full grid search,N256_B15_A10,"N=256, B=+/-15, A=10",256,15.0,10,False,10000,254,0.0012379738174287686,0.005859645485412996,0.04096898453166182,1.6694722175598145,1.66758394241333,1.6992151737213135,0.5275424718856812,0.5259159803390503,0.5451690554618835,17.606240125000113,208,256,0.9166201406714615,1.5236713102057988,1.5302718589067739
lowest combined normalized RMSE,grid_search,Full grid search,N1024_B25_A10,"N=1024, B=+/-25, A=10",1024,25.0,10,False,10000,1022,0.001250603959458321,0.005850257062356405,0.04059621763317256,2.0800764560699463,2.0472919940948486,2.4098432064056396,0.8369347453117371,0.8098750114440918,1.0710041522979736,21.96911083299983,316,1024,0.9167755652880802,1.222900684087165,1.9069632688559517
lowest combined normalized RMSE,grid_search,Full grid search,N1024_B15_A10,"N=1024, B=+/-15, A=10",1024,15.0,10,False,10000,1022,0.0012460573655230284,0.005851898377869036,0.04078908001519303,2.0337398052215576,1.9851670265197754,2.3596272468566895,0.8170239329338074,0.7887930274009705,1.0543341636657715,21.469950541999424,304,1024,0.917083132585384,1.2507632070487142,1.8651084714361748
lowest combined normalized RMSE,grid_search,Full grid search,N256_B10_A10,"N=256, B=+/-10, A=10",256,10.0,10,False,10000,254,0.0012396104887833787,0.005876499530401538,0.04100035790812565,1.6721136569976807,1.6668330430984497,1.7016249895095825,0.5293840765953064,0.5268769860267639,0.5464238524436951,17.634895250000227,202,256,0.9180820680809189,1.5212643652757818,1.535137564282779
lowest combined normalized RMSE,grid_search,Full grid search,N512_B20_A10,"N=512, B=+/-20, A=10",512,20.0,10,False,10000,510,0.0012405826925377807,0.005855769840725482,0.0411330608926678,1.8487392663955688,1.8144999742507935,2.023977518081665,0.6601711511611938,0.641040027141571,0.7730441689491272,19.517187082999953,262,512,0.9183874235468231,1.3759251871362967,1.6978588916748703
lowest angle RMSE,grid_search,Full grid search,N16_B20_A15,"N=16, B=+/-20, A=15",16,20.0,15,False,10000,14,0.0010351716875344982,0.006960471005435484,0.06416774002857432,2.222506523132324,2.1954169273376465,2.3858370780944824,0.5321563482284546,0.525501012802124,0.5701270699501038,23.330328333000125,23,16,1.088525325848525,1.1445306884843252,2.4192546372930854
lowest angle RMSE,grid_search,Full grid search,N256_B5_A15,"N=256, B=+/-5, A=15",256,5.0,15,False,10000,254,0.0010489325909267936,0.0068029954462453315,0.048204770099277566,2.3579418659210205,2.353874921798706,2.396756172180176,0.6877862215042114,0.6847909688949585,0.7093865275382996,24.6726545839997,197,256,0.9640897680778737,1.0787911940687114,2.2732676266569056
lowest angle RMSE,grid_search,Full grid search,N128_B5_A15,"N=128, B=+/-5, A=15",128,5.0,15,False,10000,126,0.001058174829598505,0.006490098135335793,0.04630094900663486,2.245431423187256,2.239000082015991,2.297960042953491,0.6087371110916138,0.6072090268135071,0.6290001273155212,23.506511083000078,149,128,0.9376542522629526,1.1328455168187122,2.105438322116384
lowest angle RMSE,grid_search,Full grid search,N512_B5_A15,"N=512, B=+/-5, A=15",512,5.0,15,False,10000,510,0.0010627210659627834,0.0066101809797666855,0.04930058392021589,2.543264865875244,2.5173330307006836,2.7085041999816895,0.8203706741333008,0.8047099709510803,0.9280478954315186,26.66740554200078,245,512,0.9671638884219647,1.0001816779732613,2.4597539369668677
lowest angle RMSE,grid_search,Full grid search,N1024_B5_A15,"N=1024, B=+/-5, A=15",1024,5.0,15,False,10000,1022,0.0010638880241924799,0.006407291409071966,0.05042558474646711,2.7853827476501465,2.7617499828338623,3.1226015090942383,0.9957128763198853,0.9740830063819885,1.2236918210983276,29.230820667000444,293,1024,0.9665806428409693,0.9132414291097073,2.692297046781824
lowest angle RMSE,grid_search,Full grid search,N16_B25_A15,"N=16, B=+/-25, A=15",16,25.0,15,False,10000,14,0.0010639025717887743,0.007553107287277279,0.08586924891411862,2.217726230621338,2.192167043685913,2.3782100677490234,0.5318232178688049,0.5253340005874634,0.5635859370231628,23.24516179200009,29,16,1.288080953676887,1.1469977159303697,2.8566109181329806
lowest angle RMSE,grid_search,Full grid search,N64_B5_A15,"N=64, B=+/-5, A=15",64,5.0,15,False,10000,62,0.0010772385695710352,0.006932765239791071,0.047461616872716716,2.2307703495025635,2.2260000705718994,2.281040906906128,0.5707290768623352,0.5690420269966125,0.5847500562667847,23.347325458999876,101,64,0.972135173676131,1.1402908065587143,2.168610321145238
lowest angle RMSE,grid_search,Full grid search,N16_B5_A15,"N=16, B=+/-5, A=15",16,5.0,15,False,10000,14,0.0010880406235170626,0.0070265742732025654,0.051552097275701134,2.201613187789917,2.1840829849243164,2.297933578491211,0.5299451351165771,0.5265840291976929,0.5517510175704956,23.06487762500001,5,16,1.0103742436618035,1.1553922983333216,2.2244532594490893
lowest angle RMSE,grid_search,Full grid search,N1024_B10_A15,"N=1024, B=+/-10, A=15",1024,10.0,15,False,10000,1022,0.0010925222065438836,0.005845672651296727,0.04245043494139919,2.745882749557495,2.703624963760376,3.0674209594726562,0.9947076439857483,0.9705410003662109,1.2251659631729126,28.810197791000064,299,1024,0.8878807876847777,0.9263785649592904,2.438016538567152
lowest angle RMSE,grid_search,Full grid search,N32_B5_A15,"N=32, B=+/-5, A=15",32,5.0,15,False,10000,30,0.0010942572836134534,0.006785549508521228,0.04703242484696414,2.230346918106079,2.2044169902801514,2.3925459384918213,0.5442941188812256,0.5384160280227661,0.5765053033828735,23.378801291999935,53,32,0.9666533447844392,1.1405072907857643,2.155972308416907
lowest velocity RMSE,grid_search,Full grid search,N512_B15_A10,"N=512, B=+/-15, A=10",512,15.0,10,False,10000,510,0.001240371273972334,0.005839288749778151,0.04065908082063269,1.829785943031311,1.8074170351028442,1.9738210439682007,0.6521601676940918,0.6382520198822021,0.750586986541748,19.31416079199971,256,512,0.9139772379146116,1.3901773214343767,1.6723827021867406
lowest velocity RMSE,grid_search,Full grid search,N1024_B20_A10,"N=1024, B=+/-20, A=10",1024,20.0,10,False,10000,1022,0.0012427986240590582,0.005841793601424281,0.040763578219388114,2.1313388347625732,2.085124969482422,2.4990482330322266,0.8589840531349182,0.8290830254554749,1.101305365562439,22.510567999999694,310,1024,0.9155405229538399,1.1934878113197374,1.951327071370354
lowest velocity RMSE,grid_search,Full grid search,N1024_B10_A15,"N=1024, B=+/-10, A=15",1024,10.0,15,False,10000,1022,0.0010925222065438836,0.005845672651296727,0.04245043494139919,2.745882749557495,2.703624963760376,3.0674209594726562,0.9947076439857483,0.9705410003662109,1.2251659631729126,28.810197791000064,299,1024,0.8878807876847777,0.9263785649592904,2.438016538567152
lowest velocity RMSE,grid_search,Full grid search,N1024_B25_A10,"N=1024, B=+/-25, A=10",1024,25.0,10,False,10000,1022,0.001250603959458321,0.005850257062356405,0.04059621763317256,2.0800764560699463,2.0472919940948486,2.4098432064056396,0.8369347453117371,0.8098750114440918,1.0710041522979736,21.96911083299983,316,1024,0.9167755652880802,1.222900684087165,1.9069632688559517
lowest velocity RMSE,grid_search,Full grid search,N512_B10_A10,"N=512, B=+/-10, A=10",512,10.0,10,False,10000,510,0.001234267286432253,0.005851454545062318,0.04108844540476821,1.8379511833190918,1.8117090463638306,1.99755859375,0.6563852429389954,0.6391670107841492,0.7655060291290283,19.403780290999748,250,512,0.9161427647971597,1.3840013511609788,1.683825678648164
lowest velocity RMSE,grid_search,Full grid search,N1024_B15_A10,"N=1024, B=+/-15, A=10",1024,15.0,10,False,10000,1022,0.0012460573655230284,0.005851898377869036,0.04078908001519303,2.0337398052215576,1.9851670265197754,2.3596272468566895,0.8170239329338074,0.7887930274009705,1.0543341636657715,21.469950541999424,304,1024,0.917083132585384,1.2507632070487142,1.8651084714361748
lowest velocity RMSE,grid_search,Full grid search,N512_B25_A10,"N=512, B=+/-25, A=10",512,25.0,10,False,10000,510,0.0012340878333549402,0.005853162853301923,0.04100998258434286,1.8375085592269897,1.8110419511795044,1.9908485412597656,0.6568938493728638,0.6410830020904541,0.7617192268371582,19.397159541000292,268,512,0.9155795497581137,1.3843347331952827,1.6823852593337276
lowest velocity RMSE,grid_search,Full grid search,N512_B20_A10,"N=512, B=+/-20, A=10",512,20.0,10,False,10000,510,0.0012405826925377807,0.005855769840725482,0.0411330608926678,1.8487392663955688,1.8144999742507935,2.023977518081665,0.6601711511611938,0.641040027141571,0.7730441689491272,19.517187082999953,262,512,0.9183874235468231,1.3759251871362967,1.6978588916748703
lowest velocity RMSE,grid_search,Full grid search,N256_B15_A10,"N=256, B=+/-15, A=10",256,15.0,10,False,10000,254,0.0012379738174287686,0.005859645485412996,0.04096898453166182,1.6694722175598145,1.66758394241333,1.6992151737213135,0.5275424718856812,0.5259159803390503,0.5451690554618835,17.606240125000113,208,256,0.9166201406714615,1.5236713102057988,1.5302718589067739
lowest velocity RMSE,grid_search,Full grid search,N256_B20_A10,"N=256, B=+/-20, A=10",256,20.0,10,False,10000,254,0.0012339483104675242,0.005871372963114644,0.04138430281277956,1.664899230003357,1.6615420579910278,1.6924580335617065,0.5244899392127991,0.5222899913787842,0.5421250462532043,17.558856083000137,214,256,0.9192206688899841,1.527856386284961,1.5304097838381052
lowest acceleration RMSE,grid_search,Full grid search,N1024_B25_A10,"N=1024, B=+/-25, A=10",1024,25.0,10,False,10000,1022,0.001250603959458321,0.005850257062356405,0.04059621763317256,2.0800764560699463,2.0472919940948486,2.4098432064056396,0.8369347453117371,0.8098750114440918,1.0710041522979736,21.96911083299983,316,1024,0.9167755652880802,1.222900684087165,1.9069632688559517
lowest acceleration RMSE,grid_search,Full grid search,N512_B15_A10,"N=512, B=+/-15, A=10",512,15.0,10,False,10000,510,0.001240371273972334,0.005839288749778151,0.04065908082063269,1.829785943031311,1.8074170351028442,1.9738210439682007,0.6521601676940918,0.6382520198822021,0.750586986541748,19.31416079199971,256,512,0.9139772379146116,1.3901773214343767,1.6723827021867406
lowest acceleration RMSE,grid_search,Full grid search,N1024_B20_A10,"N=1024, B=+/-20, A=10",1024,20.0,10,False,10000,1022,0.0012427986240590582,0.005841793601424281,0.040763578219388114,2.1313388347625732,2.085124969482422,2.4990482330322266,0.8589840531349182,0.8290830254554749,1.101305365562439,22.510567999999694,310,1024,0.9155405229538399,1.1934878113197374,1.951327071370354
lowest acceleration RMSE,grid_search,Full grid search,N1024_B15_A10,"N=1024, B=+/-15, A=10",1024,15.0,10,False,10000,1022,0.0012460573655230284,0.005851898377869036,0.04078908001519303,2.0337398052215576,1.9851670265197754,2.3596272468566895,0.8170239329338074,0.7887930274009705,1.0543341636657715,21.469950541999424,304,1024,0.917083132585384,1.2507632070487142,1.8651084714361748
lowest acceleration RMSE,grid_search,Full grid search,N256_B15_A10,"N=256, B=+/-15, A=10",256,15.0,10,False,10000,254,0.0012379738174287686,0.005859645485412996,0.04096898453166182,1.6694722175598145,1.66758394241333,1.6992151737213135,0.5275424718856812,0.5259159803390503,0.5451690554618835,17.606240125000113,208,256,0.9166201406714615,1.5236713102057988,1.5302718589067739
lowest acceleration RMSE,grid_search,Full grid search,N256_B10_A10,"N=256, B=+/-10, A=10",256,10.0,10,False,10000,254,0.0012396104887833787,0.005876499530401538,0.04100035790812565,1.6721136569976807,1.6668330430984497,1.7016249895095825,0.5293840765953064,0.5268769860267639,0.5464238524436951,17.634895250000227,202,256,0.9180820680809189,1.5212643652757818,1.535137564282779
lowest acceleration RMSE,grid_search,Full grid search,N512_B25_A10,"N=512, B=+/-25, A=10",512,25.0,10,False,10000,510,0.0012340878333549402,0.005853162853301923,0.04100998258434286,1.8375085592269897,1.8110419511795044,1.9908485412597656,0.6568938493728638,0.6410830020904541,0.7617192268371582,19.397159541000292,268,512,0.9155795497581137,1.3843347331952827,1.6823852593337276
lowest acceleration RMSE,grid_search,Full grid search,N512_B10_A10,"N=512, B=+/-10, A=10",512,10.0,10,False,10000,510,0.001234267286432253,0.005851454545062318,0.04108844540476821,1.8379511833190918,1.8117090463638306,1.99755859375,0.6563852429389954,0.6391670107841492,0.7655060291290283,19.403780290999748,250,512,0.9161427647971597,1.3840013511609788,1.683825678648164
lowest acceleration RMSE,grid_search,Full grid search,N512_B20_A10,"N=512, B=+/-20, A=10",512,20.0,10,False,10000,510,0.0012405826925377807,0.005855769840725482,0.0411330608926678,1.8487392663955688,1.8144999742507935,2.023977518081665,0.6601711511611938,0.641040027141571,0.7730441689491272,19.517187082999953,262,512,0.9183874235468231,1.3759251871362967,1.6978588916748703
lowest acceleration RMSE,grid_search,Full grid search,N128_B10_A10,"N=128, B=+/-10, A=10",128,10.0,10,False,10000,126,0.0012363588970223018,0.005884238896133683,0.04127413626920009,1.5712106227874756,1.5644170045852661,1.6073329448699951,0.44944605231285095,0.4485020041465759,0.4657500088214874,16.588848708000114,154,128,0.9196351455902055,1.6189598543884154,1.4449405098400376
fastest solver time,grid_search,Full grid search,N16_B30_A0,"N=16, B=+/-30, A=0",16,30.0,0,False,10000,14,0.08808778602803043,0.806480025099615,8.528180626561891,0.09479110687971115,0.09291700273752213,0.10266699641942978,0.0432158038020134,0.04029100015759468,0.05249999836087227,1.275230707999981,30,16,125.79197765309357,26.83507983833867,11.923960798324629
fastest solver time,grid_search,Full grid search,N16_B10_A0,"N=16, B=+/-10, A=0",16,10.0,0,False,10000,14,0.021834888348502376,0.15687506659591566,1.6210572928606577,0.09536255151033401,0.09425000101327896,0.1019589975476265,0.04448661953210831,0.04324999824166298,0.05233300104737282,1.2769298749999507,6,16,25.452610244332277,26.674274972664616,2.427225855497592
fastest solver time,grid_search,Full grid search,N16_B40_A0,"N=16, B=+/-40, A=0",16,40.0,0,False,10000,14,0.621779120651357,3.1866457468364566,37.96826130840719,0.09600017964839935,0.09412500262260437,0.10395900160074234,0.04410724341869354,0.04287499934434891,0.05283299833536148,1.2912654169999769,42,16,603.3422846106349,26.497105842905114,57.92096771209665
fastest solver time,grid_search,Full grid search,N16_B5_A0,"N=16, B=+/-5, A=0",16,5.0,0,False,10000,14,0.06113481902237537,0.3045405695479647,2.5666588453258594,0.09603630006313324,0.09462500363588333,0.10354200005531311,0.044826690107584,0.04349999874830246,0.05254104733467102,2.8621112079999875,0,16,50.084023143292974,26.487139960716146,4.809884274958193
fastest solver time,grid_search,Full grid search,N16_B35_A0,"N=16, B=+/-35, A=0",16,35.0,0,False,10000,14,0.531519279296776,2.8259153863175146,33.25761897437117,0.09700271487236023,0.09620899707078934,0.10416600108146667,0.04555267468094826,0.04408400133252144,0.05316600203514099,1.2972418750000543,36,16,526.5492480214614,26.22325493084058,51.076706572081505
fastest solver time,grid_search,Full grid search,N16_B15_A0,"N=16, B=+/-15, A=0",16,15.0,0,False,10000,14,0.02856204396500926,0.20137850820990366,1.9211404640263277,0.0984828844666481,0.09741699695587158,0.10679200291633606,0.045106031000614166,0.04383299872279167,0.05262500047683716,1.3413620830001491,12,16,31.60751402012662,25.82912690725456,3.11279915152209
fastest solver time,grid_search,Full grid search,N16_B20_A0,"N=16, B=+/-20, A=0",16,20.0,0,False,10000,14,0.036746891799616196,0.23779789857567532,2.2953534024306794,0.09882152080535889,0.09687499701976776,0.10566700249910355,0.045302730053663254,0.04374999925494194,0.052669040858745575,1.3453889160000472,18,16,38.34238105234263,25.740617027051478,3.789052406891076
fastest solver time,grid_search,Full grid search,N16_B25_A0,"N=16, B=+/-25, A=0",16,25.0,0,False,10000,14,0.054875578750326316,0.3146009056286344,2.912251764934546,0.09956115484237671,0.09758300334215164,0.10750000178813934,0.04500048980116844,0.04341699928045273,0.05249999836087227,1.3602711250000539,24,16,51.47570223886402,25.549391478119375,5.124980361223618
fastest solver time,grid_search,Full grid search,N32_B25_A0,"N=32, B=+/-25, A=0",32,25.0,0,False,10000,30,0.029637737604984546,0.21534026203334078,2.191128460209604,0.10078465193510056,0.09970899671316147,0.10887499898672104,0.05254548415541649,0.05037499964237213,0.05975000187754631,1.3242716670001755,72,32,34.5900384732631,25.239229111190014,3.4861449879495585
fastest solver time,grid_search,Full grid search,N32_B30_A0,"N=32, B=+/-30, A=0",32,30.0,0,False,10000,30,0.08846088739583323,0.7305238828851826,8.466451311525102,0.10161139816045761,0.10058300197124481,0.10962703824043274,0.05297376587986946,0.0507499985396862,0.06004200130701065,1.3366181659998801,78,32,121.90065206788029,25.033873828452467,12.386495693288794
best time-error product,grid_search,Full grid search,N64_B10_A10,"N=64, B=+/-10, A=10",64,10.0,10,False,10000,62,0.0012252001126107721,0.005891181898717036,0.041718193190740924,1.5474650859832764,1.5383340120315552,1.606085181236267,0.4111420810222626,0.40821000933647156,0.43171191215515137,16.332302917000106,106,64,0.9203035463105266,1.6438024638631707,1.4241376064221332
best time-error product,grid_search,Full grid search,N128_B10_A10,"N=128, B=+/-10, A=10",128,10.0,10,False,10000,126,0.0012363588970223018,0.005884238896133683,0.04127413626920009,1.5712106227874756,1.5644170045852661,1.6073329448699951,0.44944605231285095,0.4485020041465759,0.4657500088214874,16.588848708000114,154,128,0.9196351455902055,1.6189598543884154,1.4449405098400376
best time-error product,grid_search,Full grid search,N128_B15_A10,"N=128, B=+/-15, A=10",128,15.0,10,False,10000,126,0.0012274977319832489,0.0058722983629584564,0.042569629895675254,1.5641655921936035,1.559749960899353,1.591418981552124,0.44739004969596863,0.44670799374580383,0.4594629108905792,16.498802209000132,160,128,0.926493865210178,1.6262516793469364,1.4491898253402187
best time-error product,grid_search,Full grid search,N64_B15_A10,"N=64, B=+/-15, A=10",64,15.0,10,False,10000,62,0.00120320620944967,0.005986837767227422,0.04736046389773948,1.5466324090957642,1.5460419654846191,1.582293152809143,0.41200506687164307,0.4113770127296448,0.4217509925365448,16.324453749999975,112,64,0.9615134077273302,1.6446874552232669,1.4871077981711984
best time-error product,grid_search,Full grid search,N256_B25_A10,"N=256, B=+/-25, A=10",256,25.0,10,False,10000,254,0.0012377883830061989,0.00587548067706106,0.041679873794432346,1.6572167873382568,1.6543749570846558,1.6851249933242798,0.5259939432144165,0.5237510204315186,0.5426660776138306,17.48762987500004,220,256,0.9226866112405446,1.5349391464753122,1.5290917416000784
best time-error product,grid_search,Full grid search,N256_B15_A10,"N=256, B=+/-15, A=10",256,15.0,10,False,10000,254,0.0012379738174287686,0.005859645485412996,0.04096898453166182,1.6694722175598145,1.66758394241333,1.6992151737213135,0.5275424718856812,0.5259159803390503,0.5451690554618835,17.606240125000113,208,256,0.9166201406714615,1.5236713102057988,1.5302718589067739
best time-error product,grid_search,Full grid search,N256_B20_A10,"N=256, B=+/-20, A=10",256,20.0,10,False,10000,254,0.0012339483104675242,0.005871372963114644,0.04138430281277956,1.664899230003357,1.6615420579910278,1.6924580335617065,0.5244899392127991,0.5222899913787842,0.5421250462532043,17.558856083000137,214,256,0.9192206688899841,1.527856386284961,1.5304097838381052
best time-error product,grid_search,Full grid search,N256_B10_A10,"N=256, B=+/-10, A=10",256,10.0,10,False,10000,254,0.0012396104887833787,0.005876499530401538,0.04100035790812565,1.6721136569976807,1.6668330430984497,1.7016249895095825,0.5293840765953064,0.5268769860267639,0.5464238524436951,17.634895250000227,202,256,0.9180820680809189,1.5212643652757818,1.535137564282779
best time-error product,grid_search,Full grid search,N128_B20_A10,"N=128, B=+/-20, A=10",128,20.0,10,False,10000,126,0.0012185015522880086,0.006015197027382764,0.04999618711483304,1.5745232105255127,1.5693750381469727,1.6104999780654907,0.45032840967178345,0.4494990110397339,0.46595901250839233,16.622942290999617,166,128,0.9869163246492282,1.6155537778528835,1.553922660006742
best time-error product,grid_search,Full grid search,N32_B15_A10,"N=32, B=+/-15, A=10",32,15.0,10,False,10000,30,0.0011879382313004178,0.006104212566007643,0.0554985868775881,1.551008701324463,1.5220409631729126,1.7009211778640747,0.38707318902015686,0.37996000051498413,0.4225830137729645,16.409838707999825,64,32,1.0244433944182123,1.6400468410714664,1.588920618757016
