selection,group_key,group_label,label,point_label,candidate_count,bound,adam_steps,sample_count,random_uniform_vectors,mean_abs_angle_error_rad,mean_abs_angle_error_deg,mean_abs_angle_error_joint1_rad,mean_abs_angle_error_joint2_rad,rmse_q,rmse_dq,rmse_ddq,mean_total_ms,median_total_ms,p95_total_ms,mean_forward_ms,median_forward_ms,p95_forward_ms,rollout_wall_s,order_idx,sampled_acceleration_vectors,mean_solver_call_ms,mean_network_forward_ms,mean_update_ms,real_time_factor,runs_faster_than_real_time,time_angle_error_product
lowest mean absolute angular error,grid_search,Full grid search,N16_B20_A15,"N=16, B=+/-20, A=15",16,20.0,15,10000,14,0.0007119382188102464,0.04079105521188843,0.0007709139513375704,0.0006529624862829223,0.0010351716875344982,0.006960471005435484,0.06416774002857432,2.253782033920288,2.2179999351501465,2.4308393001556396,0.5411567091941833,0.5329980254173279,0.5874580144882202,23.66197312499935,23,16,2.253782033920288,0.5411567091941833,2.366197312499935,0.8452380490141627,False,0.0016845863000147956
lowest mean absolute angular error,grid_search,Full grid search,N256_B5_A15,"N=256, B=+/-5, A=15",256,5.0,15,10000,254,0.0007168589842272922,0.041072994302259094,0.0006866642816923559,0.0007470536867622286,0.0010489325909267936,0.0068029954462453315,0.048204770099277566,2.339297294616699,2.335582971572876,2.3831722736358643,0.6825585961341858,0.6805850267410278,0.705543041229248,24.476083584000662,197,256,2.339297294616699,0.6825585961341858,2.4476083584000663,0.817124191105208,False,0.0017545900415889017
lowest mean absolute angular error,grid_search,Full grid search,N16_B25_A15,"N=16, B=+/-25, A=15",16,25.0,15,10000,14,0.0007202569465880515,0.04126768320447491,0.0007070342063147109,0.0007334796868613921,0.0010639025717887743,0.007553107287277279,0.08586924891411862,2.257587194442749,2.2196669578552246,2.450558662414551,0.5424442291259766,0.5338749885559082,0.5910010933876038,23.706604166000034,29,16,2.257587194442749,0.5424442291259766,2.3706604166000034,0.8436467686369,False,0.0017074846330574764
lowest mean absolute angular error,grid_search,Full grid search,N128_B5_A15,"N=128, B=+/-5, A=15",128,5.0,15,10000,126,0.0007260734200099251,0.04160094258319828,0.0007576224857999478,0.0006945243542199023,0.001058174829598505,0.006490098135335793,0.04630094900663486,2.3409860134124756,2.3127920627593994,2.5145461559295654,0.6282868385314941,0.6216260194778442,0.6800965666770935,24.57350820799911,149,128,2.3409860134124756,0.6282868385314941,2.457350820799911,0.8138846041319264,False,0.001784217114622388
lowest mean absolute angular error,grid_search,Full grid search,N64_B5_A15,"N=64, B=+/-5, A=15",64,5.0,15,10000,62,0.0007328541968250647,0.04198945247652595,0.0006964180573122576,0.0007692903363378719,0.0010772385695710352,0.006932765239791071,0.047461616872716716,2.289475679397583,2.256624937057495,2.4812982082366943,0.5785863995552063,0.5721660256385803,0.6318780779838562,24.034265125001184,101,64,2.289475679397583,0.5785863995552063,2.4034265125001184,0.8321452682651562,False,0.0017613612064463406
lowest mean absolute angular error,grid_search,Full grid search,N512_B5_A15,"N=512, B=+/-5, A=15",512,5.0,15,10000,510,0.000733522032754263,0.0420277166566762,0.0006782401848817244,0.0007888038806268014,0.0010627210659627834,0.0066101809797666855,0.04930058392021589,2.447951555252075,2.440124988555908,2.499234914779663,0.7860514521598816,0.7808709740638733,0.8193241953849792,25.60035941699971,245,512,2.447951555252075,0.7860514521598816,2.560035941699971,0.781239031617625,False,0.0018778427678797366
lowest mean absolute angular error,grid_search,Full grid search,N16_B5_A15,"N=16, B=+/-5, A=15",16,5.0,15,10000,14,0.0007388096765294904,0.04233067632856535,0.0006999761196842882,0.0007776432333746925,0.0010880406235170626,0.0070265742732025654,0.051552097275701134,2.2834722995758057,2.2332921028137207,2.50942325592041,0.5412172079086304,0.5305860042572021,0.5982500910758972,23.98120087499956,5,16,2.2834722995758057,0.5412172079086304,2.3981200874999558,0.8339865924249871,False,0.0017717543261247155
lowest mean absolute angular error,grid_search,Full grid search,N1024_B5_A15,"N=1024, B=+/-5, A=15",1024,5.0,15,10000,1022,0.0007416658498957986,0.04249432300801249,0.0006957072985649574,0.0007876244012266397,0.0010638880241924799,0.006407291409071966,0.05042558474646711,2.586726427078247,2.5722079277038574,2.682589292526245,0.9070257544517517,0.8971700072288513,0.9800891876220703,27.04526404200078,293,1024,2.586726427078247,0.9070257544517517,2.704526404200078,0.7395010072351441,False,0.002005854874136679
lowest mean absolute angular error,grid_search,Full grid search,N16_B15_A10,"N=16, B=+/-15, A=10",16,15.0,10,10000,14,0.0007501979206572286,0.042983174653149395,0.0005521596939302981,0.0009482361473841592,0.0011227577968693882,0.006870866762602121,0.10012408147408032,1.5832343101501465,1.5292079448699951,1.8065441846847534,0.3827390968799591,0.3707059919834137,0.43833404779434204,16.809959917000015,16,16,1.5832343101501465,0.3827390968799591,1.6809959917000015,1.1897708322179803,True,0.001261079697606477
lowest mean absolute angular error,grid_search,Full grid search,N64_B20_A10,"N=64, B=+/-20, A=10",64,20.0,10,10000,62,0.0007509764743590494,0.04302778249438802,0.0005599566947377752,0.0009419962539803237,0.00114423470535517,0.0063798579534503725,0.0706534596554431,1.585173487663269,1.5623749494552612,1.7456374168395996,0.41631826758384705,0.41304200887680054,0.4636670649051666,16.7816308750007,118,64,1.585173487663269,0.41631826758384705,1.67816308750007,1.191779282298102,True,0.0012602609988502994
lowest joint 1 absolute angular error,grid_search,Full grid search,N128_B5_A10,"N=128, B=+/-5, A=10",128,5.0,10,10000,126,0.0007770170264004264,0.044519796222549694,0.0005254440033226273,0.0010285900494782254,0.0011780165326959406,0.006576813005939699,0.06987275734393608,1.6486332416534424,1.6177500486373901,1.8148434162139893,0.4645107388496399,0.45499899983406067,0.5185081958770752,17.46458412499851,148,128,1.6486332416534424,0.4645107388496399,1.7464584124998508,1.1451747065292177,True,0.0013570279224126432
lowest joint 1 absolute angular error,grid_search,Full grid search,N32_B5_A10,"N=32, B=+/-5, A=10",32,5.0,10,10000,30,0.0007801014786644374,0.044696522319387096,0.000528754155128263,0.0010314488022006116,0.0011657262196736696,0.006824883102614356,0.08094044500141646,1.5600135326385498,1.530500054359436,1.7238085269927979,0.38644739985466003,0.3797059953212738,0.4258330464363098,16.522520874999827,52,32,1.5600135326385498,0.38644739985466003,1.6522520874999829,1.2104690410929928,True,0.00128892429658514
lowest joint 1 absolute angular error,grid_search,Full grid search,N64_B5_A10,"N=64, B=+/-5, A=10",64,5.0,10,10000,62,0.0007712106945167762,0.044187117911164295,0.0005293937080656178,0.0010130276809679345,0.0011673616983203375,0.006610724676264864,0.0726618290341257,1.5848731994628906,1.5613750219345093,1.7523771524429321,0.415221631526947,0.4114589989185333,0.46279922127723694,16.775628915998823,100,64,1.5848731994628906,0.415221631526947,1.6775628915998824,1.1922056752773131,True,0.0012937544427263166
lowest joint 1 absolute angular error,grid_search,Full grid search,N256_B5_A10,"N=256, B=+/-5, A=10",256,5.0,10,10000,254,0.0007750669804052451,0.04440806681716942,0.000531182486214675,0.001018951474595815,0.0011773811429981109,0.006508043099325013,0.06575384326493222,1.660059928894043,1.6579580307006836,1.6864169836044312,0.5213204026222229,0.5195410251617432,0.5393312573432922,17.50643499999933,196,256,1.660059928894043,0.5213204026222229,1.7506434999999327,1.142437052432478,True,0.0013568659713110176
lowest joint 1 absolute angular error,grid_search,Full grid search,N512_B5_A10,"N=512, B=+/-5, A=10",512,5.0,10,10000,510,0.0007859636930341366,0.04503240246137181,0.0005314669997664169,0.0010404603863018564,0.0011887780653608313,0.00649031791895234,0.06378554482130273,1.7601726055145264,1.7565829753875732,1.790086030960083,0.6236971020698547,0.6205000281333923,0.6472081542015076,18.5334624169991,244,512,1.7601726055145264,0.6236971020698547,1.85334624169991,1.0791291745710598,True,0.0014566628565973988
lowest joint 1 absolute angular error,grid_search,Full grid search,N16_B5_A10,"N=16, B=+/-5, A=10",16,5.0,10,10000,14,0.0008069446597306524,0.0462345233031867,0.0005320853470941074,0.0010818039723671973,0.0012189625326532976,0.007724975086642065,0.11183523851123513,1.5630587339401245,1.5327919721603394,1.7258392572402954,0.37588801980018616,0.3694159984588623,0.41946515440940857,16.539804500000173,4,16,1.5630587339401245,0.37588801980018616,1.6539804500000173,1.2092041353934861,True,0.001334670691426415
lowest joint 1 absolute angular error,grid_search,Full grid search,N16_B10_A10,"N=16, B=+/-10, A=10",16,10.0,10,10000,14,0.0007656140953156865,0.04386645639731557,0.0005345402572478633,0.0009966879333835096,0.0011740069050821908,0.0064802780116734226,0.07101752210364572,1.549221396446228,1.520542025566101,1.7129621505737305,0.3743530213832855,0.36750200390815735,0.4197143018245697,16.409824290998586,10,16,1.549221396446228,0.3743530213832855,1.6409824290998585,1.218782093295829,True,0.001256359277884226
lowest joint 1 absolute angular error,grid_search,Full grid search,N1024_B5_A10,"N=1024, B=+/-5, A=10",1024,5.0,10,10000,1022,0.0007930475571367424,0.04543827797709535,0.0005356836345861666,0.0010504114796873183,0.0011995560850248457,0.006589300849487456,0.06293464877585402,1.8894975185394287,1.878749966621399,1.9598770141601562,0.7360240817070007,0.7285420298576355,0.7896670699119568,19.891012000000046,292,1024,1.8894975185394287,0.7360240817070007,1.9891012000000046,1.005479258672206,True,0.0015774518475577665
lowest joint 1 absolute angular error,grid_search,Full grid search,N32_B10_A10,"N=32, B=+/-10, A=10",32,10.0,10,10000,30,0.0007812664984201546,0.044763273034439055,0.0005442656574537977,0.0010182673393865115,0.0011927235257562904,0.00625101705940101,0.05729196422228821,1.551289439201355,1.528833031654358,1.713379144668579,0.3868037462234497,0.38062599301338196,0.42795810103416443,16.432828749999317,58,32,1.551289439201355,0.3868037462234497,1.6432828749999318,1.2170759097091444,True,0.0012838418576650013
lowest joint 1 absolute angular error,grid_search,Full grid search,N16_B15_A10,"N=16, B=+/-15, A=10",16,15.0,10,10000,14,0.0007501979206572286,0.042983174653149395,0.0005521596939302981,0.0009482361473841592,0.0011227577968693882,0.006870866762602121,0.10012408147408032,1.5832343101501465,1.5292079448699951,1.8065441846847534,0.3827390968799591,0.3707059919834137,0.43833404779434204,16.809959917000015,16,16,1.5832343101501465,0.3827390968799591,1.6809959917000015,1.1897708322179803,True,0.001261079697606477
lowest joint 2 absolute angular error,grid_search,Full grid search,N16_B20_A15,"N=16, B=+/-20, A=15",16,20.0,15,10000,14,0.0007119382188102464,0.04079105521188843,0.0007709139513375704,0.0006529624862829223,0.0010351716875344982,0.006960471005435484,0.06416774002857432,2.253782033920288,2.2179999351501465,2.4308393001556396,0.5411567091941833,0.5329980254173279,0.5874580144882202,23.66197312499935,23,16,2.253782033920288,0.5411567091941833,2.366197312499935,0.8452380490141627,False,0.0016845863000147956
lowest joint 2 absolute angular error,grid_search,Full grid search,N128_B5_A15,"N=128, B=+/-5, A=15",128,5.0,15,10000,126,0.0007260734200099251,0.04160094258319828,0.0007576224857999478,0.0006945243542199023,0.001058174829598505,0.006490098135335793,0.04630094900663486,2.3409860134124756,2.3127920627593994,2.5145461559295654,0.6282868385314941,0.6216260194778442,0.6800965666770935,24.57350820799911,149,128,2.3409860134124756,0.6282868385314941,2.457350820799911,0.8138846041319264,False,0.001784217114622388
lowest joint 2 absolute angular error,grid_search,Full grid search,N64_B25_A15,"N=64, B=+/-25, A=15",64,25.0,15,10000,62,0.0007716443245328264,0.04421196308095417,0.0008222165483457502,0.0007210721007199027,0.0011342106130326692,0.006613208620673826,0.046854292038409066,2.29253888130188,2.2582919597625732,2.4786856174468994,0.5803325176239014,0.5730850100517273,0.6335859894752502,24.064442625000083,125,64,2.29253888130188,0.5803325176239014,2.4064442625000084,0.8311017342750497,False,0.0018569190574627148
lowest joint 2 absolute angular error,grid_search,Full grid search,N16_B25_A15,"N=16, B=+/-25, A=15",16,25.0,15,10000,14,0.0007202569465880515,0.04126768320447491,0.0007070342063147109,0.0007334796868613921,0.0010639025717887743,0.007553107287277279,0.08586924891411862,2.257587194442749,2.2196669578552246,2.450558662414551,0.5424442291259766,0.5338749885559082,0.5910010933876038,23.706604166000034,29,16,2.257587194442749,0.5424442291259766,2.3706604166000034,0.8436467686369,False,0.0017074846330574764
lowest joint 2 absolute angular error,grid_search,Full grid search,N32_B25_A15,"N=32, B=+/-25, A=15",32,25.0,15,10000,30,0.0007759018708049553,0.044455902513428805,0.0008103677062958013,0.0007414360353141092,0.0011385227676812611,0.006779634431007962,0.05242477300474028,2.2636046409606934,2.229959011077881,2.457052230834961,0.5502697229385376,0.5421259999275208,0.5990069508552551,23.764425332999963,77,32,2.2636046409606934,0.5502697229385376,2.3764425332999966,0.841594093682014,False,0.0018438862074479348
lowest joint 2 absolute angular error,grid_search,Full grid search,N256_B5_A15,"N=256, B=+/-5, A=15",256,5.0,15,10000,254,0.0007168589842272922,0.041072994302259094,0.0006866642816923559,0.0007470536867622286,0.0010489325909267936,0.0068029954462453315,0.048204770099277566,2.339297294616699,2.335582971572876,2.3831722736358643,0.6825585961341858,0.6805850267410278,0.705543041229248,24.476083584000662,197,256,2.339297294616699,0.6825585961341858,2.4476083584000663,0.817124191105208,False,0.0017545900415889017
lowest joint 2 absolute angular error,grid_search,Full grid search,N32_B5_A15,"N=32, B=+/-5, A=15",32,5.0,15,10000,30,0.0007530310633796035,0.04314550177389968,0.0007542237009911332,0.0007518384257680737,0.0010942572836134534,0.006785549508521228,0.04703242484696414,2.2810299396514893,2.2309999465942383,2.4812941551208496,0.5527550578117371,0.541251003742218,0.6068450212478638,23.96039141700021,53,32,2.2810299396514893,0.5527550578117371,2.396039141700021,0.834710904839799,False,0.0018042919027735193
lowest joint 2 absolute angular error,grid_search,Full grid search,N256_B20_A15,"N=256, B=+/-20, A=15",256,20.0,15,10000,254,0.0007598022037040208,0.04353345953697964,0.0007595178151794243,0.0007600865922286175,0.0010999944313509948,0.006623061994628489,0.044029948223417166,2.3390231132507324,2.3350419998168945,2.3793373107910156,0.6810123920440674,0.6783329844474792,0.7036250829696655,24.47878433400001,215,256,2.3390231132507324,0.6810123920440674,2.447878433400001,0.8170340376021383,False,0.001859903428096867
lowest joint 2 absolute angular error,grid_search,Full grid search,N64_B5_A15,"N=64, B=+/-5, A=15",64,5.0,15,10000,62,0.0007328541968250647,0.04198945247652595,0.0006964180573122576,0.0007692903363378719,0.0010772385695710352,0.006932765239791071,0.047461616872716716,2.289475679397583,2.256624937057495,2.4812982082366943,0.5785863995552063,0.5721660256385803,0.6318780779838562,24.034265125001184,101,64,2.289475679397583,0.5785863995552063,2.4034265125001184,0.8321452682651562,False,0.0017613612064463406
lowest joint 2 absolute angular error,grid_search,Full grid search,N16_B10_A15,"N=16, B=+/-10, A=15",16,10.0,15,10000,14,0.000762389375208295,0.04368169354505106,0.0007551922419166659,0.0007695865084999241,0.0011343091943236989,0.006929622346226588,0.04580915837711893,2.2478713989257812,2.212125062942505,2.438756227493286,0.539191722869873,0.5309169888496399,0.5866670608520508,23.589379041999564,11,16,2.2478713989257812,0.539191722869873,2.3589379041999563,0.8478391891703094,False,0.0017984291949381696
fastest full update time,grid_search,Full grid search,N16_B35_A0,"N=16, B=+/-35, A=0",16,35.0,0,10000,14,0.39709729601736177,22.751999117851945,0.4362466816953383,0.3579479103393853,0.531519279296776,2.8259153863175146,33.25761897437117,0.09649248421192169,0.09304200112819672,0.10641700029373169,0.042930372059345245,0.0403750017285347,0.05320899933576584,1.3036090410005272,36,16,0.09649248421192169,0.042930372059345245,0.13036090410005272,15.342023084351954,True,0.051765962524509546
fastest full update time,grid_search,Full grid search,N16_B20_A0,"N=16, B=+/-20, A=0",16,20.0,0,10000,14,0.023063420215086082,1.3214366394611379,0.014621972802933305,0.03150486762723886,0.036746891799616196,0.23779789857567532,2.2953534024306794,0.09802165627479553,0.09674999862909317,0.10812704265117645,0.045585997402668,0.04337500035762787,0.05420900136232376,1.3164902080006868,18,16,0.09802165627479553,0.045585997402668,0.13164902080006868,15.191909425876691,True,0.003036276687616592
fastest full update time,grid_search,Full grid search,N16_B15_A0,"N=16, B=+/-15, A=0",16,15.0,0,10000,14,0.018636221542407294,1.0677768404507233,0.0118351191831287,0.025437323901685887,0.02856204396500926,0.20137850820990366,1.9211404640263277,0.09683269262313843,0.09262499958276749,0.10587500035762787,0.04240205138921738,0.03962500020861626,0.052502043545246124,1.3177875830006087,12,16,0.09683269262313843,0.04240205138921738,0.1317787583000609,15.176952839743642,True,0.002455858134263279
fastest full update time,grid_search,Full grid search,N16_B10_A0,"N=16, B=+/-10, A=0",16,10.0,0,10000,14,0.014066816480783745,0.8059692155339782,0.008874214525031857,0.019259418436535634,0.021834888348502376,0.15687506659591566,1.6210572928606577,0.09762802720069885,0.09529200196266174,0.1072079986333847,0.04391494020819664,0.04245799779891968,0.052417002618312836,1.3196259169999394,6,16,0.09762802720069885,0.04391494020819664,0.13196259169999394,15.155810250732532,True,0.0018562935597724111
fastest full update time,grid_search,Full grid search,N16_B25_A0,"N=16, B=+/-25, A=0",16,25.0,0,10000,14,0.03331983514397871,1.9090859278216556,0.01922300249740947,0.04741666779054794,0.054875578750326316,0.3146009056286344,2.912251764934546,0.0989343523979187,0.09766700118780136,0.10804100334644318,0.046182308346033096,0.0439159981906414,0.054291997104883194,1.3281350420002127,24,16,0.0989343523979187,0.046182308346033096,0.13281350420002128,15.058709669974053,True,0.004425324064838833
fastest full update time,grid_search,Full grid search,N16_B40_A0,"N=16, B=+/-40, A=0",16,40.0,0,10000,14,0.4819957363910041,27.616321438504723,0.5100538296751678,0.45393764310684054,0.621779120651357,3.1866457468364566,37.96826130840719,0.10054122656583786,0.09799999743700027,0.10979104787111282,0.046944309026002884,0.04433299973607063,0.05525000020861626,1.3487067920013942,42,16,0.10054122656583786,0.046944309026002884,0.13487067920013943,14.829020005394415,True,0.06500709233862609
fastest full update time,grid_search,Full grid search,N16_B30_A0,"N=16, B=+/-30, A=0",16,30.0,0,10000,14,0.04486074486996513,2.570331346862161,0.031339814018365,0.05838167572156526,0.08808778602803043,0.806480025099615,8.528180626561891,0.10032910853624344,0.09770900011062622,0.11045805364847183,0.04624870419502258,0.04374999925494194,0.054958049207925797,1.348729084000297,30,16,0.10032910853624344,0.04624870419502258,0.1348729084000297,14.828774909102203,True,0.006050499133603908
fastest full update time,grid_search,Full grid search,N16_B5_A0,"N=16, B=+/-5, A=0",16,5.0,0,10000,14,0.031015563216534793,1.7770608715286438,0.018004608409845968,0.04402651802322362,0.06113481902237537,0.3045405695479647,2.5666588453258594,0.09734785556793213,0.09604199975728989,0.10687500238418579,0.04556475952267647,0.04416700080037117,0.05362499877810478,1.3858342920011637,0,16,0.09734785556793213,0.04556475952267647,0.13858342920011638,14.431739866329707,True,0.004298243109120383
fastest full update time,grid_search,Full grid search,N32_B25_A0,"N=32, B=+/-25, A=0",32,25.0,0,10000,30,0.01978798750942806,1.133768169347817,0.012409659871459007,0.02716631514739711,0.029637737604984546,0.21534026203334078,2.191128460209604,0.10540568828582764,0.10300000011920929,0.11329105496406555,0.05415629968047142,0.051249999552965164,0.060333002358675,1.3903302910002822,72,32,0.10540568828582764,0.05415629968047142,0.1390330291000282,14.385071036329698,True,0.002751183843229306
fastest full update time,grid_search,Full grid search,N32_B10_A0,"N=32, B=+/-10, A=0",32,10.0,0,10000,30,0.010873116382851732,0.622983678891956,0.006225954528653529,0.015520278237049934,0.018029606938437318,0.13425198711166628,1.3314667752192049,0.10480223596096039,0.10062500089406967,0.11637499928474426,0.0531313493847847,0.05062500014901161,0.06387703865766525,1.3921109580005577,54,32,0.10480223596096039,0.0531313493847847,0.13921109580005578,14.366670907271162,True,0.0015136584464183283
lowest angular error while real-time capable,grid_search,Full grid search,N16_B15_A10,"N=16, B=+/-15, A=10",16,15.0,10,10000,14,0.0007501979206572286,0.042983174653149395,0.0005521596939302981,0.0009482361473841592,0.0011227577968693882,0.006870866762602121,0.10012408147408032,1.5832343101501465,1.5292079448699951,1.8065441846847534,0.3827390968799591,0.3707059919834137,0.43833404779434204,16.809959917000015,16,16,1.5832343101501465,0.3827390968799591,1.6809959917000015,1.1897708322179803,True,0.001261079697606477
lowest angular error while real-time capable,grid_search,Full grid search,N64_B20_A10,"N=64, B=+/-20, A=10",64,20.0,10,10000,62,0.0007509764743590494,0.04302778249438802,0.0005599566947377752,0.0009419962539803237,0.00114423470535517,0.0063798579534503725,0.0706534596554431,1.585173487663269,1.5623749494552612,1.7456374168395996,0.41631826758384705,0.41304200887680054,0.4636670649051666,16.7816308750007,118,64,1.585173487663269,0.41631826758384705,1.67816308750007,1.191779282298102,True,0.0012602609988502994
lowest angular error while real-time capable,grid_search,Full grid search,N64_B25_A10,"N=64, B=+/-25, A=10",64,25.0,10,10000,62,0.000755927879473893,0.04331147711012804,0.0005726315947715193,0.0009392241641762667,0.0011230880352555205,0.0065375615610591695,0.08221777818444603,1.585984706878662,1.5627919435501099,1.7505440711975098,0.4167737364768982,0.412541002035141,0.46388229727745056,16.786916458999258,124,64,1.585984706878662,0.4167737364768982,1.6786916458999257,1.191404034734339,True,0.00126896981617567
lowest angular error while real-time capable,grid_search,Full grid search,N16_B10_A10,"N=16, B=+/-10, A=10",16,10.0,10,10000,14,0.0007656140953156865,0.04386645639731557,0.0005345402572478633,0.0009966879333835096,0.0011740069050821908,0.0064802780116734226,0.07101752210364572,1.549221396446228,1.520542025566101,1.7129621505737305,0.3743530213832855,0.36750200390815735,0.4197143018245697,16.409824290998586,10,16,1.549221396446228,0.3743530213832855,1.6409824290998585,1.218782093295829,True,0.001256359277884226
lowest angular error while real-time capable,grid_search,Full grid search,N64_B5_A10,"N=64, B=+/-5, A=10",64,5.0,10,10000,62,0.0007712106945167762,0.044187117911164295,0.0005293937080656178,0.0010130276809679345,0.0011673616983203375,0.006610724676264864,0.0726618290341257,1.5848731994628906,1.5613750219345093,1.7523771524429321,0.415221631526947,0.4114589989185333,0.46279922127723694,16.775628915998823,100,64,1.5848731994628906,0.415221631526947,1.6775628915998824,1.1922056752773131,True,0.0012937544427263166
lowest angular error while real-time capable,grid_search,Full grid search,N256_B5_A10,"N=256, B=+/-5, A=10",256,5.0,10,10000,254,0.0007750669804052451,0.04440806681716942,0.000531182486214675,0.001018951474595815,0.0011773811429981109,0.006508043099325013,0.06575384326493222,1.660059928894043,1.6579580307006836,1.6864169836044312,0.5213204026222229,0.5195410251617432,0.5393312573432922,17.50643499999933,196,256,1.660059928894043,0.5213204026222229,1.7506434999999327,1.142437052432478,True,0.0013568659713110176
lowest angular error while real-time capable,grid_search,Full grid search,N128_B5_A10,"N=128, B=+/-5, A=10",128,5.0,10,10000,126,0.0007770170264004264,0.044519796222549694,0.0005254440033226273,0.0010285900494782254,0.0011780165326959406,0.006576813005939699,0.06987275734393608,1.6486332416534424,1.6177500486373901,1.8148434162139893,0.4645107388496399,0.45499899983406067,0.5185081958770752,17.46458412499851,148,128,1.6486332416534424,0.4645107388496399,1.7464584124998508,1.1451747065292177,True,0.0013570279224126432
lowest angular error while real-time capable,grid_search,Full grid search,N32_B5_A10,"N=32, B=+/-5, A=10",32,5.0,10,10000,30,0.0007801014786644374,0.044696522319387096,0.000528754155128263,0.0010314488022006116,0.0011657262196736696,0.006824883102614356,0.08094044500141646,1.5600135326385498,1.530500054359436,1.7238085269927979,0.38644739985466003,0.3797059953212738,0.4258330464363098,16.522520874999827,52,32,1.5600135326385498,0.38644739985466003,1.6522520874999829,1.2104690410929928,True,0.00128892429658514
lowest angular error while real-time capable,grid_search,Full grid search,N128_B25_A10,"N=128, B=+/-25, A=10",128,25.0,10,10000,126,0.0007803156820504227,0.044708795269361466,0.0005692031074257102,0.0009914282566751353,0.0011688857137833488,0.006056124101094057,0.05500981868195043,1.6342419385910034,1.612625002861023,1.7903380393981934,0.461566299200058,0.4525420069694519,0.5104579925537109,17.30032295899946,172,128,1.6342419385910034,0.461566299200058,1.730032295899946,1.1560477828881337,True,0.001349971330944425
lowest angular error while real-time capable,grid_search,Full grid search,N32_B10_A10,"N=32, B=+/-10, A=10",32,10.0,10,10000,30,0.0007812664984201546,0.044763273034439055,0.0005442656574537977,0.0010182673393865115,0.0011927235257562904,0.00625101705940101,0.05729196422228821,1.551289439201355,1.528833031654358,1.713379144668579,0.3868037462234497,0.38062599301338196,0.42795810103416443,16.432828749999317,58,32,1.551289439201355,0.3868037462234497,1.6432828749999318,1.2170759097091444,True,0.0012838418576650013
best time-angle-error product,grid_search,Full grid search,N32_B10_A5,"N=32, B=+/-10, A=5",32,10.0,5,10000,30,0.0011504727797262602,0.06591723472299874,0.0010894521194684784,0.0012114934399840422,0.001820800006416701,0.015903516228211227,0.1507623112298066,0.8481367230415344,0.8347089886665344,0.9421333074569702,0.22118349373340607,0.21691599488258362,0.245960995554924,9.189090750000105,57,32,0.8481367230415344,0.22118349373340607,0.9189090750000105,2.176493903926215,True,0.0010571798778309487
best time-angle-error product,grid_search,Full grid search,N128_B20_A5,"N=128, B=+/-20, A=5",128,20.0,5,10000,126,0.0011467752553755417,0.06570538218305572,0.0010222209616214967,0.0012713295491295867,0.0018543518015161882,0.015428903597976513,0.13202891062283353,0.9310934543609619,0.9111250042915344,1.0407277345657349,0.2984521985054016,0.2908340096473694,0.3420451581478119,10.06521362499916,165,128,0.9310934543609619,0.2984521985054016,1.0065213624999159,1.9870417802485212,True,0.0011542537925217792
best time-angle-error product,grid_search,Full grid search,N128_B10_A5,"N=128, B=+/-10, A=5",128,10.0,5,10000,126,0.001170696962607326,0.06707599504618453,0.0011696090653189458,0.0011717848598957062,0.0018369958199186852,0.014620112552737192,0.1108239324289923,0.9198381900787354,0.9051250219345093,1.0150083303451538,0.291556715965271,0.28333398699760437,0.3307530879974365,9.939649832998839,153,128,0.9198381900787354,0.291556715965271,0.9939649832998839,2.0121433185303577,True,0.0011636317868872156
best time-angle-error product,grid_search,Full grid search,N256_B10_A5,"N=256, B=+/-10, A=5",256,10.0,5,10000,254,0.001132569894689368,0.0648914749692769,0.001049258826766163,0.0012158809626125731,0.0018267901239094623,0.014161472743929569,0.10465705776149543,0.974435567855835,0.9714580178260803,1.012086033821106,0.36278408765792847,0.36104199290275574,0.3900902271270752,10.466963791001035,201,256,0.974435567855835,0.36278408765792847,1.0466963791001034,1.9107737830520621,True,0.001185456807849147
best time-angle-error product,grid_search,Full grid search,N128_B15_A5,"N=128, B=+/-15, A=5",128,15.0,5,10000,126,0.0011840828764019535,0.06784295141154263,0.0010940529788378626,0.0012741127739660442,0.0018865875449499536,0.015284077016444122,0.12031870708598395,0.9297417998313904,0.9099159836769104,1.0379999876022339,0.29559126496315,0.28795701265335083,0.3384189307689667,10.050479125000493,159,128,0.9297417998313904,0.29559126496315,1.0050479125000493,1.9899548818772377,True,0.0011900600231548374
best time-angle-error product,grid_search,Full grid search,N64_B10_A5,"N=64, B=+/-10, A=5",64,10.0,5,10000,62,0.001268537308293162,0.07268183392008394,0.0010407317747711203,0.0014963428418152034,0.002043812880446407,0.016295218060595876,0.1322954704809764,0.879332423210144,0.8651250004768372,0.9829190373420715,0.253017783164978,0.251583993434906,0.2858750522136688,9.500276791999568,105,64,0.879332423210144,0.253017783164978,0.9500276791999568,2.1052018207345835,True,0.0012051455549763129
best time-angle-error product,grid_search,Full grid search,N64_B15_A5,"N=64, B=+/-15, A=5",64,15.0,5,10000,62,0.0013097686605498893,0.07504421638801162,0.0011573308407736476,0.001462206480326131,0.0020177341595293825,0.01579091264099397,0.13961493922533505,0.8821773529052734,0.870290994644165,0.9882951974868774,0.2527182996273041,0.25175100564956665,0.28658413887023926,9.539780084000085,111,64,0.8821773529052734,0.2527182996273041,0.9539780084000086,2.0964843868406957,True,0.0012494904982561304
best time-angle-error product,grid_search,Full grid search,N16_B10_A10,"N=16, B=+/-10, A=10",16,10.0,10,10000,14,0.0007656140953156865,0.04386645639731557,0.0005345402572478633,0.0009966879333835096,0.0011740069050821908,0.0064802780116734226,0.07101752210364572,1.549221396446228,1.520542025566101,1.7129621505737305,0.3743530213832855,0.36750200390815735,0.4197143018245697,16.409824290998586,10,16,1.549221396446228,0.3743530213832855,1.6409824290998585,1.218782093295829,True,0.001256359277884226
best time-angle-error product,grid_search,Full grid search,N64_B20_A10,"N=64, B=+/-20, A=10",64,20.0,10,10000,62,0.0007509764743590494,0.04302778249438802,0.0005599566947377752,0.0009419962539803237,0.00114423470535517,0.0063798579534503725,0.0706534596554431,1.585173487663269,1.5623749494552612,1.7456374168395996,0.41631826758384705,0.41304200887680054,0.4636670649051666,16.7816308750007,118,64,1.585173487663269,0.41631826758384705,1.67816308750007,1.191779282298102,True,0.0012602609988502994
best time-angle-error product,grid_search,Full grid search,N16_B15_A10,"N=16, B=+/-15, A=10",16,15.0,10,10000,14,0.0007501979206572286,0.042983174653149395,0.0005521596939302981,0.0009482361473841592,0.0011227577968693882,0.006870866762602121,0.10012408147408032,1.5832343101501465,1.5292079448699951,1.8065441846847534,0.3827390968799591,0.3707059919834137,0.43833404779434204,16.809959917000015,16,16,1.5832343101501465,0.3827390968799591,1.6809959917000015,1.1897708322179803,True,0.001261079697606477
