number,value,datetime_start,datetime_complete,duration,params_activation,params_lr,params_n_layers,params_n_units_l0,params_n_units_l1,params_n_units_l2,params_n_units_l3,params_n_units_l4,params_n_units_l5,params_n_units_l6,params_n_units_l7,params_n_units_l8,params_n_units_l9,state,RMSE
0,0.33146727085113525,2026-04-16 08:53:12.912924,2026-04-16 08:53:19.510878,0 days 00:00:06.597954,Softplus,0.004826768210503866,3,70,177.0,57.0,,,,,,,,COMPLETE,0.5757319435736872
1,13.640702247619629,2026-04-16 08:53:19.511379,2026-04-16 08:53:22.119408,0 days 00:00:02.608029,Tanh,0.050678666245081064,1,198,,,,,,,,,,COMPLETE,3.693332133401981
2,1871.7027587890625,2026-04-16 08:53:22.119779,2026-04-16 08:53:40.971141,0 days 00:00:18.851362,Tanh,1.5978442544739387e-08,8,110,150.0,180.0,29.0,237.0,254.0,174.0,204.0,,,COMPLETE,43.26318017424358
3,1825.6724853515625,2026-04-16 08:53:40.971541,2026-04-16 08:53:46.046928,0 days 00:00:05.075387,GELU,2.087520736148009e-08,2,133,80.0,,,,,,,,,COMPLETE,42.72788884735077
4,81.82769775390625,2026-04-16 08:53:46.047298,2026-04-16 08:53:56.215843,0 days 00:00:10.168545,ELU,1.272039683030225e-05,5,34,122.0,51.0,201.0,156.0,,,,,,COMPLETE,9.045866335177978
5,1712.611572265625,2026-04-16 08:53:56.216237,2026-04-16 08:53:58.864844,0 days 00:00:02.648607,GELU,3.1878816377706943e-06,10,234,23.0,81.0,57.0,189.0,213.0,191.0,46.0,220.0,2.0,PRUNED,41.38371143657399
6,0.39100316166877747,2026-04-16 08:53:58.865206,2026-04-16 08:54:20.191766,0 days 00:00:21.326560,GELU,0.0002794945389993037,10,62,41.0,129.0,147.0,121.0,131.0,83.0,227.0,65.0,221.0,COMPLETE,0.6253024561512432
7,0.8647063374519348,2026-04-16 08:54:20.192207,2026-04-16 08:54:37.116089,0 days 00:00:16.923882,Softplus,0.009088151867373608,7,113,52.0,206.0,207.0,15.0,203.0,116.0,,,,COMPLETE,0.9298958745214083
8,1870.0496826171875,2026-04-16 08:54:37.116483,2026-04-16 08:54:38.015763,0 days 00:00:00.899280,Tanh,1.522164411654888e-07,4,181,196.0,102.0,50.0,,,,,,,PRUNED,43.24407106895912
9,1873.5150146484375,2026-04-16 08:54:38.016127,2026-04-16 08:54:39.357486,0 days 00:00:01.341359,Tanh,3.0529520568145927e-07,9,132,145.0,9.0,224.0,90.0,138.0,2.0,13.0,239.0,,PRUNED,43.28411965892846
10,125.81486511230469,2026-04-16 08:54:39.357833,2026-04-16 08:54:39.982947,0 days 00:00:00.625114,Softplus,0.001113363978806102,3,3,256.0,7.0,,,,,,,,PRUNED,11.216722565540465
11,143.99554443359375,2026-04-16 08:54:39.983296,2026-04-16 08:54:40.806381,0 days 00:00:00.823085,ReLU,0.0005128786450755669,6,65,4.0,148.0,128.0,77.0,4.0,,,,,PRUNED,11.999814349963659
12,130.61181640625,2026-04-16 08:54:40.806726,2026-04-16 08:54:42.282175,0 days 00:00:01.475449,Softplus,0.00016905618055480803,4,70,205.0,256.0,137.0,,,,,,,PRUNED,11.428552682043776
13,1873.673828125,2026-04-16 08:54:42.282535,2026-04-16 08:55:04.003377,0 days 00:00:21.720842,GELU,0.004874919863935455,10,69,82.0,128.0,127.0,96.0,62.0,76.0,246.0,19.0,248.0,COMPLETE,43.28595416673866
14,106.1081314086914,2026-04-16 08:55:04.003760,2026-04-16 08:55:05.349255,0 days 00:00:01.345495,ELU,5.864388696949771e-05,6,29,196.0,68.0,166.0,32.0,117.0,,,,,PRUNED,10.300880127867298
15,165.41783142089844,2026-04-16 08:55:05.349588,2026-04-16 08:55:05.563694,0 days 00:00:00.214106,ReLU,0.03808694809776688,1,86,,,,,,,,,,PRUNED,12.861486361260834
16,28.03883934020996,2026-04-16 08:55:05.564028,2026-04-16 08:55:06.256681,0 days 00:00:00.692653,Softplus,0.0014670486079866648,3,36,109.0,121.0,,,,,,,,PRUNED,5.2951713230272315
17,133.9302520751953,2026-04-16 08:55:06.257027,2026-04-16 08:55:08.148126,0 days 00:00:01.891099,GELU,9.903966533758368e-06,8,175,171.0,36.0,81.0,143.0,128.0,42.0,150.0,,,PRUNED,11.572823859162263
18,278.8174133300781,2026-04-16 08:55:08.148487,2026-04-16 08:55:09.902870,0 days 00:00:01.754383,Softplus,0.00016690828678868664,5,1,245.0,166.0,254.0,210.0,,,,,,PRUNED,16.697826604983
19,0.3115995526313782,2026-04-16 08:55:09.903244,2026-04-16 08:55:15.752998,0 days 00:00:05.849754,GELU,0.005527774803983206,3,94,56.0,95.0,,,,,,,,COMPLETE,0.5582110287618637
20,111.46722412109375,2026-04-16 08:55:15.753359,2026-04-16 08:55:16.232652,0 days 00:00:00.479293,ReLU,0.008792607244022588,3,150,94.0,90.0,,,,,,,,PRUNED,10.557803944054546
21,0.09926915913820267,2026-04-16 08:55:16.233075,2026-04-16 08:55:20.324433,0 days 00:00:04.091358,GELU,0.0030619250840796777,2,95,45.0,,,,,,,,,COMPLETE,0.31507008607324605
22,7.846870422363281,2026-04-16 08:55:20.324807,2026-04-16 08:55:20.807648,0 days 00:00:00.482841,GELU,0.08586335199190362,2,102,57.0,,,,,,,,,PRUNED,2.8012265924703916
23,0.16972358524799347,2026-04-16 08:55:20.807968,2026-04-16 08:55:24.594714,0 days 00:00:03.786746,GELU,0.0030381236937069658,2,91,25.0,,,,,,,,,COMPLETE,0.41197522407056647
24,2.2884488105773926,2026-04-16 08:55:24.595074,2026-04-16 08:55:25.625619,0 days 00:00:01.030545,GELU,0.019358224975437762,2,95,2.0,,,,,,,,,PRUNED,1.5127619808077517
25,8.628979682922363,2026-04-16 08:55:25.625951,2026-04-16 08:55:25.930788,0 days 00:00:00.304837,GELU,0.001749603017612161,1,124,,,,,,,,,,PRUNED,2.9375124991942356
26,122.00383758544922,2026-04-16 08:55:25.931106,2026-04-16 08:55:26.904329,0 days 00:00:00.973223,GELU,5.441825574187248e-05,4,153,32.0,221.0,5.0,,,,,,,PRUNED,11.045534735151994
27,0.1607246994972229,2026-04-16 08:55:26.904669,2026-04-16 08:55:30.721230,0 days 00:00:03.816561,GELU,0.0029625382834452896,2,46,63.0,,,,,,,,,COMPLETE,0.4009048509275273
28,5.781981468200684,2026-04-16 08:55:30.721587,2026-04-16 08:55:31.148568,0 days 00:00:00.426981,GELU,0.000979002378520065,2,38,71.0,,,,,,,,,PRUNED,2.4045751117818472
29,22.111726760864258,2026-04-16 08:55:31.148927,2026-04-16 08:55:31.386443,0 days 00:00:00.237516,ELU,0.002696084036135406,1,52,,,,,,,,,,PRUNED,4.702310789480451
30,23.751737594604492,2026-04-16 08:55:31.386751,2026-04-16 08:55:31.770191,0 days 00:00:00.383440,GELU,0.0003833445898982227,2,84,16.0,,,,,,,,,PRUNED,4.873575442588787
31,4.633007049560547,2026-04-16 08:55:31.770500,2026-04-16 08:55:35.070537,0 days 00:00:03.300037,GELU,0.01862542929317573,3,86,59.0,34.0,,,,,,,,PRUNED,2.152442112940682
32,1.06078040599823,2026-04-16 08:55:35.070849,2026-04-16 08:55:40.649240,0 days 00:00:05.578391,GELU,0.007189767820320358,3,53,32.0,195.0,,,,,,,,COMPLETE,1.0299419430231151
33,4.294290065765381,2026-04-16 08:55:40.649585,2026-04-16 08:55:40.942903,0 days 00:00:00.293318,GELU,0.024059669235248698,1,113,,,,,,,,,,PRUNED,2.0722668905730703
34,22.211000442504883,2026-04-16 08:55:40.943215,2026-04-16 08:55:41.297632,0 days 00:00:00.354417,GELU,0.08897193695970766,2,17,48.0,,,,,,,,,PRUNED,4.712854808129026
35,0.1494845598936081,2026-04-16 08:55:41.297916,2026-04-16 08:55:51.468048,0 days 00:00:10.170132,GELU,0.003809911279403573,4,77,102.0,254.0,85.0,,,,,,,COMPLETE,0.3866323316713284
36,9.60921859741211,2026-04-16 08:55:51.468428,2026-04-16 08:55:52.390472,0 days 00:00:00.922044,Tanh,0.0028886599031263073,4,53,96.0,254.0,99.0,,,,,,,PRUNED,3.0998739647624562
37,2.6617281436920166,2026-04-16 08:55:52.390807,2026-04-16 08:55:53.991539,0 days 00:00:01.600732,ELU,0.0007109957985670557,5,232,117.0,232.0,97.0,250.0,,,,,,PRUNED,1.6314803534495954
38,109.59876251220703,2026-04-16 08:55:53.991893,2026-04-16 08:55:54.449534,0 days 00:00:00.457641,GELU,0.00014198183253558033,2,80,72.0,,,,,,,,,PRUNED,10.468942760002417
39,1813.674072265625,2026-04-16 08:55:54.449858,2026-04-16 08:55:54.749356,0 days 00:00:00.299498,GELU,1.6397645938242536e-06,1,121,,,,,,,,,,PRUNED,42.58725246204109
40,1.2012158632278442,2026-04-16 08:55:54.749652,2026-04-16 08:56:02.841768,0 days 00:00:08.092116,GELU,0.013299844909222338,4,146,136.0,160.0,8.0,,,,,,,PRUNED,1.0959999376039418
41,0.2214464247226715,2026-04-16 08:56:02.842128,2026-04-16 08:56:09.179626,0 days 00:00:06.337498,GELU,0.0037752257895494043,3,100,97.0,108.0,,,,,,,,COMPLETE,0.47058094385840943
42,0.7673694491386414,2026-04-16 08:56:09.179998,2026-04-16 08:56:15.794819,0 days 00:00:06.614821,GELU,0.00318852331063381,3,101,97.0,150.0,,,,,,,,COMPLETE,0.8759962609159022
43,8.228131294250488,2026-04-16 08:56:15.795163,2026-04-16 08:56:16.251241,0 days 00:00:00.456078,GELU,0.044752217968157634,2,78,74.0,,,,,,,,,PRUNED,2.868471944128178
44,9.444939613342285,2026-04-16 08:56:16.251540,2026-04-16 08:56:17.118704,0 days 00:00:00.867164,Tanh,0.0006097943858107317,4,109,38.0,188.0,175.0,,,,,,,PRUNED,3.073262047620132
45,161.1405029296875,2026-04-16 08:56:17.119052,2026-04-16 08:56:17.412809,0 days 00:00:00.293757,ReLU,0.0031583442606133326,2,47,16.0,,,,,,,,,PRUNED,12.694112924095464
46,0.3430984616279602,2026-04-16 08:56:17.413107,2026-04-16 08:56:26.928172,0 days 00:00:09.515065,GELU,0.0017121924675304976,5,63,106.0,116.0,75.0,49.0,,,,,,COMPLETE,0.585746072652613
47,1874.7227783203125,2026-04-16 08:56:26.928557,2026-04-16 08:56:27.708852,0 days 00:00:00.780295,GELU,1.0864394535304575e-08,3,20,84.0,233.0,,,,,,,,PRUNED,43.29806899066415
48,115.7929458618164,2026-04-16 08:56:27.709192,2026-04-16 08:56:28.022636,0 days 00:00:00.313444,ELU,0.0003101064651824156,1,141,,,,,,,,,,PRUNED,10.760713074040048
49,1.0408034324645996,2026-04-16 08:56:28.022973,2026-04-16 08:56:33.605658,0 days 00:00:05.582685,GELU,0.009093777357189881,4,71,67.0,140.0,40.0,,,,,,,PRUNED,1.0201977418444914
50,1872.975341796875,2026-04-16 08:56:33.605979,2026-04-16 08:56:34.718014,0 days 00:00:01.112035,Tanh,5.98575925977531e-08,6,163,121.0,175.0,98.0,195.0,7.0,,,,,PRUNED,43.2778851354462
51,0.24794848263263702,2026-04-16 08:56:34.718355,2026-04-16 08:56:40.478136,0 days 00:00:05.759781,GELU,0.0057357027691272945,3,95,46.0,100.0,,,,,,,,COMPLETE,0.49794425655151103
52,0.26313865184783936,2026-04-16 08:56:40.478485,2026-04-16 08:56:46.172428,0 days 00:00:05.693943,GELU,0.004463346392144056,3,115,44.0,63.0,,,,,,,,COMPLETE,0.5129704200515263
53,2.638129949569702,2026-04-16 08:56:46.172788,2026-04-16 08:56:46.626219,0 days 00:00:00.453431,GELU,0.0012195134563350468,2,134,21.0,,,,,,,,,PRUNED,1.6242321107433204
54,3.323899030685425,2026-04-16 08:56:46.626566,2026-04-16 08:56:47.296298,0 days 00:00:00.669732,Softplus,0.031981126457338284,3,97,88.0,109.0,,,,,,,,PRUNED,1.823156337422939
55,3.4585354328155518,2026-04-16 08:56:47.296630,2026-04-16 08:56:48.245434,0 days 00:00:00.948804,GELU,0.010402297025001991,5,73,27.0,81.0,167.0,2.0,,,,,,PRUNED,1.859713804007367
56,57.95844268798828,2026-04-16 08:56:48.245769,2026-04-16 08:56:49.142723,0 days 00:00:00.896954,GELU,0.00010804765715998557,4,89,64.0,136.0,67.0,,,,,,,PRUNED,7.613044245765835
57,99.50829315185547,2026-04-16 08:56:49.143054,2026-04-16 08:56:49.510848,0 days 00:00:00.367794,ReLU,0.004978994051057947,2,106,156.0,,,,,,,,,PRUNED,9.975384361108873
58,1.4385639429092407,2026-04-16 08:56:49.511163,2026-04-16 08:56:52.089972,0 days 00:00:02.578809,GELU,0.0007946084259121279,7,127,46.0,46.0,240.0,167.0,70.0,248.0,,,,PRUNED,1.199401493624733
59,150.59817504882812,2026-04-16 08:56:52.090323,2026-04-16 08:56:52.782516,0 days 00:00:00.692193,GELU,2.17407674365565e-05,3,64,132.0,84.0,,,,,,,,PRUNED,12.271844810330194
60,34.090965270996094,2026-04-16 08:56:52.782844,2026-04-16 08:56:53.013522,0 days 00:00:00.230678,Softplus,0.0019089959902051962,1,41,,,,,,,,,,PRUNED,5.838746892184666
61,0.9247655272483826,2026-04-16 08:56:53.013775,2026-04-16 08:56:58.621195,0 days 00:00:05.607420,GELU,0.003963791289725392,3,112,41.0,63.0,,,,,,,,COMPLETE,0.9616472987787064
62,1.3609495162963867,2026-04-16 08:56:58.621527,2026-04-16 08:56:59.321871,0 days 00:00:00.700344,GELU,0.013277288574672606,2,92,53.0,,,,,,,,,PRUNED,1.1665974096904153
63,0.27785569429397583,2026-04-16 08:56:59.322216,2026-04-16 08:57:06.152114,0 days 00:00:06.829898,GELU,0.005584792127729688,4,122,15.0,70.0,117.0,,,,,,,COMPLETE,0.5271201896095196
64,0.3812468647956848,2026-04-16 08:57:06.152473,2026-04-16 08:57:10.650413,0 days 00:00:04.497940,GELU,0.0020070858745304225,2,115,79.0,,,,,,,,,COMPLETE,0.6174519129419592
65,1.2520394325256348,2026-04-16 08:57:10.650793,2026-04-16 08:57:11.716987,0 days 00:00:01.066194,GELU,0.01907538301410094,3,77,109.0,105.0,,,,,,,,PRUNED,1.1189456789878742
66,7.99407434463501,2026-04-16 08:57:11.717330,2026-04-16 08:57:12.272785,0 days 00:00:00.555455,GELU,0.00040465063235068825,3,102,38.0,21.0,,,,,,,,PRUNED,2.8273794129255116
67,10.877768516540527,2026-04-16 08:57:12.273086,2026-04-16 08:57:12.782540,0 days 00:00:00.509454,ELU,0.0011235648491174411,3,134,10.0,47.0,,,,,,,,PRUNED,3.298146224250909
68,186.9027862548828,2026-04-16 08:57:12.782868,2026-04-16 08:57:13.068902,0 days 00:00:00.286034,ReLU,0.005587297783382296,2,26,28.0,,,,,,,,,PRUNED,13.671239382546222
69,13.217937469482422,2026-04-16 08:57:13.069202,2026-04-16 08:57:13.780071,0 days 00:00:00.710869,GELU,0.00025513939048431663,4,58,60.0,70.0,21.0,,,,,,,PRUNED,3.63564814984652
70,1716.4813232421875,2026-04-16 08:57:13.780381,2026-04-16 08:57:14.235807,0 days 00:00:00.455426,GELU,5.556610746854618e-06,1,256,,,,,,,,,,PRUNED,41.43043957336426
71,1.1946371793746948,2026-04-16 08:57:14.236138,2026-04-16 08:57:20.882624,0 days 00:00:06.646486,GELU,0.0074400525979120575,4,118,11.0,58.0,115.0,,,,,,,COMPLETE,1.092994592564252
72,0.4010121524333954,2026-04-16 08:57:20.882976,2026-04-16 08:57:30.434841,0 days 00:00:09.551865,GELU,0.004465218372667689,5,91,47.0,74.0,151.0,60.0,,,,,,COMPLETE,0.6332552032422595
73,0.34792807698249817,2026-04-16 08:57:30.435221,2026-04-16 08:57:35.617274,0 days 00:00:05.182053,GELU,0.002460559890682684,3,83,24.0,101.0,,,,,,,,COMPLETE,0.5898542845334754
74,2.6339149475097656,2026-04-16 08:57:35.617615,2026-04-16 08:57:36.596440,0 days 00:00:00.978825,GELU,0.050778985447864355,4,124,37.0,119.0,186.0,,,,,,,PRUNED,1.622934055194408
75,5.790263652801514,2026-04-16 08:57:36.596770,2026-04-16 08:57:37.013562,0 days 00:00:00.416792,Tanh,0.006716349599572702,3,106,5.0,23.0,,,,,,,,PRUNED,2.4062966676620556
76,5.579536437988281,2026-04-16 08:57:37.013870,2026-04-16 08:57:37.470233,0 days 00:00:00.456363,GELU,0.02757295844160952,2,139,20.0,,,,,,,,,PRUNED,2.362104239441664
77,1873.673828125,2026-04-16 08:57:37.470566,2026-04-16 08:57:40.202743,0 days 00:00:02.732177,GELU,0.05969111062856193,9,97,51.0,90.0,110.0,223.0,195.0,226.0,92.0,137.0,,PRUNED,43.28595416673866
78,0.4634084403514862,2026-04-16 08:57:40.203091,2026-04-16 08:57:45.376374,0 days 00:00:05.173283,GELU,0.003695534120252073,3,118,32.0,56.0,,,,,,,,COMPLETE,0.6807410964173429
79,2.6353321075439453,2026-04-16 08:57:45.376726,2026-04-16 08:57:46.200593,0 days 00:00:00.823867,Softplus,0.014915604160855139,4,85,102.0,78.0,82.0,,,,,,,PRUNED,1.6233706008006752
80,12.759284019470215,2026-04-16 08:57:46.200961,2026-04-16 08:57:46.641272,0 days 00:00:00.440311,GELU,0.0005382738360326035,2,45,88.0,,,,,,,,,PRUNED,3.572014000458315
81,0.24478717148303986,2026-04-16 08:57:46.641596,2026-04-16 08:57:52.508359,0 days 00:00:05.866763,GELU,0.0015643900631790103,3,99,59.0,94.0,,,,,,,,COMPLETE,0.4947597108526925
82,0.15782374143600464,2026-04-16 08:57:52.508711,2026-04-16 08:57:58.591050,0 days 00:00:06.082339,GELU,0.0014845747360919244,3,103,76.0,94.0,,,,,,,,COMPLETE,0.3972703631483283
83,1.4546297788619995,2026-04-16 08:57:58.591414,2026-04-16 08:57:59.266643,0 days 00:00:00.675229,GELU,0.0011240171636065033,3,102,78.0,95.0,,,,,,,,PRUNED,1.206080336819235
84,1.5724081993103027,2026-04-16 08:57:59.266975,2026-04-16 08:57:59.712636,0 days 00:00:00.445661,GELU,0.0024909156186645985,2,73,67.0,,,,,,,,,PRUNED,1.2539570165321867
85,0.0575115941464901,2026-04-16 08:57:59.712963,2026-04-16 08:58:05.626866,0 days 00:00:05.913903,GELU,0.0013591405791627891,3,96,59.0,111.0,,,,,,,,COMPLETE,0.23981575041370842
86,8.758650779724121,2026-04-16 08:58:05.627203,2026-04-16 08:58:06.058065,0 days 00:00:00.430862,ELU,0.0016436963664526283,2,94,59.0,,,,,,,,,PRUNED,2.959501778969582
87,4.807025909423828,2026-04-16 08:58:06.058389,2026-04-16 08:58:06.528790,0 days 00:00:00.470401,GELU,0.0007677553816536634,2,80,91.0,,,,,,,,,PRUNED,2.1924930808154968
88,1.6954964399337769,2026-04-16 08:58:06.529108,2026-04-16 08:58:12.828318,0 days 00:00:06.299210,GELU,0.011053748748800187,3,106,73.0,128.0,,,,,,,,COMPLETE,1.302112299279051
89,179.12289428710938,2026-04-16 08:58:12.828680,2026-04-16 08:58:13.046570,0 days 00:00:00.217890,ReLU,0.0015576570197537308,1,66,,,,,,,,,,PRUNED,13.38368014737013
90,43.55747604370117,2026-04-16 08:58:13.046878,2026-04-16 08:58:13.583603,0 days 00:00:00.536725,Tanh,0.00020468803880819729,3,56,65.0,112.0,,,,,,,,PRUNED,6.599808788419645
91,1.5306051969528198,2026-04-16 08:58:13.583917,2026-04-16 08:58:19.414427,0 days 00:00:05.830510,GELU,0.00326229759808144,3,98,44.0,101.0,,,,,,,,COMPLETE,1.2371762998670883
92,1843.7552490234375,2026-04-16 08:58:19.414804,2026-04-16 08:58:20.069951,0 days 00:00:00.655147,GELU,1.357475262007469e-06,3,110,54.0,89.0,,,,,,,,PRUNED,42.93897121524266
93,0.8216975927352905,2026-04-16 08:58:20.070283,2026-04-16 08:58:26.083387,0 days 00:00:06.013104,GELU,0.008642205200248316,3,89,61.0,125.0,,,,,,,,COMPLETE,0.9064753679694173
94,0.09857133775949478,2026-04-16 08:58:26.083745,2026-04-16 08:58:34.977218,0 days 00:00:08.893473,GELU,0.0009224674284898889,4,205,83.0,112.0,32.0,,,,,,,COMPLETE,0.31396072646032464
95,38.50646209716797,2026-04-16 08:58:34.977599,2026-04-16 08:58:35.743488,0 days 00:00:00.765889,GELU,0.00040947059080800733,4,8,83.0,134.0,35.0,,,,,,,PRUNED,6.205357531775906
96,0.3233335018157959,2026-04-16 08:58:35.743800,2026-04-16 08:58:45.523690,0 days 00:00:09.779890,GELU,0.000872621116705301,4,208,116.0,149.0,55.0,,,,,,,COMPLETE,0.5686242184569664
97,1.6885331869125366,2026-04-16 08:58:45.524079,2026-04-16 08:58:46.103081,0 days 00:00:00.579002,GELU,0.0011776872194250248,2,197,75.0,,,,,,,,,PRUNED,1.2994357186534995
98,0.23297780752182007,2026-04-16 08:58:46.103423,2026-04-16 08:58:55.280897,0 days 00:00:09.177474,GELU,0.0022845475332669085,5,73,103.0,115.0,25.0,111.0,,,,,,COMPLETE,0.48267774707543754
99,2.2457451820373535,2026-04-16 08:58:55.281253,2026-04-16 08:59:04.615425,0 days 00:00:09.334172,GELU,0.0021652630397355323,5,76,112.0,113.0,22.0,127.0,,,,,,COMPLETE,1.49858105621196
100,2.7192769050598145,2026-04-16 08:59:04.615799,2026-04-16 08:59:05.747659,0 days 00:00:01.131860,GELU,0.0005545854785790253,5,70,100.0,161.0,43.0,111.0,,,,,,PRUNED,1.64902301532144
101,0.3610631823539734,2026-04-16 08:59:05.748021,2026-04-16 08:59:17.265315,0 days 00:00:11.517294,GELU,0.002725449607356084,6,85,85.0,97.0,64.0,171.0,54.0,,,,,COMPLETE,0.6008853321175126
102,49.61809158325195,2026-04-16 08:59:17.265689,2026-04-16 08:59:18.476908,0 days 00:00:01.211219,GELU,8.752792861055585e-05,6,101,93.0,121.0,19.0,62.0,167.0,,,,,PRUNED,7.044011043663401
103,0.08346053957939148,2026-04-16 08:59:18.477256,2026-04-16 08:59:27.940566,0 days 00:00:09.463310,GELU,0.0014176602994353134,5,90,70.0,105.0,52.0,146.0,,,,,,COMPLETE,0.2888953782589668
104,14.7822847366333,2026-04-16 08:59:27.940935,2026-04-16 08:59:28.954516,0 days 00:00:01.013581,Softplus,0.0013752254939274752,5,60,69.0,140.0,48.0,139.0,,,,,,PRUNED,3.844773691211656
105,0.21302959322929382,2026-04-16 08:59:28.954873,2026-04-16 08:59:38.267874,0 days 00:00:09.313001,GELU,0.0037397978635938115,5,87,101.0,110.0,29.0,106.0,,,,,,COMPLETE,0.46155128992268435
106,1.1730928421020508,2026-04-16 08:59:38.268248,2026-04-16 08:59:39.702269,0 days 00:00:01.434021,GELU,0.0033773775101184336,5,90,124.0,110.0,32.0,102.0,,,,,,PRUNED,1.0830941058384773
107,1.9700430631637573,2026-04-16 08:59:39.702608,2026-04-16 08:59:40.724992,0 days 00:00:01.022384,GELU,0.0007422176591016275,5,81,98.0,108.0,2.0,146.0,,,,,,PRUNED,1.4035822252948906
108,4.169254779815674,2026-04-16 08:59:40.725323,2026-04-16 08:59:42.119520,0 days 00:00:01.394197,ELU,0.004494768224917052,6,66,144.0,133.0,60.0,118.0,252.0,,,,,PRUNED,2.0418753095661044
109,0.1654665321111679,2026-04-16 08:59:42.119860,2026-04-16 08:59:51.284918,0 days 00:00:09.165058,GELU,0.0023959541752357565,5,166,107.0,85.0,15.0,82.0,,,,,,COMPLETE,0.4067757762099016
110,0.7649374604225159,2026-04-16 08:59:51.285306,2026-04-16 09:00:01.813923,0 days 00:00:10.528617,GELU,0.0009452594596213868,6,182,81.0,85.0,12.0,76.0,91.0,,,,,COMPLETE,0.8746070319992378
111,0.9954596161842346,2026-04-16 09:00:01.814294,2026-04-16 09:00:11.837346,0 days 00:00:10.023052,GELU,0.002192655825436785,5,165,116.0,119.0,26.0,87.0,,,,,,COMPLETE,0.9977272253397893
112,36.607383728027344,2026-04-16 09:00:11.837726,2026-04-16 09:00:22.505253,0 days 00:00:10.667527,GELU,0.0068718985120337995,5,217,107.0,107.0,36.0,108.0,,,,,,COMPLETE,6.050403600424301
113,0.21182101964950562,2026-04-16 09:00:22.505628,2026-04-16 09:00:33.246799,0 days 00:00:10.741171,GELU,0.0021241261450481537,5,199,87.0,125.0,49.0,155.0,,,,,,COMPLETE,0.4602401760488817
114,0.3468836545944214,2026-04-16 09:00:33.247172,2026-04-16 09:00:42.263881,0 days 00:00:09.016709,GELU,0.003533016765017591,4,184,90.0,144.0,73.0,,,,,,,COMPLETE,0.5889682967651326
115,92.41973876953125,2026-04-16 09:00:42.264252,2026-04-16 09:00:43.216289,0 days 00:00:00.952037,ReLU,0.0015711957603454006,7,195,97.0,126.0,50.0,161.0,30.0,149.0,,,,PRUNED,9.613518542632102
116,1.2974213361740112,2026-04-16 09:00:43.216623,2026-04-16 09:00:44.577275,0 days 00:00:01.360652,GELU,0.009945857415967494,4,216,76.0,214.0,13.0,,,,,,,PRUNED,1.1390440448788675
117,10.851245880126953,2026-04-16 09:00:44.577599,2026-04-16 09:00:45.535701,0 days 00:00:00.958102,Tanh,0.005171969521513869,5,209,86.0,80.0,90.0,186.0,,,,,,PRUNED,3.294122930330159
118,4.616373062133789,2026-04-16 09:00:45.536046,2026-04-16 09:00:47.104776,0 days 00:00:01.568730,GELU,0.015929781296064947,6,187,94.0,242.0,43.0,133.0,167.0,,,,,PRUNED,2.1485746582638896
119,1.649698257446289,2026-04-16 09:00:47.105121,2026-04-16 09:00:48.397156,0 days 00:00:01.292035,GELU,0.00045173020117795923,5,156,210.0,102.0,56.0,154.0,,,,,,PRUNED,1.2844057993664966
120,0.15083374083042145,2026-04-16 09:00:48.397489,2026-04-16 09:00:56.833559,0 days 00:00:08.436070,GELU,0.0010989228517474985,4,204,69.0,88.0,69.0,,,,,,,COMPLETE,0.388373197878563
121,0.1416211575269699,2026-04-16 09:00:56.833940,2026-04-16 09:01:05.694673,0 days 00:00:08.860733,GELU,0.0011383439061357357,4,235,70.0,92.0,82.0,,,,,,,COMPLETE,0.3763258661412605
122,2.765083074569702,2026-04-16 09:01:05.695050,2026-04-16 09:01:06.678565,0 days 00:00:00.983515,GELU,0.00029584626437352665,4,237,64.0,90.0,84.0,,,,,,,PRUNED,1.6628538945348452
123,0.22299063205718994,2026-04-16 09:01:06.678915,2026-04-16 09:01:15.252027,0 days 00:00:08.573112,GELU,0.000640797745127526,4,239,69.0,77.0,72.0,,,,,,,COMPLETE,0.4722188391595468
124,0.11551568657159805,2026-04-16 09:01:15.252396,2026-04-16 09:01:25.614729,0 days 00:00:10.362333,GELU,0.0010070700483754697,5,170,79.0,90.0,66.0,173.0,,,,,,COMPLETE,0.339875987047626
125,0.6535337567329407,2026-04-16 09:01:25.615109,2026-04-16 09:01:33.959432,0 days 00:00:08.344323,GELU,0.0011729743807837975,4,169,80.0,85.0,90.0,,,,,,,COMPLETE,0.8084143471840048
126,0.18814490735530853,2026-04-16 09:01:33.959793,2026-04-16 09:01:42.454427,0 days 00:00:08.494634,GELU,0.0009566060621146498,4,230,52.0,94.0,67.0,,,,,,,COMPLETE,0.4337567375330423
127,0.10010698437690735,2026-04-16 09:01:42.454812,2026-04-16 09:01:50.666745,0 days 00:00:08.211933,GELU,0.0008896535214994049,4,225,53.0,68.0,65.0,,,,,,,COMPLETE,0.31639687795063237
128,50.42021560668945,2026-04-16 09:01:50.667110,2026-04-16 09:01:51.593096,0 days 00:00:00.925986,Softplus,0.0005971553936075672,4,224,72.0,67.0,106.0,,,,,,,PRUNED,7.100719372478358
129,3.7634551525115967,2026-04-16 09:01:51.593441,2026-04-16 09:01:52.517300,0 days 00:00:00.923859,GELU,0.00022056809653830736,4,245,55.0,74.0,60.0,,,,,,,PRUNED,1.939962667813893
130,2.689350128173828,2026-04-16 09:01:52.517664,2026-04-16 09:01:53.465762,0 days 00:00:00.948098,GELU,0.0003300631346262396,4,227,67.0,55.0,78.0,,,,,,,PRUNED,1.6399238177957622
131,1.2482508420944214,2026-04-16 09:01:53.466101,2026-04-16 09:01:54.421156,0 days 00:00:00.955055,GELU,0.0009264271583279013,4,230,48.0,95.0,64.0,,,,,,,PRUNED,1.1172514677074366
132,0.33726802468299866,2026-04-16 09:01:54.421503,2026-04-16 09:02:02.764913,0 days 00:00:08.343410,GELU,0.0011398929480745934,4,220,51.0,88.0,70.0,,,,,,,COMPLETE,0.5807478150479765
133,0.11181055754423141,2026-04-16 09:02:02.765288,2026-04-16 09:02:11.040242,0 days 00:00:08.274954,GELU,0.001535527459730887,4,242,33.0,65.0,84.0,,,,,,,COMPLETE,0.3343808570241894
134,0.33575788140296936,2026-04-16 09:02:11.040612,2026-04-16 09:02:19.405586,0 days 00:00:08.364974,GELU,0.0016236246718387194,4,250,37.0,63.0,94.0,,,,,,,COMPLETE,0.5794461850793129
135,0.9716067910194397,2026-04-16 09:02:19.405946,2026-04-16 09:02:20.670435,0 days 00:00:01.264489,GELU,0.0026805362985592223,4,245,35.0,70.0,84.0,,,,,,,PRUNED,0.9857011671999987
136,4.052725315093994,2026-04-16 09:02:20.670769,2026-04-16 09:02:21.174823,0 days 00:00:00.504054,ELU,0.0017712087954619468,2,175,58.0,,,,,,,,,PRUNED,2.0131381758572844
137,1.1762131452560425,2026-04-16 09:02:21.175151,2026-04-16 09:02:22.325643,0 days 00:00:01.150492,GELU,0.0007145033562835803,5,191,41.0,46.0,101.0,204.0,,,,,,PRUNED,1.0845336072506202
138,7.991209983825684,2026-04-16 09:02:22.325978,2026-04-16 09:02:22.668738,0 days 00:00:00.342760,GELU,0.0013401001641189538,1,208,,,,,,,,,,PRUNED,2.8268728276711856
139,1.681426763534546,2026-04-16 09:02:22.669071,2026-04-16 09:02:23.583498,0 days 00:00:00.914427,GELU,0.000510053036354264,4,242,63.0,41.0,78.0,,,,,,,PRUNED,1.2966984088578755
140,103.56209564208984,2026-04-16 09:02:23.583845,2026-04-16 09:02:23.952305,0 days 00:00:00.368460,ReLU,0.00279402057236319,2,253,27.0,,,,,,,,,PRUNED,10.176546351394949
141,0.2601262629032135,2026-04-16 09:02:23.952645,2026-04-16 09:02:32.720735,0 days 00:00:08.768090,GELU,0.0009271740054832114,4,233,51.0,98.0,66.0,,,,,,,COMPLETE,0.5100257472944023
142,0.21761931478977203,2026-04-16 09:02:32.721114,2026-04-16 09:02:41.410057,0 days 00:00:08.688943,GELU,0.0013712146814006169,4,223,70.0,82.0,54.0,,,,,,,COMPLETE,0.46649685399772206
143,0.2860148847103119,2026-04-16 09:02:41.410424,2026-04-16 09:02:49.992054,0 days 00:00:08.581630,GELU,0.0018930610606609343,4,211,77.0,94.0,39.0,,,,,,,COMPLETE,0.5348035945188775
144,0.34036824107170105,2026-04-16 09:02:49.992416,2026-04-16 09:03:01.132728,0 days 00:00:11.140312,GELU,0.0008507991049162393,5,204,57.0,102.0,88.0,178.0,,,,,,COMPLETE,0.5834108681467127
145,0.2768033444881439,2026-04-16 09:03:01.133103,2026-04-16 09:03:09.667801,0 days 00:00:08.534698,GELU,0.00265304173615728,4,230,42.0,76.0,75.0,,,,,,,COMPLETE,0.5261210359680973
146,1.6370124816894531,2026-04-16 09:03:09.668166,2026-04-16 09:03:11.070518,0 days 00:00:01.402352,GELU,0.00035936577316629303,5,236,75.0,201.0,122.0,41.0,,,,,,PRUNED,1.2794578858600438
147,5.234659194946289,2026-04-16 09:03:11.070861,2026-04-16 09:03:11.612995,0 days 00:00:00.542134,Tanh,0.0011001711846807792,3,216,32.0,104.0,,,,,,,,PRUNED,2.287937760286824
148,3.702967882156372,2026-04-16 09:03:11.613329,2026-04-16 09:03:12.568909,0 days 00:00:00.955580,GELU,0.004598725936779409,4,175,62.0,91.0,135.0,,,,,,,PRUNED,1.9243097157568925
149,0.4274681806564331,2026-04-16 09:03:12.569246,2026-04-16 09:03:19.363504,0 days 00:00:06.794258,GELU,0.0020529445940993245,3,250,48.0,81.0,,,,,,,,COMPLETE,0.6538105082181175
150,4.0052103996276855,2026-04-16 09:03:19.363879,2026-04-16 09:03:19.937680,0 days 00:00:00.573801,GELU,0.0005018018752249584,2,227,54.0,,,,,,,,,PRUNED,2.001302175991343
151,0.8895976543426514,2026-04-16 09:03:19.938026,2026-04-16 09:03:30.545277,0 days 00:00:10.607251,GELU,0.002055404155049606,5,200,84.0,116.0,52.0,152.0,,,,,,COMPLETE,0.9431848463279355
152,1.4204473495483398,2026-04-16 09:03:30.545649,2026-04-16 09:03:40.994205,0 days 00:00:10.448556,GELU,0.0013724217764067234,5,191,81.0,65.0,46.0,234.0,,,,,,COMPLETE,1.1918252177011275
153,0.325652539730072,2026-04-16 09:03:40.994574,2026-04-16 09:03:50.719839,0 days 00:00:09.725265,GELU,0.003317180926827414,5,107,72.0,87.0,63.0,178.0,,,,,,COMPLETE,0.5706597407650833
154,105.25145721435547,2026-04-16 09:03:50.720223,2026-04-16 09:03:51.706152,0 days 00:00:00.985929,GELU,3.7774216205567157e-05,4,214,90.0,122.0,57.0,,,,,,,PRUNED,10.259213284377875
155,0.19475851953029633,2026-04-16 09:03:51.706518,2026-04-16 09:04:02.203452,0 days 00:00:10.496934,GELU,0.0021052481577527224,5,221,64.0,58.0,68.0,209.0,,,,,,COMPLETE,0.44131453582484265
156,1.3571008443832397,2026-04-16 09:04:02.203833,2026-04-16 09:04:03.072518,0 days 00:00:00.868685,GELU,0.0007278810162757799,4,158,64.0,60.0,69.0,,,,,,,PRUNED,1.1649467131089042
157,4.620014190673828,2026-04-16 09:04:03.072873,2026-04-16 09:04:04.168156,0 days 00:00:01.095283,GELU,0.006831819865567351,5,33,58.0,98.0,81.0,219.0,,,,,,PRUNED,2.1494218270674157
158,2.055750846862793,2026-04-16 09:04:04.168505,2026-04-16 09:04:04.747976,0 days 00:00:00.579471,GELU,0.0010061639222536578,2,224,66.0,,,,,,,,,PRUNED,1.4337889826828747
159,1.0095548629760742,2026-04-16 09:04:04.748320,2026-04-16 09:04:20.214936,0 days 00:00:15.466616,GELU,0.0017513617778892982,6,239,77.0,73.0,103.0,206.0,225.0,,,,,COMPLETE,1.0047660737585014
160,3.8115463256835938,2026-04-16 09:04:20.215315,2026-04-16 09:04:20.952531,0 days 00:00:00.737216,Softplus,0.0036719504266997135,4,221,23.0,52.0,15.0,,,,,,,PRUNED,1.9523181927348814
161,2.222770929336548,2026-04-16 09:04:20.952874,2026-04-16 09:04:31.509769,0 days 00:00:10.556895,GELU,0.0023644698237487902,5,205,72.0,105.0,47.0,166.0,,,,,,COMPLETE,1.49089601560154
162,1873.771240234375,2026-04-16 09:04:31.510128,2026-04-16 09:04:32.753606,0 days 00:00:01.243478,GELU,3.9067756743380226e-08,5,200,86.0,178.0,34.0,193.0,,,,,,PRUNED,43.28707936826386
163,0.4855155646800995,2026-04-16 09:04:32.753953,2026-04-16 09:04:42.919868,0 days 00:00:10.165915,GELU,0.0013776138552759254,5,93,68.0,83.0,71.0,255.0,,,,,,COMPLETE,0.6967894694095911
164,0.45841118693351746,2026-04-16 09:04:42.920246,2026-04-16 09:04:51.636161,0 days 00:00:08.715915,GELU,0.002660674963958927,4,234,50.0,114.0,60.0,,,,,,,COMPLETE,0.6770606966391695
165,3.699152946472168,2026-04-16 09:04:51.636543,2026-04-16 09:04:52.815362,0 days 00:00:01.178819,GELU,0.004862790899682596,5,147,62.0,94.0,40.0,239.0,,,,,,PRUNED,1.923318212483875
166,0.31182071566581726,2026-04-16 09:04:52.815711,2026-04-16 09:05:03.086646,0 days 00:00:10.270935,GELU,0.0006360463228547535,5,229,80.0,34.0,94.0,128.0,,,,,,COMPLETE,0.5584090934662662
167,0.2947903275489807,2026-04-16 09:05:03.087021,2026-04-16 09:05:15.429823,0 days 00:00:12.342802,GELU,0.0018458241515107371,6,244,45.0,71.0,52.0,178.0,97.0,,,,,COMPLETE,0.5429459711140517
168,4.11416482925415,2026-04-16 09:05:15.430204,2026-04-16 09:05:16.250972,0 days 00:00:00.820768,ELU,0.0009339169851314703,4,219,55.0,77.0,29.0,,,,,,,PRUNED,2.028340412567415
169,1.2371435165405273,2026-04-16 09:05:16.251294,2026-04-16 09:05:17.081048,0 days 00:00:00.829754,GELU,0.0013018124209635304,4,96,30.0,128.0,75.0,,,,,,,PRUNED,1.1122695341240483
170,0.1308595836162567,2026-04-16 09:05:17.081376,2026-04-16 09:05:22.551802,0 days 00:00:05.470426,GELU,0.0036609419939863793,2,212,91.0,,,,,,,,,COMPLETE,0.3617451915592752
171,0.10880155861377716,2026-04-16 09:05:22.552165,2026-04-16 09:05:28.023262,0 days 00:00:05.471097,GELU,0.0031780919501410818,2,212,91.0,,,,,,,,,COMPLETE,0.32985081266199295
172,1.1726583242416382,2026-04-16 09:05:28.023616,2026-04-16 09:05:28.835478,0 days 00:00:00.811862,GELU,0.006002181801054952,2,204,93.0,,,,,,,,,PRUNED,1.0828934962597376
173,0.12482539564371109,2026-04-16 09:05:28.835817,2026-04-16 09:05:34.302159,0 days 00:00:05.466342,GELU,0.0032302656961014317,2,212,107.0,,,,,,,,,COMPLETE,0.3533063764549277
174,0.7164844870567322,2026-04-16 09:05:34.302527,2026-04-16 09:05:39.048235,0 days 00:00:04.745708,GELU,0.0034634150948806884,2,128,102.0,,,,,,,,,COMPLETE,0.8464540667140374
175,1.2721774578094482,2026-04-16 09:05:39.048611,2026-04-16 09:05:39.791950,0 days 00:00:00.743339,GELU,0.008466929838307413,2,215,107.0,,,,,,,,,PRUNED,1.1279084438949147
176,0.986303448677063,2026-04-16 09:05:39.792295,2026-04-16 09:05:40.530214,0 days 00:00:00.737919,GELU,0.004599672395157835,2,214,123.0,,,,,,,,,PRUNED,0.9931281129225288
177,119.7175064086914,2026-04-16 09:05:40.530569,2026-04-16 09:05:40.764807,0 days 00:00:00.234238,ReLU,0.00289301802919698,1,208,,,,,,,,,,PRUNED,10.941549543309275
178,2.418879508972168,2026-04-16 09:05:40.765137,2026-04-16 09:05:41.251479,0 days 00:00:00.486342,GELU,0.0015865987094551013,2,83,111.0,,,,,,,,,PRUNED,1.5552747374570732
179,1.817552924156189,2026-04-16 09:05:41.251815,2026-04-16 09:05:42.252585,0 days 00:00:01.000770,GELU,0.00606675371162334,2,50,95.0,,,,,,,,,PRUNED,1.3481665046114255
180,2.508960008621216,2026-04-16 09:05:42.252925,2026-04-16 09:05:42.720415,0 days 00:00:00.467490,Tanh,0.0036556216642579234,2,212,89.0,,,,,,,,,PRUNED,1.5839696994012278
181,0.9573237895965576,2026-04-16 09:05:42.720748,2026-04-16 09:05:48.016981,0 days 00:00:05.296233,GELU,0.0021868676422786143,2,222,75.0,,,,,,,,,COMPLETE,0.9784292460860712
182,1.6929267644882202,2026-04-16 09:05:48.017348,2026-04-16 09:05:48.633290,0 days 00:00:00.615942,GELU,0.0011563989734120327,2,225,104.0,,,,,,,,,PRUNED,1.301125191704557
183,0.09346920251846313,2026-04-16 09:05:48.633628,2026-04-16 09:05:54.097350,0 days 00:00:05.463722,GELU,0.0026780011407010764,2,233,83.0,,,,,,,,,COMPLETE,0.30572733361357
184,0.3316137194633484,2026-04-16 09:05:54.097701,2026-04-16 09:05:59.561488,0 days 00:00:05.463787,GELU,0.002961891556481802,2,240,82.0,,,,,,,,,COMPLETE,0.5758591142487444
185,11.397001266479492,2026-04-16 09:05:59.561857,2026-04-16 09:05:59.932090,0 days 00:00:00.370233,GELU,0.0008917657333430823,1,233,,,,,,,,,,PRUNED,3.3759444999110237
186,0.4227770268917084,2026-04-16 09:05:59.932440,2026-04-16 09:06:05.878054,0 days 00:00:05.945614,GELU,0.004254032734403413,2,194,114.0,,,,,,,,,COMPLETE,0.6502130626892298
187,1870.0892333984375,2026-04-16 09:06:05.878426,2026-04-16 09:06:06.582817,0 days 00:00:00.704391,GELU,2.64419451687565e-07,3,104,96.0,110.0,,,,,,,,PRUNED,43.24452836369519
188,1.3891347646713257,2026-04-16 09:06:06.583148,2026-04-16 09:06:07.160395,0 days 00:00:00.577247,GELU,0.0014434586777007379,2,202,86.0,,,,,,,,,PRUNED,1.1786156136210506
189,0.25833359360694885,2026-04-16 09:06:07.160741,2026-04-16 09:06:12.646536,0 days 00:00:05.485795,GELU,0.002681947042439032,2,246,80.0,,,,,,,,,COMPLETE,0.5082652787737412
190,2.1339633464813232,2026-04-16 09:06:12.646896,2026-04-16 09:06:13.371365,0 days 00:00:00.724469,GELU,0.0007535892106428172,3,92,131.0,91.0,,,,,,,,PRUNED,1.460809141017855
191,0.0910239890217781,2026-04-16 09:06:13.371701,2026-04-16 09:06:18.878984,0 days 00:00:05.507283,GELU,0.0019060887866487145,2,220,74.0,,,,,,,,,COMPLETE,0.30170182137630214
192,1.1040165424346924,2026-04-16 09:06:18.879349,2026-04-16 09:06:19.531320,0 days 00:00:00.651971,GELU,0.0018570371888068531,2,231,70.0,,,,,,,,,PRUNED,1.0507219148921814
193,1.3169386386871338,2026-04-16 09:06:19.531656,2026-04-16 09:06:20.106896,0 days 00:00:00.575240,GELU,0.0011127500853404704,2,211,75.0,,,,,,,,,PRUNED,1.1475794694430246
194,1.5534199476242065,2026-04-16 09:06:20.107231,2026-04-16 09:06:20.626839,0 days 00:00:00.519608,GELU,0.0024944593335903317,2,218,19.0,,,,,,,,,PRUNED,1.2463626870314302
195,4.317673683166504,2026-04-16 09:06:20.627168,2026-04-16 09:06:20.992012,0 days 00:00:00.364844,GELU,0.004301674527159238,1,237,,,,,,,,,,PRUNED,2.0779012688687843
196,1.8163728713989258,2026-04-16 09:06:20.992344,2026-04-16 09:06:21.471468,0 days 00:00:00.479124,GELU,0.0016441404881701134,2,89,90.0,,,,,,,,,PRUNED,1.3477287825816164
197,4.765183448791504,2026-04-16 09:06:21.471797,2026-04-16 09:06:22.539091,0 days 00:00:01.067294,Softplus,0.003134179355137851,3,230,233.0,87.0,,,,,,,,PRUNED,2.1829300146343456
198,8.193218231201172,2026-04-16 09:06:22.539437,2026-04-16 09:06:22.999468,0 days 00:00:00.460031,GELU,0.0005413349492341835,2,79,69.0,,,,,,,,,PRUNED,2.8623798195210175
199,1.5920288562774658,2026-04-16 09:06:22.999792,2026-04-16 09:06:24.503828,0 days 00:00:01.504036,GELU,0.001383023368521205,8,227,38.0,98.0,7.0,21.0,170.0,7.0,149.0,,,PRUNED,1.2617562586638775
200,0.24104145169258118,2026-04-16 09:06:24.504166,2026-04-16 09:06:33.697511,0 days 00:00:09.193345,GELU,0.0021671526082368635,4,209,81.0,104.0,112.0,,,,,,,COMPLETE,0.49095972512272446
201,1.067841649055481,2026-04-16 09:06:33.697882,2026-04-16 09:06:34.241542,0 days 00:00:00.543660,GELU,0.0020875158686826274,2,139,59.0,,,,,,,,,PRUNED,1.0333642383281323
202,0.057760659605264664,2026-04-16 09:06:34.241882,2026-04-16 09:06:42.672907,0 days 00:00:08.431025,GELU,0.0009960307224449552,4,220,65.0,61.0,87.0,,,,,,,COMPLETE,0.2403344744419008
203,0.4608076810836792,2026-04-16 09:06:42.673279,2026-04-16 09:06:51.067867,0 days 00:00:08.394588,GELU,0.0010587151473812743,4,217,74.0,51.0,87.0,,,,,,,COMPLETE,0.6788281675679636
204,0.08163799345493317,2026-04-16 09:06:51.068240,2026-04-16 09:06:59.767043,0 days 00:00:08.698803,GELU,0.0015187322153049285,4,223,67.0,80.0,94.0,,,,,,,COMPLETE,0.28572363125043254
205,2.922928810119629,2026-04-16 09:06:59.767424,2026-04-16 09:07:00.511185,0 days 00:00:00.743761,GELU,0.0015249311309652365,4,23,66.0,68.0,95.0,,,,,,,PRUNED,1.7096575125210396
206,0.24791383743286133,2026-04-16 09:07:00.511535,2026-04-16 09:07:07.419428,0 days 00:00:06.907893,GELU,0.0054730808867408595,3,224,77.0,80.0,,,,,,,,COMPLETE,0.49790946710507655
207,3.9403891563415527,2026-04-16 09:07:07.419791,2026-04-16 09:07:08.272071,0 days 00:00:00.852280,ELU,0.003471551354832075,4,99,71.0,64.0,211.0,,,,,,,PRUNED,1.985041348773761
208,0.13216102123260498,2026-04-16 09:07:08.272428,2026-04-16 09:07:16.819264,0 days 00:00:08.546836,GELU,0.0008264735109618415,4,212,61.0,75.0,107.0,,,,,,,COMPLETE,0.3635395731314611
209,150.95420837402344,2026-04-16 09:07:16.819636,2026-04-16 09:07:17.758291,0 days 00:00:00.938655,GELU,1.2089427823978552e-05,4,204,60.0,76.0,107.0,,,,,,,PRUNED,12.286342351327487
210,1.219054937362671,2026-04-16 09:07:17.758641,2026-04-16 09:07:18.673072,0 days 00:00:00.914431,GELU,0.0007013410629158541,4,211,65.0,61.0,79.0,,,,,,,PRUNED,1.1041082090821854
211,0.10461267083883286,2026-04-16 09:07:18.673433,2026-04-16 09:07:27.804783,0 days 00:00:09.131350,GELU,0.0008401058233341577,4,218,84.0,85.0,99.0,,,,,,,COMPLETE,0.3234388208592668
212,1.3149367570877075,2026-04-16 09:07:27.805144,2026-04-16 09:07:28.846314,0 days 00:00:01.041170,GELU,0.00043256387697214666,4,220,87.0,72.0,118.0,,,,,,,PRUNED,1.1467069185662515
213,0.14471498131752014,2026-04-16 09:07:28.846649,2026-04-16 09:07:37.730444,0 days 00:00:08.883795,GELU,0.0008952242820531084,4,212,83.0,85.0,100.0,,,,,,,COMPLETE,0.38041422333756153
214,0.5530641674995422,2026-04-16 09:07:37.730812,2026-04-16 09:07:46.665499,0 days 00:00:08.934687,GELU,0.0007731859716705624,4,216,83.0,89.0,98.0,,,,,,,COMPLETE,0.7436828406649855
215,0.9537380337715149,2026-04-16 09:07:46.665869,2026-04-16 09:07:47.704737,0 days 00:00:01.038868,GELU,0.000596720043029189,4,210,70.0,82.0,83.0,,,,,,,PRUNED,0.9765951227461229
216,0.6477331519126892,2026-04-16 09:07:47.705092,2026-04-16 09:07:56.220137,0 days 00:00:08.515045,GELU,0.0010598584081897003,4,214,77.0,67.0,90.0,,,,,,,COMPLETE,0.8048187074818087
217,1.63901686668396,2026-04-16 09:07:56.220503,2026-04-16 09:07:57.110484,0 days 00:00:00.889981,GELU,0.0008010193657717108,4,206,82.0,3.0,104.0,,,,,,,PRUNED,1.2802409408716626
218,75.58354187011719,2026-04-16 09:07:57.110818,2026-04-16 09:07:57.738410,0 days 00:00:00.627592,ReLU,0.0013796951405437433,4,222,92.0,100.0,111.0,,,,,,,PRUNED,8.693879563814832
219,1.647816777229309,2026-04-16 09:07:57.738751,2026-04-16 09:07:58.699384,0 days 00:00:00.960633,GELU,0.00041030389562470113,4,217,74.0,77.0,93.0,,,,,,,PRUNED,1.2836731582569252
220,0.04682343453168869,2026-04-16 09:07:58.699715,2026-04-16 09:08:07.474355,0 days 00:00:08.774640,GELU,0.0011316535454287552,4,225,61.0,91.0,99.0,,,,,,,COMPLETE,0.2163872328296859
221,0.12918061017990112,2026-04-16 09:08:07.474731,2026-04-16 09:08:16.082223,0 days 00:00:08.607492,GELU,0.001103185987744484,4,226,56.0,84.0,100.0,,,,,,,COMPLETE,0.3594170421389352
222,0.15693916380405426,2026-04-16 09:08:16.082589,2026-04-16 09:08:24.790420,0 days 00:00:08.707831,GELU,0.001074156896544777,4,225,56.0,83.0,102.0,,,,,,,COMPLETE,0.39615547933110085
223,0.874454915523529,2026-04-16 09:08:24.790780,2026-04-16 09:08:25.840097,0 days 00:00:01.049317,GELU,0.0009497275150502165,4,226,56.0,84.0,101.0,,,,,,,PRUNED,0.9351229413951564
224,1.1183820962905884,2026-04-16 09:08:25.840425,2026-04-16 09:08:26.854714,0 days 00:00:01.014289,GELU,0.0006126831918510083,4,233,59.0,90.0,98.0,,,,,,,PRUNED,1.0575358605222749
225,0.10085783898830414,2026-04-16 09:08:26.855065,2026-04-16 09:08:35.723599,0 days 00:00:08.868534,GELU,0.0011733486157722212,4,221,51.0,79.0,123.0,,,,,,,COMPLETE,0.31758123210968264
226,0.16959767043590546,2026-04-16 09:08:35.723981,2026-04-16 09:08:44.498504,0 days 00:00:08.774523,GELU,0.001247356867032088,4,219,51.0,72.0,132.0,,,,,,,COMPLETE,0.41182237728892956
227,1.0081560611724854,2026-04-16 09:08:44.498872,2026-04-16 09:08:45.469384,0 days 00:00:00.970512,GELU,0.0007291375264588518,4,213,45.0,80.0,140.0,,,,,,,PRUNED,1.0040697491571418
228,1.4988889694213867,2026-04-16 09:08:45.469720,2026-04-16 09:08:46.774767,0 days 00:00:01.305047,GELU,0.0016469415938696107,4,222,61.0,94.0,85.0,,,,,,,PRUNED,1.2242912110365682
229,0.13197769224643707,2026-04-16 09:08:46.775112,2026-04-16 09:08:55.594040,0 days 00:00:08.818928,GELU,0.0009961657295711357,4,226,65.0,75.0,127.0,,,,,,,COMPLETE,0.3632873411590845
230,1.395867109298706,2026-04-16 09:08:55.594426,2026-04-16 09:08:56.545954,0 days 00:00:00.951528,GELU,0.0005260662239442733,4,236,64.0,56.0,122.0,,,,,,,PRUNED,1.1814682007141395
231,0.11110840737819672,2026-04-16 09:08:56.546295,2026-04-16 09:09:05.305884,0 days 00:00:08.759589,GELU,0.0009823818418285626,4,228,69.0,75.0,108.0,,,,,,,COMPLETE,0.3333292777092896
232,1.1579673290252686,2026-04-16 09:09:05.306256,2026-04-16 09:09:06.287175,0 days 00:00:00.980919,GELU,0.000841811615888455,4,228,67.0,67.0,123.0,,,,,,,PRUNED,1.076088903866808
233,21.41787338256836,2026-04-16 09:09:06.287518,2026-04-16 09:09:07.093689,0 days 00:00:00.806171,Tanh,0.0013056515018549147,4,227,53.0,186.0,109.0,,,,,,,PRUNED,4.627944833570119
234,0.21838098764419556,2026-04-16 09:09:07.094041,2026-04-16 09:09:15.684830,0 days 00:00:08.590789,GELU,0.0008343897144780031,4,220,61.0,75.0,116.0,,,,,,,COMPLETE,0.4673125160363197
235,0.34727174043655396,2026-04-16 09:09:15.685194,2026-04-16 09:09:25.824602,0 days 00:00:10.139408,GELU,0.0017085262577673304,4,234,48.0,251.0,126.0,,,,,,,COMPLETE,0.5892976670890137
236,1.083355188369751,2026-04-16 09:09:25.824986,2026-04-16 09:09:34.869814,0 days 00:00:09.044828,GELU,0.0011229194105527123,4,230,84.0,72.0,141.0,,,,,,,COMPLETE,1.0408434985000152
237,0.11100262403488159,2026-04-16 09:09:34.870190,2026-04-16 09:09:45.482869,0 days 00:00:10.612679,GELU,0.0006506757381508973,4,223,167.0,62.0,114.0,,,,,,,COMPLETE,0.33317056297770603
238,0.12805283069610596,2026-04-16 09:09:45.483239,2026-04-16 09:09:54.429610,0 days 00:00:08.946371,GELU,0.000726967258686326,4,223,71.0,65.0,114.0,,,,,,,COMPLETE,0.35784470192543855
239,1.5883598327636719,2026-04-16 09:09:54.429987,2026-04-16 09:09:55.447401,0 days 00:00:01.017414,GELU,0.000501689189298518,4,223,70.0,62.0,114.0,,,,,,,PRUNED,1.2603014848692642
240,0.3123946785926819,2026-04-16 09:09:55.447753,2026-04-16 09:10:06.458259,0 days 00:00:11.010506,GELU,0.0007230104462370307,4,226,186.0,57.0,128.0,,,,,,,COMPLETE,0.5589227841058922
241,2.1896073818206787,2026-04-16 09:10:06.458626,2026-04-16 09:10:07.416127,0 days 00:00:00.957501,GELU,0.0003112323108464119,4,217,65.0,67.0,109.0,,,,,,,PRUNED,1.4797321993592891
242,0.2501372694969177,2026-04-16 09:10:07.416459,2026-04-16 09:10:18.123789,0 days 00:00:10.707330,GELU,0.0008911102839634687,4,239,148.0,75.0,118.0,,,,,,,COMPLETE,0.5001372506591742
243,0.9788738489151001,2026-04-16 09:10:18.124165,2026-04-16 09:10:27.192387,0 days 00:00:09.068222,GELU,0.0011957847341265864,4,213,78.0,80.0,151.0,,,,,,,COMPLETE,0.9893805379706537
244,1.2971789836883545,2026-04-16 09:10:27.192753,2026-04-16 09:10:28.126354,0 days 00:00:00.933601,GELU,0.0006473616652147853,4,220,73.0,49.0,104.0,,,,,,,PRUNED,1.1389376557513384
245,0.08286835998296738,2026-04-16 09:10:28.126696,2026-04-16 09:10:47.045987,0 days 00:00:18.919291,GELU,0.0016830479013946436,9,232,161.0,69.0,93.0,95.0,32.0,109.0,79.0,131.0,,COMPLETE,0.2878686505734297
246,1.2918617725372314,2026-04-16 09:10:47.046364,2026-04-16 09:10:49.156259,0 days 00:00:02.109895,GELU,0.0017744753182985784,9,233,177.0,42.0,89.0,98.0,41.0,118.0,82.0,142.0,,PRUNED,1.1366009733135158
247,0.46764886379241943,2026-04-16 09:10:49.156601,2026-04-16 09:11:04.398110,0 days 00:00:15.241509,GELU,0.0014951435940703769,7,229,153.0,66.0,97.0,60.0,89.0,71.0,,,,COMPLETE,0.6838485678806525
248,5.700279235839844,2026-04-16 09:11:04.398488,2026-04-16 09:11:06.435863,0 days 00:00:02.037375,Softplus,0.0020957354227574437,9,241,159.0,62.0,106.0,75.0,24.0,148.0,113.0,86.0,,PRUNED,2.3875257560578995
249,0.16252654790878296,2026-04-16 09:11:06.436226,2026-04-16 09:11:17.141370,0 days 00:00:10.705144,GELU,0.0012016241805672453,4,225,168.0,70.0,114.0,,,,,,,COMPLETE,0.4031458146983334
250,0.20024359226226807,2026-04-16 09:11:17.141737,2026-04-16 09:11:27.576742,0 days 00:00:10.435005,GELU,0.0018398963964686434,4,235,166.0,59.0,93.0,,,,,,,COMPLETE,0.4474858570527878
251,0.11606761068105698,2026-04-16 09:11:27.577114,2026-04-16 09:11:36.304982,0 days 00:00:08.727868,GELU,0.000995534369184231,4,223,56.0,76.0,131.0,,,,,,,COMPLETE,0.34068696875732857
252,0.9480448365211487,2026-04-16 09:11:36.305360,2026-04-16 09:11:37.489554,0 days 00:00:01.184194,GELU,0.0005509367382679435,4,222,164.0,77.0,119.0,,,,,,,PRUNED,0.973675940198354
253,1.0232089757919312,2026-04-16 09:11:37.489896,2026-04-16 09:11:38.643742,0 days 00:00:01.153846,GELU,0.000877676682905404,4,220,172.0,54.0,127.0,,,,,,,PRUNED,1.011537926027458
254,1.6808030605316162,2026-04-16 09:11:38.644091,2026-04-16 09:11:39.609574,0 days 00:00:00.965483,GELU,0.000433471175113623,4,228,54.0,71.0,135.0,,,,,,,PRUNED,1.2964578899955124
255,1.5437283515930176,2026-04-16 09:11:39.609930,2026-04-16 09:11:47.133677,0 days 00:00:07.523747,GELU,0.002403031496887854,3,216,141.0,63.0,,,,,,,,COMPLETE,1.2424686521570745
256,0.5179627537727356,2026-04-16 09:11:47.134056,2026-04-16 09:12:03.684430,0 days 00:00:16.550374,GELU,0.001560926150071246,8,224,57.0,78.0,131.0,120.0,74.0,202.0,46.0,,,COMPLETE,0.7196962927323828
257,3.711390495300293,2026-04-16 09:12:03.684801,2026-04-16 09:12:04.565691,0 days 00:00:00.880890,ELU,0.0007299206793128567,4,217,63.0,68.0,111.0,,,,,,,PRUNED,1.9264969492060695
258,0.16649603843688965,2026-04-16 09:12:04.566039,2026-04-16 09:12:13.175877,0 days 00:00:08.609838,GELU,0.0011584571077974401,4,229,42.0,85.0,121.0,,,,,,,COMPLETE,0.4080392609013128
259,1.235715627670288,2026-04-16 09:12:13.176244,2026-04-16 09:12:13.788229,0 days 00:00:00.611985,GELU,0.0025311020663432012,2,209,52.0,,,,,,,,,PRUNED,1.1116274680261766
260,1873.508056640625,2026-04-16 09:12:13.788581,2026-04-16 09:12:16.135298,0 days 00:00:02.346717,GELU,9.068837646251999e-07,10,225,58.0,73.0,106.0,140.0,110.0,41.0,174.0,174.0,88.0,PRUNED,43.28403928286529
261,87.03422546386719,2026-04-16 09:12:16.135654,2026-04-16 09:12:16.719114,0 days 00:00:00.583460,ReLU,0.0013763128388955767,4,219,47.0,80.0,143.0,,,,,,,PRUNED,9.329213550126676
262,1.7298834323883057,2026-04-16 09:12:16.719460,2026-04-16 09:12:17.471914,0 days 00:00:00.752454,GELU,0.0006656719903612792,3,232,67.0,59.0,,,,,,,,PRUNED,1.3152503306930987
263,0.283308207988739,2026-04-16 09:12:17.472253,2026-04-16 09:12:27.789495,0 days 00:00:10.317242,GELU,0.0009000977067678338,4,215,160.0,74.0,93.0,,,,,,,COMPLETE,0.5322670457474697
264,1.0678030252456665,2026-04-16 09:12:27.789868,2026-04-16 09:12:42.356138,0 days 00:00:14.566270,GELU,0.002003850971079696,7,222,62.0,65.0,114.0,68.0,148.0,144.0,,,,COMPLETE,1.03334554977784
265,3.3225831985473633,2026-04-16 09:12:42.356519,2026-04-16 09:12:43.266133,0 days 00:00:00.909614,Tanh,0.001138459873378195,4,212,184.0,86.0,100.0,,,,,,,PRUNED,1.8227954351894136
266,0.7166483998298645,2026-04-16 09:12:43.266492,2026-04-16 09:12:44.315940,0 days 00:00:01.049448,GELU,0.0029701460333788855,2,247,73.0,,,,,,,,,PRUNED,0.8465508843713203
267,0.14460091292858124,2026-04-16 09:12:44.316273,2026-04-16 09:12:52.979526,0 days 00:00:08.663253,GELU,0.0016914620460697929,4,239,59.0,51.0,150.0,,,,,,,COMPLETE,0.38026426722554574
268,4.976132392883301,2026-04-16 09:12:52.979905,2026-04-16 09:12:53.557597,0 days 00:00:00.577692,GELU,0.00039224492255817973,2,230,50.0,,,,,,,,,PRUNED,2.2307246340333675
269,1.9085863828659058,2026-04-16 09:12:53.557945,2026-04-16 09:12:54.306919,0 days 00:00:00.748974,GELU,0.0005740180910055158,3,207,66.0,69.0,,,,,,,,PRUNED,1.3815159727147224
270,0.11741285026073456,2026-04-16 09:12:54.307257,2026-04-16 09:13:02.987696,0 days 00:00:08.680439,GELU,0.0009332587498479902,4,226,79.0,79.0,88.0,,,,,,,COMPLETE,0.34265558548013564
271,0.125845804810524,2026-04-16 09:13:02.988063,2026-04-16 09:13:11.941358,0 days 00:00:08.953295,GELU,0.0013274470096551957,4,225,80.0,106.0,84.0,,,,,,,COMPLETE,0.35474752262774717
272,0.6776755452156067,2026-04-16 09:13:11.941726,2026-04-16 09:13:20.971257,0 days 00:00:09.029531,GELU,0.00153544590718379,4,234,79.0,118.0,76.0,,,,,,,COMPLETE,0.8232105108753208
273,0.24676349759101868,2026-04-16 09:13:20.971628,2026-04-16 09:13:30.014830,0 days 00:00:09.043202,GELU,0.0022193864289879544,4,221,89.0,107.0,87.0,,,,,,,COMPLETE,0.4967529542851443
274,0.1149221807718277,2026-04-16 09:13:30.015211,2026-04-16 09:13:49.012374,0 days 00:00:18.997163,GELU,0.003080819419534911,10,224,84.0,100.0,81.0,90.0,47.0,111.0,1.0,186.0,149.0,COMPLETE,0.33900174154689483
275,0.29583871364593506,2026-04-16 09:13:49.012751,2026-04-16 09:14:08.112345,0 days 00:00:19.099594,GELU,0.0012804425761873148,10,228,80.0,100.0,81.0,92.0,45.0,98.0,5.0,185.0,142.0,COMPLETE,0.5439105750451402
276,2.6998982429504395,2026-04-16 09:14:08.112720,2026-04-16 09:14:09.888283,0 days 00:00:01.775563,GELU,0.0028161182777538462,9,237,79.0,105.0,91.0,48.0,20.0,44.0,48.0,99.0,,PRUNED,1.6431367085396271
277,0.6231510639190674,2026-04-16 09:14:09.888634,2026-04-16 09:14:19.564523,0 days 00:00:09.675889,GELU,0.001958490130431898,3,223,211.0,97.0,,,,,,,,COMPLETE,0.7893991790716959
278,684.8705444335938,2026-04-16 09:14:19.564889,2026-04-16 09:14:21.788257,0 days 00:00:02.223368,Softplus,4.395685096231307e-06,10,231,85.0,115.0,85.0,115.0,35.0,101.0,74.0,200.0,154.0,PRUNED,26.17003141827678
279,1.388934850692749,2026-04-16 09:14:21.788611,2026-04-16 09:14:22.959200,0 days 00:00:01.170589,GELU,0.0014849384419833985,4,225,77.0,111.0,77.0,,,,,,,PRUNED,1.1785308017581675
280,1.2918016910552979,2026-04-16 09:14:22.959550,2026-04-16 09:14:25.204592,0 days 00:00:02.245042,GELU,0.001110105860383789,10,217,72.0,99.0,97.0,134.0,78.0,171.0,29.0,158.0,73.0,PRUNED,1.1365745426743017
281,3.3777599334716797,2026-04-16 09:14:25.204938,2026-04-16 09:14:27.787181,0 days 00:00:02.582243,GELU,0.000728174847739248,10,232,86.0,90.0,82.0,126.0,51.0,126.0,113.0,252.0,202.0,PRUNED,1.8378683123313486
282,0.3700413703918457,2026-04-16 09:14:27.787537,2026-04-16 09:14:38.482785,0 days 00:00:10.695248,GELU,0.001999327547532755,4,222,175.0,92.0,88.0,,,,,,,COMPLETE,0.6083102583319188
283,2.871941566467285,2026-04-16 09:14:38.483152,2026-04-16 09:14:39.382501,0 days 00:00:00.899349,ELU,0.0009762718165717136,4,242,73.0,82.0,71.0,,,,,,,PRUNED,1.6946803729515738
284,40.270328521728516,2026-04-16 09:14:39.382851,2026-04-16 09:14:40.469221,0 days 00:00:01.086370,GELU,7.333907386182719e-05,5,228,42.0,109.0,95.0,3.0,,,,,,PRUNED,6.345890679938358
285,1.4572502374649048,2026-04-16 09:14:40.469574,2026-04-16 09:14:42.608229,0 days 00:00:02.138655,GELU,0.002857072522195105,8,219,77.0,87.0,78.0,84.0,2.0,55.0,69.0,,,PRUNED,1.207166201260168
286,0.13188156485557556,2026-04-16 09:14:42.608573,2026-04-16 09:14:51.637823,0 days 00:00:09.029250,GELU,0.0014570710384151301,4,226,82.0,103.0,64.0,,,,,,,COMPLETE,0.36315501491178054
287,3.7050845623016357,2026-04-16 09:14:51.638196,2026-04-16 09:14:53.480272,0 days 00:00:01.842076,GELU,0.00024192292605650223,9,237,34.0,96.0,100.0,99.0,107.0,97.0,5.0,113.0,,PRUNED,1.9248596214533764
288,80.47628021240234,2026-04-16 09:14:53.480617,2026-04-16 09:14:54.324667,0 days 00:00:00.844050,ReLU,0.0006267736709072579,6,218,95.0,80.0,87.0,144.0,63.0,,,,,PRUNED,8.970857272992495
289,3.3407113552093506,2026-04-16 09:14:54.325019,2026-04-16 09:14:55.638228,0 days 00:00:01.313209,GELU,0.0036379713899372702,4,232,87.0,63.0,92.0,,,,,,,PRUNED,1.827761296014704
290,0.42650508880615234,2026-04-16 09:14:55.638571,2026-04-16 09:15:04.179553,0 days 00:00:08.540982,GELU,0.0009459149137713703,4,225,69.0,91.0,60.0,,,,,,,COMPLETE,0.6530735707454041
291,0.22973968088626862,2026-04-16 09:15:04.179937,2026-04-16 09:15:13.624601,0 days 00:00:09.444664,GELU,0.0017861707903540744,5,216,74.0,56.0,72.0,32.0,,,,,,COMPLETE,0.47931167405589925
292,5.149962902069092,2026-04-16 09:15:13.624971,2026-04-16 09:15:14.250873,0 days 00:00:00.625902,Tanh,0.0004757178134932761,3,244,55.0,86.0,,,,,,,,PRUNED,2.2693529699165556
293,0.1764989048242569,2026-04-16 09:15:14.251244,2026-04-16 09:15:23.793383,0 days 00:00:09.542139,GELU,0.0013026914021220237,4,222,81.0,70.0,244.0,,,,,,,COMPLETE,0.42011772733872693
294,1.6994081735610962,2026-04-16 09:15:23.793762,2026-04-16 09:15:24.755964,0 days 00:00:00.962202,GELU,0.002771945189156814,4,230,47.0,103.0,104.0,,,,,,,PRUNED,1.3036135062053846
295,0.7862430214881897,2026-04-16 09:15:24.756310,2026-04-16 09:15:26.165246,0 days 00:00:01.408936,GELU,0.000938691111064246,4,252,69.0,123.0,96.0,,,,,,,PRUNED,0.8867034574694009
296,0.6434110403060913,2026-04-16 09:15:26.165590,2026-04-16 09:15:35.057209,0 days 00:00:08.891619,GELU,0.004311947948027814,4,236,89.0,78.0,84.0,,,,,,,COMPLETE,0.8021290671120772
297,1.7930500507354736,2026-04-16 09:15:35.057592,2026-04-16 09:15:35.853753,0 days 00:00:00.796161,GELU,0.0021826997923056145,3,227,75.0,113.0,,,,,,,,PRUNED,1.339048188354502
298,130.4629669189453,2026-04-16 09:15:35.854109,2026-04-16 09:15:36.807071,0 days 00:00:00.952962,GELU,2.208639566575069e-05,4,221,54.0,94.0,90.0,,,,,,,PRUNED,11.422038649862174
299,1.4025424718856812,2026-04-16 09:15:36.807424,2026-04-16 09:15:37.955130,0 days 00:00:01.147706,GELU,0.0006268486066220518,5,215,62.0,65.0,75.0,163.0,,,,,,PRUNED,1.1842898597411367
300,7.3151021003723145,2026-04-16 09:15:37.955476,2026-04-16 09:15:38.323539,0 days 00:00:00.368063,GELU,0.001370667012846181,1,231,,,,,,,,,,PRUNED,2.7046445423331167
301,1.8505802154541016,2026-04-16 09:15:38.323890,2026-04-16 09:15:39.257274,0 days 00:00:00.933384,GELU,0.0008124089488921902,4,219,40.0,83.0,110.0,,,,,,,PRUNED,1.360360325595429
302,5.737096309661865,2026-04-16 09:15:39.257611,2026-04-16 09:15:40.275752,0 days 00:00:01.018141,Softplus,0.0017054594435231757,4,240,127.0,45.0,164.0,,,,,,,PRUNED,2.3952236450197852
303,1.0598684549331665,2026-04-16 09:15:40.276092,2026-04-16 09:15:40.852205,0 days 00:00:00.576113,GELU,0.0011594343976834794,2,207,69.0,,,,,,,,,PRUNED,1.029499128184753
304,1.3699705600738525,2026-04-16 09:15:40.852548,2026-04-16 09:15:42.038991,0 days 00:00:01.186443,GELU,0.0003655696307772268,5,227,84.0,71.0,103.0,52.0,,,,,,PRUNED,1.1704574148912263
305,0.3494259715080261,2026-04-16 09:15:42.039351,2026-04-16 09:15:47.557609,0 days 00:00:05.518258,GELU,0.0024342221737016947,2,224,98.0,,,,,,,,,COMPLETE,0.5911226366059975
306,0.12291572988033295,2026-04-16 09:15:47.557978,2026-04-16 09:15:56.018980,0 days 00:00:08.461002,GELU,0.0009736941518260878,4,212,78.0,54.0,97.0,,,,,,,COMPLETE,0.3505933968008139
307,1.1743539571762085,2026-04-16 09:15:56.019348,2026-04-16 09:15:56.934590,0 days 00:00:00.915242,GELU,0.0005960423076353845,4,198,79.0,52.0,80.0,,,,,,,PRUNED,1.0836761311278422
308,3.452033042907715,2026-04-16 09:15:56.934944,2026-04-16 09:15:57.790959,0 days 00:00:00.856015,ELU,0.0008330214123020118,4,211,92.0,39.0,67.0,,,,,,,PRUNED,1.8579647582523504
309,1.7434320449829102,2026-04-16 09:15:57.791302,2026-04-16 09:15:58.697516,0 days 00:00:00.906214,GELU,0.004924053080248104,3,214,135.0,59.0,,,,,,,,PRUNED,1.3203908682594372
310,2.031705617904663,2026-04-16 09:15:58.697861,2026-04-16 09:16:00.507373,0 days 00:00:01.809512,GELU,0.0017056701353402495,9,201,76.0,47.0,119.0,199.0,12.0,26.0,107.0,48.0,,PRUNED,1.4253791137464669
311,5.658339977264404,2026-04-16 09:16:00.507720,2026-04-16 09:16:01.456450,0 days 00:00:00.948730,GELU,0.0001553028749823876,4,218,84.0,59.0,95.0,,,,,,,PRUNED,2.3787265452893918
312,7.832808017730713,2026-04-16 09:16:01.456792,2026-04-16 09:16:03.069549,0 days 00:00:01.612757,GELU,0.0036847914088542,4,206,74.0,53.0,56.0,,,,,,,PRUNED,2.798715422784302
313,1.038596749305725,2026-04-16 09:16:03.069907,2026-04-16 09:16:04.026322,0 days 00:00:00.956415,GELU,0.0013688585429195114,5,87,67.0,65.0,45.0,71.0,,,,,,PRUNED,1.019115670228716
314,4.674139499664307,2026-04-16 09:16:04.026669,2026-04-16 09:16:04.580401,0 days 00:00:00.553732,GELU,0.000483336065626286,2,170,80.0,,,,,,,,,PRUNED,2.1619758323497296
315,0.14698681235313416,2026-04-16 09:16:04.580765,2026-04-16 09:16:12.636838,0 days 00:00:08.056073,GELU,0.002310753951917947,4,210,87.0,27.0,86.0,,,,,,,COMPLETE,0.38338859184009916
316,0.9748244285583496,2026-04-16 09:16:12.637210,2026-04-16 09:16:21.783463,0 days 00:00:09.146253,GELU,0.001060262951342926,4,236,72.0,107.0,108.0,,,,,,,COMPLETE,0.987331974848556
317,84.5748519897461,2026-04-16 09:16:21.783846,2026-04-16 09:16:22.345380,0 days 00:00:00.561534,ReLU,0.0007341506430339702,4,221,63.0,76.0,20.0,,,,,,,PRUNED,9.196458665690075
318,1.3924517631530762,2026-04-16 09:16:22.345725,2026-04-16 09:16:22.942127,0 days 00:00:00.596402,GELU,0.0018591088866890294,2,215,81.0,,,,,,,,,PRUNED,1.1800219333355952
319,2.2252159118652344,2026-04-16 09:16:22.942456,2026-04-16 09:16:36.313644,0 days 00:00:13.371188,GELU,0.0009816225711200771,6,232,92.0,68.0,114.0,149.0,127.0,,,,,COMPLETE,1.4917157610836034
320,0.11928078532218933,2026-04-16 09:16:36.314028,2026-04-16 09:16:42.677856,0 days 00:00:06.363828,GELU,0.0027656219927601907,3,132,71.0,102.0,,,,,,,,COMPLETE,0.34537050441835554
321,0.28645405173301697,2026-04-16 09:16:42.678233,2026-04-16 09:16:49.499679,0 days 00:00:06.821446,GELU,0.003149774429981747,3,133,120.0,97.0,,,,,,,,COMPLETE,0.53521402423051
322,1.6093944311141968,2026-04-16 09:16:49.500041,2026-04-16 09:16:49.975936,0 days 00:00:00.475895,GELU,0.0026286969508425443,2,96,78.0,,,,,,,,,PRUNED,1.2686191040317014
323,2.365077257156372,2026-04-16 09:16:49.976261,2026-04-16 09:16:50.582054,0 days 00:00:00.605793,Tanh,0.0035316687407388313,3,151,65.0,102.0,,,,,,,,PRUNED,1.5378807681860034
324,1.276338815689087,2026-04-16 09:16:50.582397,2026-04-16 09:16:51.314656,0 days 00:00:00.732259,GELU,0.0055085177052400834,2,163,183.0,,,,,,,,,PRUNED,1.1297516610694083
325,0.23922139406204224,2026-04-16 09:16:51.314990,2026-04-16 09:16:59.724742,0 days 00:00:08.409752,GELU,0.001969281256523741,3,145,196.0,117.0,,,,,,,,COMPLETE,0.4891026416428787
326,8.164070129394531,2026-04-16 09:16:59.725113,2026-04-16 09:17:00.118760,0 days 00:00:00.393647,GELU,0.0013468468379304614,1,191,,,,,,,,,,PRUNED,2.8572836977441582
327,2.21639347076416,2026-04-16 09:17:00.119102,2026-04-16 09:17:01.645322,0 days 00:00:01.526220,GELU,0.008358221178132244,5,114,50.0,112.0,61.0,218.0,,,,,,PRUNED,1.488755678667309
328,0.6160851120948792,2026-04-16 09:17:01.645667,2026-04-16 09:17:06.936501,0 days 00:00:05.290834,GELU,0.002604632666512408,2,208,75.0,,,,,,,,,COMPLETE,0.7849108943662836
329,5.314725875854492,2026-04-16 09:17:06.936874,2026-04-16 09:17:09.253027,0 days 00:00:02.316153,Softplus,0.0017335075087621071,10,179,69.0,91.0,73.0,135.0,83.0,160.0,138.0,203.0,93.0,PRUNED,2.305368924023765
330,1.1444793939590454,2026-04-16 09:17:09.253395,2026-04-16 09:17:09.958966,0 days 00:00:00.705571,GELU,0.0013057639594894564,3,120,84.0,99.0,,,,,,,,PRUNED,1.0698034370663825
331,1.8071480989456177,2026-04-16 09:17:09.959316,2026-04-16 09:17:11.266858,0 days 00:00:01.307542,GELU,0.0040686856115768446,4,215,60.0,108.0,82.0,,,,,,,PRUNED,1.3443020861940287
332,0.24307766556739807,2026-04-16 09:17:11.267205,2026-04-16 09:17:22.789333,0 days 00:00:11.522128,GELU,0.002360049397710701,5,246,99.0,87.0,93.0,186.0,,,,,,COMPLETE,0.4930290717264024
333,0.39885181188583374,2026-04-16 09:17:22.789706,2026-04-16 09:17:32.154413,0 days 00:00:09.364707,GELU,0.0015981506753719758,4,159,160.0,120.0,78.0,,,,,,,COMPLETE,0.6315471572937635
334,1.1781953573226929,2026-04-16 09:17:32.154790,2026-04-16 09:17:32.749241,0 days 00:00:00.594451,GELU,0.0010523943424375333,2,220,89.0,,,,,,,,,PRUNED,1.0854470771634575
335,1.4826463460922241,2026-04-16 09:17:32.749573,2026-04-16 09:17:33.528644,0 days 00:00:00.779071,GELU,0.0019651267366577875,4,93,45.0,80.0,40.0,,,,,,,PRUNED,1.2176396618426257
336,8.978564262390137,2026-04-16 09:17:33.528989,2026-04-16 09:17:35.830053,0 days 00:00:02.301064,GELU,0.006247336823139495,8,203,76.0,95.0,192.0,105.0,146.0,211.0,182.0,,,PRUNED,2.996425247255492
337,5.225327968597412,2026-04-16 09:17:35.830402,2026-04-16 09:17:36.555436,0 days 00:00:00.725034,ELU,0.003406001843360437,3,228,57.0,105.0,,,,,,,,PRUNED,2.2858976286346273
338,0.3527875244617462,2026-04-16 09:17:36.555768,2026-04-16 09:17:45.209985,0 days 00:00:08.654217,GELU,0.00092207116306423,4,234,70.0,74.0,89.0,,,,,,,COMPLETE,0.593959194273265
339,0.8014037609100342,2026-04-16 09:17:45.210368,2026-04-16 09:17:47.580383,0 days 00:00:02.370015,GELU,0.0013351628316727435,6,242,83.0,61.0,133.0,90.0,59.0,,,,,PRUNED,0.8952115732663616
340,1.77734375,2026-04-16 09:17:47.580737,2026-04-16 09:17:48.384476,0 days 00:00:00.803739,GELU,0.000601350544316391,4,102,65.0,101.0,30.0,,,,,,,PRUNED,1.3331705629813464
341,92.92229461669922,2026-04-16 09:17:48.384816,2026-04-16 09:17:48.846600,0 days 00:00:00.461784,ReLU,0.0026691596684624893,3,224,36.0,89.0,,,,,,,,PRUNED,9.639621082630748
342,1.1905102729797363,2026-04-16 09:17:48.846941,2026-04-16 09:17:49.469469,0 days 00:00:00.622528,GELU,0.00151552461986937,2,256,79.0,,,,,,,,,PRUNED,1.0911050696334137
343,1.9259129762649536,2026-04-16 09:17:49.469810,2026-04-16 09:17:50.303966,0 days 00:00:00.834156,GELU,0.0007889921372874717,4,84,51.0,80.0,100.0,,,,,,,PRUNED,1.3877726673576454
344,0.5469743013381958,2026-04-16 09:17:50.304297,2026-04-16 09:18:01.215746,0 days 00:00:10.911449,GELU,0.0021063758247691113,5,213,87.0,71.0,68.0,174.0,,,,,,COMPLETE,0.7395771097986983
345,2.8722281455993652,2026-04-16 09:18:01.216120,2026-04-16 09:18:02.154998,0 days 00:00:00.938878,Tanh,0.0012136430769260425,4,218,169.0,92.0,97.0,,,,,,,PRUNED,1.6947649234036457
346,1.1648740768432617,2026-04-16 09:18:02.155354,2026-04-16 09:18:03.181651,0 days 00:00:01.026297,GELU,0.004614696589075856,2,232,73.0,,,,,,,,,PRUNED,1.0792933228938562
347,1.7450697422027588,2026-04-16 09:18:03.181997,2026-04-16 09:18:04.076951,0 days 00:00:00.894954,GELU,0.0005107138447068202,4,127,61.0,111.0,84.0,,,,,,,PRUNED,1.321010878911585
348,1.4677616357803345,2026-04-16 09:18:04.077285,2026-04-16 09:18:04.663856,0 days 00:00:00.586571,GELU,0.0009671790348516225,2,226,68.0,,,,,,,,,PRUNED,1.211512127789208
349,1.36085045337677,2026-04-16 09:18:04.664201,2026-04-16 09:18:11.952877,0 days 00:00:07.288676,GELU,0.0031255064218033927,4,109,27.0,128.0,52.0,,,,,,,COMPLETE,1.16655495086034
350,188.59890747070312,2026-04-16 09:18:11.953264,2026-04-16 09:18:13.170109,0 days 00:00:01.216845,GELU,7.291356408711567e-06,5,221,94.0,86.0,105.0,115.0,,,,,,PRUNED,13.733131743003964
351,6.746772766113281,2026-04-16 09:18:13.170457,2026-04-16 09:18:13.541057,0 days 00:00:00.370600,GELU,0.0017019849911290308,1,237,,,,,,,,,,PRUNED,2.597455055648371
352,2.8119235038757324,2026-04-16 09:18:13.541407,2026-04-16 09:18:14.440482,0 days 00:00:00.899075,GELU,0.0003330479477275482,4,212,55.0,57.0,90.0,,,,,,,PRUNED,1.676879096379859
353,0.8039569854736328,2026-04-16 09:18:14.440816,2026-04-16 09:18:17.139509,0 days 00:00:02.698693,GELU,0.000668013201313339,9,229,78.0,99.0,124.0,65.0,17.0,177.0,26.0,161.0,,PRUNED,0.8966364845764603
354,0.14331653714179993,2026-04-16 09:18:17.139850,2026-04-16 09:18:28.143622,0 days 00:00:11.003772,GELU,0.001133659647895781,4,216,228.0,75.0,78.0,,,,,,,COMPLETE,0.37857170673704593
355,5.937664031982422,2026-04-16 09:18:28.144004,2026-04-16 09:18:29.004026,0 days 00:00:00.860022,Softplus,0.001991713166042065,4,138,84.0,82.0,74.0,,,,,,,PRUNED,2.43673224462238
356,0.29979705810546875,2026-04-16 09:18:29.004380,2026-04-16 09:18:35.749569,0 days 00:00:06.745189,GELU,0.0014166682397319245,3,186,73.0,106.0,,,,,,,,COMPLETE,0.5475372664079302
357,0.16544406116008759,2026-04-16 09:18:35.749923,2026-04-16 09:18:40.866168,0 days 00:00:05.116245,GELU,0.002710285174848397,2,207,61.0,,,,,,,,,COMPLETE,0.4067481544642675
358,0.4819015562534332,2026-04-16 09:18:40.866539,2026-04-16 09:19:02.831527,0 days 00:00:21.964988,GELU,0.0008046029371787174,10,221,140.0,170.0,98.0,82.0,181.0,59.0,61.0,123.0,181.0,COMPLETE,0.69419129658433
359,1.7309131622314453,2026-04-16 09:19:02.831905,2026-04-16 09:19:03.754151,0 days 00:00:00.922246,GELU,0.004297437483543421,4,227,47.0,68.0,86.0,,,,,,,PRUNED,1.3156417301953618
360,1.327868938446045,2026-04-16 09:19:03.754482,2026-04-16 09:19:05.622366,0 days 00:00:01.867884,GELU,0.0011298901729835157,7,238,66.0,94.0,56.0,157.0,222.0,133.0,,,,PRUNED,1.1523319567060721
361,0.9912952780723572,2026-04-16 09:19:05.622719,2026-04-16 09:19:06.571600,0 days 00:00:00.948881,GELU,0.001972200840550403,4,88,90.0,114.0,64.0,,,,,,,PRUNED,0.9956381260640621
362,1.5631366968154907,2026-04-16 09:19:06.571937,2026-04-16 09:19:07.549473,0 days 00:00:00.977536,GELU,0.0004608892911639218,4,217,80.0,54.0,110.0,,,,,,,PRUNED,1.2502546527869796
363,20.579479217529297,2026-04-16 09:19:07.549816,2026-04-16 09:19:08.315999,0 days 00:00:00.766183,ELU,0.00646222605115187,2,232,153.0,,,,,,,,,PRUNED,4.536461089608209
364,0.9138310551643372,2026-04-16 09:19:08.316338,2026-04-16 09:19:09.512388,0 days 00:00:01.196050,GELU,0.0008386895735404144,5,210,73.0,49.0,137.0,124.0,,,,,,PRUNED,0.9559451109579133
365,1.4428107738494873,2026-04-16 09:19:09.512725,2026-04-16 09:19:10.420643,0 days 00:00:00.907918,GELU,0.0015127877568746394,4,196,53.0,62.0,92.0,,,,,,,PRUNED,1.2011705848252725
366,1.6653915643692017,2026-04-16 09:19:10.420980,2026-04-16 09:19:11.085793,0 days 00:00:00.664813,GELU,0.003319228795649101,3,13,164.0,80.0,,,,,,,,PRUNED,1.2905005092479436
367,0.9739333391189575,2026-04-16 09:19:11.086126,2026-04-16 09:19:12.077666,0 days 00:00:00.991540,GELU,0.002238169853623679,4,222,85.0,88.0,101.0,,,,,,,PRUNED,0.9868806103673116
368,79.45686340332031,2026-04-16 09:19:12.078007,2026-04-16 09:19:12.707169,0 days 00:00:00.629162,ReLU,0.0010449339240600059,4,226,60.0,133.0,80.0,,,,,,,PRUNED,8.913857941616543
369,0.17994321882724762,2026-04-16 09:19:12.707509,2026-04-16 09:19:23.126908,0 days 00:00:10.419399,GELU,0.0005820931274039475,5,242,104.0,71.0,68.0,33.0,,,,,,COMPLETE,0.42419714617998977
370,1.4900426864624023,2026-04-16 09:19:23.127286,2026-04-16 09:19:23.771580,0 days 00:00:00.644294,GELU,0.0014898340509689998,2,204,39.0,,,,,,,,,PRUNED,1.2206730465044284
371,0.2149403840303421,2026-04-16 09:19:23.771931,2026-04-16 09:19:31.284447,0 days 00:00:07.512516,GELU,0.0027187633102270063,3,98,77.0,224.0,,,,,,,,COMPLETE,0.46361663476448095
372,79.53602600097656,2026-04-16 09:19:31.284828,2026-04-16 09:19:32.094621,0 days 00:00:00.809793,Tanh,5.1254071209894834e-05,4,248,68.0,99.0,94.0,,,,,,,PRUNED,8.91829725906109
373,1878.81396484375,2026-04-16 09:19:32.094971,2026-04-16 09:19:33.200890,0 days 00:00:01.105919,GELU,1.1111061792171711e-07,4,232,173.0,13.0,35.0,,,,,,,PRUNED,43.34528768901817
374,3.4566128253936768,2026-04-16 09:19:33.201236,2026-04-16 09:19:34.387735,0 days 00:00:01.186499,GELU,0.01192350044209797,4,218,178.0,76.0,107.0,,,,,,,PRUNED,1.8591968226612472
375,5.016104698181152,2026-04-16 09:19:34.388077,2026-04-16 09:19:34.819718,0 days 00:00:00.431641,GELU,0.0008306873575543222,2,75,43.0,,,,,,,,,PRUNED,2.2396662024018563
376,0.918846845626831,2026-04-16 09:19:34.820052,2026-04-16 09:19:36.217314,0 days 00:00:01.397262,GELU,0.0012444057541843056,5,224,57.0,121.0,116.0,228.0,,,,,,PRUNED,0.9585649929070178
377,1.0042128562927246,2026-04-16 09:19:36.217664,2026-04-16 09:19:37.163158,0 days 00:00:00.945494,GELU,0.0018395653786935893,4,213,64.0,64.0,127.0,,,,,,,PRUNED,1.0021042142874785
378,0.30521243810653687,2026-04-16 09:19:37.163498,2026-04-16 09:19:46.780672,0 days 00:00:09.617174,GELU,0.003740517171302209,4,235,94.0,107.0,86.0,,,,,,,COMPLETE,0.5524603498048859
379,10.720521926879883,2026-04-16 09:19:46.781046,2026-04-16 09:19:47.228092,0 days 00:00:00.447046,GELU,0.0007706377873733963,1,228,,,,,,,,,,PRUNED,3.274220812174995
380,1.2135820388793945,2026-04-16 09:19:47.228445,2026-04-16 09:19:48.333639,0 days 00:00:01.105194,GELU,0.004993291203511935,3,221,72.0,84.0,,,,,,,,PRUNED,1.1016269962557175
381,4.118229866027832,2026-04-16 09:19:48.333989,2026-04-16 09:19:49.248582,0 days 00:00:00.914593,Softplus,0.0023143243395756987,4,215,81.0,90.0,47.0,,,,,,,PRUNED,2.0293422249654767
382,1.4641040563583374,2026-04-16 09:19:49.248918,2026-04-16 09:19:50.056953,0 days 00:00:00.808035,GELU,0.00113417758230933,2,224,205.0,,,,,,,,,PRUNED,1.2100016761799701
383,1.5014921426773071,2026-04-16 09:19:50.057289,2026-04-16 09:19:50.917671,0 days 00:00:00.860382,GELU,0.0016318531192930136,4,91,86.0,43.0,145.0,,,,,,,PRUNED,1.2253538846705907
384,1.712407112121582,2026-04-16 09:19:50.918001,2026-04-16 09:19:51.864653,0 days 00:00:00.946652,GELU,0.0004144615465784336,4,208,68.0,95.0,73.0,,,,,,,PRUNED,1.3085897417149432
385,1.7771415710449219,2026-04-16 09:19:51.864996,2026-04-16 09:19:53.707677,0 days 00:00:01.842681,GELU,0.0006137659568946683,10,155,51.0,70.0,81.0,110.0,101.0,109.0,94.0,1.0,7.0,PRUNED,1.333094734459979
386,0.9680711030960083,2026-04-16 09:19:53.708025,2026-04-16 09:19:55.497421,0 days 00:00:01.789396,GELU,0.001082946309821465,6,171,77.0,115.0,225.0,171.0,36.0,,,,,PRUNED,0.9839060438354916
387,1.133423924446106,2026-04-16 09:19:55.497763,2026-04-16 09:19:56.066120,0 days 00:00:00.568357,GELU,0.0025404670631630605,2,179,89.0,,,,,,,,,PRUNED,1.064623841761073
388,3.0428080558776855,2026-04-16 09:19:56.066445,2026-04-16 09:19:57.196649,0 days 00:00:01.130204,GELU,0.0002717299052443833,5,229,32.0,102.0,102.0,94.0,,,,,,PRUNED,1.7443646567956155
389,1892.85546875,2026-04-16 09:19:57.196986,2026-04-16 09:19:57.973529,0 days 00:00:00.776543,GELU,2.3778331515811817e-08,3,219,81.0,77.0,,,,,,,,PRUNED,43.50695885430284
390,3.0724480152130127,2026-04-16 09:19:57.973867,2026-04-16 09:19:58.917032,0 days 00:00:00.943165,ELU,0.0016128017957212585,4,239,99.0,57.0,121.0,,,,,,,PRUNED,1.7528399856270431
391,1843.126220703125,2026-04-16 09:19:58.917369,2026-04-16 09:19:59.760433,0 days 00:00:00.843064,GELU,2.1993557150920903e-06,4,82,73.0,85.0,90.0,,,,,,,PRUNED,42.931645911880956
392,2.7070631980895996,2026-04-16 09:19:59.760763,2026-04-16 09:20:00.320533,0 days 00:00:00.559770,GELU,0.0007852309496341214,2,200,58.0,,,,,,,,,PRUNED,1.6453155314679309
393,0.9496877193450928,2026-04-16 09:20:00.320876,2026-04-16 09:20:02.161291,0 days 00:00:01.840415,GELU,0.0031153540382118546,4,212,111.0,68.0,104.0,,,,,,,PRUNED,0.9745192247180621
394,116.0890121459961,2026-04-16 09:20:02.161613,2026-04-16 09:20:02.775846,0 days 00:00:00.614233,ReLU,0.07580507607282522,4,231,66.0,75.0,96.0,,,,,,,PRUNED,10.774461106987955
395,0.06835582852363586,2026-04-16 09:20:02.776199,2026-04-16 09:20:17.480731,0 days 00:00:14.704532,GELU,0.00131839971769696,7,223,77.0,156.0,59.0,53.0,120.0,186.0,,,,COMPLETE,0.2614494760439115
396,1.275753140449524,2026-04-16 09:20:17.481114,2026-04-16 09:20:19.174625,0 days 00:00:01.693511,GELU,0.0019858597572739627,7,217,71.0,153.0,63.0,57.0,120.0,237.0,,,,PRUNED,1.1294924260257453
397,0.5599632859230042,2026-04-16 09:20:19.174972,2026-04-16 09:20:36.225569,0 days 00:00:17.050597,GELU,0.0010682569470453996,9,224,50.0,62.0,49.0,41.0,139.0,184.0,30.0,222.0,,COMPLETE,0.748306946328179
398,10.641107559204102,2026-04-16 09:20:36.225955,2026-04-16 09:20:37.668931,0 days 00:00:01.442976,Tanh,0.0006346209499474699,10,144,64.0,80.0,24.0,18.0,67.0,86.0,217.0,76.0,49.0,PRUNED,3.2620710536719004
399,0.6807063817977905,2026-04-16 09:20:37.669277,2026-04-16 09:20:49.674181,0 days 00:00:12.004904,GELU,0.0074888077705539706,6,211,76.0,146.0,57.0,26.0,193.0,,,,,COMPLETE,0.8250493208274221
400,5.354376316070557,2026-04-16 09:20:49.674550,2026-04-16 09:20:51.711572,0 days 00:00:02.037022,GELU,0.004160120235253983,7,219,55.0,161.0,61.0,79.0,240.0,200.0,,,,PRUNED,2.3139525310754663
401,0.2588181793689728,2026-04-16 09:20:51.711932,2026-04-16 09:21:06.386127,0 days 00:00:14.674195,GELU,0.0014595625794821504,8,236,63.0,51.0,40.0,41.0,49.0,160.0,178.0,,,COMPLETE,0.5087417609838736
402,1.1640876531600952,2026-04-16 09:21:06.386496,2026-04-16 09:21:08.713737,0 days 00:00:02.327241,GELU,0.0008854459047735764,9,231,70.0,182.0,69.0,184.0,158.0,130.0,124.0,143.0,,PRUNED,1.0789289379565714
403,0.11105918139219284,2026-04-16 09:21:08.714085,2026-04-16 09:21:26.673239,0 days 00:00:17.959154,GELU,0.0019696064964296084,8,223,250.0,72.0,51.0,102.0,25.0,218.0,55.0,,,COMPLETE,0.3332554296514805
404,0.409394234418869,2026-04-16 09:21:26.673616,2026-04-16 09:21:44.972129,0 days 00:00:18.298513,GELU,0.002006624927074606,8,226,232.0,72.0,56.0,102.0,25.0,255.0,54.0,,,COMPLETE,0.6398392254456341
405,0.13734731078147888,2026-04-16 09:21:44.972520,2026-04-16 09:22:01.260074,0 days 00:00:16.287554,GELU,0.0013476892728709825,8,224,199.0,64.0,43.0,72.0,10.0,222.0,27.0,,,COMPLETE,0.37060398106534
406,0.17689266800880432,2026-04-16 09:22:01.260450,2026-04-16 09:22:18.078192,0 days 00:00:16.817742,GELU,0.00108530148395477,7,235,238.0,79.0,52.0,117.0,33.0,235.0,,,,COMPLETE,0.42058610058917106
407,0.9897377490997314,2026-04-16 09:22:18.078585,2026-04-16 09:22:20.062099,0 days 00:00:01.983514,GELU,0.00043948777182192643,8,229,189.0,69.0,111.0,88.0,57.0,191.0,39.0,,,PRUNED,0.9948556423420091
408,7.747644424438477,2026-04-16 09:22:20.062456,2026-04-16 09:22:21.970694,0 days 00:00:01.908238,Softplus,0.0017289701693953806,9,96,212.0,59.0,48.0,141.0,44.0,215.0,86.0,108.0,,PRUNED,2.783459075402129
409,13.96022891998291,2026-04-16 09:22:21.971044,2026-04-16 09:22:23.553761,0 days 00:00:01.582717,GELU,0.00011936136334488105,8,103,247.0,74.0,61.0,10.0,76.0,88.0,14.0,,,PRUNED,3.7363389728426557
410,0.9882485866546631,2026-04-16 09:22:23.554096,2026-04-16 09:22:24.680905,0 days 00:00:01.126809,GELU,0.0007496503731573804,5,243,17.0,201.0,54.0,54.0,,,,,,PRUNED,0.9941069291855194
411,4.620436668395996,2026-04-16 09:22:24.681248,2026-04-16 09:22:27.208595,0 days 00:00:02.527347,GELU,0.00238958500073476,9,221,44.0,169.0,131.0,131.0,93.0,114.0,256.0,189.0,,PRUNED,2.149520101882277
412,1.0134224891662598,2026-04-16 09:22:27.208954,2026-04-16 09:22:29.325352,0 days 00:00:02.116398,GELU,0.0010229398374768065,9,217,215.0,153.0,1.0,122.0,26.0,69.0,62.0,164.0,,PRUNED,1.006688874065001
413,0.08203587681055069,2026-04-16 09:22:29.325717,2026-04-16 09:22:50.321294,0 days 00:00:20.995577,GELU,0.00141447565854577,10,230,145.0,84.0,66.0,158.0,84.0,160.0,16.0,44.0,120.0,COMPLETE,0.2864190580435434
414,12.431068420410156,2026-04-16 09:22:50.321671,2026-04-16 09:22:53.587907,0 days 00:00:03.266236,GELU,0.0015535474730095714,10,233,141.0,86.0,69.0,160.0,87.0,167.0,16.0,60.0,120.0,PRUNED,3.525772031826527
415,4.8575029373168945,2026-04-16 09:22:53.588258,2026-04-16 09:22:55.168267,0 days 00:00:01.580009,ELU,0.0025167793154686744,7,229,59.0,142.0,66.0,150.0,113.0,149.0,,,,PRUNED,2.2039743504217317
416,1.0160963535308838,2026-04-16 09:22:55.168622,2026-04-16 09:22:57.447203,0 days 00:00:02.278581,GELU,0.0018162370108557929,10,235,150.0,92.0,59.0,98.0,103.0,139.0,36.0,34.0,165.0,PRUNED,1.0080160482506635
417,2.6681439876556396,2026-04-16 09:22:57.447555,2026-04-16 09:23:00.300182,0 days 00:00:02.852627,GELU,0.0031233863765205675,10,242,252.0,83.0,73.0,191.0,66.0,203.0,16.0,222.0,113.0,PRUNED,1.6334454345510412
418,0.3395141065120697,2026-04-16 09:23:00.300539,2026-04-16 09:23:20.443691,0 days 00:00:20.143152,GELU,0.001287086624614291,10,227,137.0,77.0,64.0,166.0,41.0,181.0,3.0,93.0,183.0,COMPLETE,0.5826783902909646
419,8.07226848602295,2026-04-16 09:23:20.444080,2026-04-16 09:23:22.592189,0 days 00:00:02.148109,GELU,0.0022081031278161994,8,250,218.0,89.0,51.0,147.0,121.0,122.0,101.0,,,PRUNED,2.841173786663348
420,85.93113708496094,2026-04-16 09:23:22.592546,2026-04-16 09:23:23.828863,0 days 00:00:01.236317,ReLU,0.0005495114373107184,10,222,49.0,82.0,78.0,137.0,16.0,154.0,47.0,128.0,41.0,PRUNED,9.269904912401255
421,3.224252223968506,2026-04-16 09:23:23.829225,2026-04-16 09:23:26.168892,0 days 00:00:02.339667,GELU,0.0013959443998869457,10,238,54.0,93.0,44.0,104.0,80.0,192.0,73.0,70.0,129.0,PRUNED,1.7956202894733915
422,1.152153730392456,2026-04-16 09:23:26.169229,2026-04-16 09:23:28.041022,0 days 00:00:01.871793,GELU,0.000844679252913855,9,230,24.0,73.0,75.0,129.0,69.0,107.0,82.0,33.0,,PRUNED,1.073384241729147
423,0.45625102519989014,2026-04-16 09:23:28.041372,2026-04-16 09:23:36.606443,0 days 00:00:08.565071,GELU,0.0018696335324338185,3,222,146.0,86.0,,,,,,,,COMPLETE,0.6754635631918943
424,1.6988794803619385,2026-04-16 09:23:36.606824,2026-04-16 09:23:38.935613,0 days 00:00:02.328789,GELU,0.003150476373715689,10,227,155.0,138.0,29.0,109.0,54.0,166.0,41.0,3.0,104.0,PRUNED,1.303410710544431
425,1.0952889919281006,2026-04-16 09:23:38.935961,2026-04-16 09:23:41.654565,0 days 00:00:02.718604,GELU,0.0012523612841123188,10,112,134.0,97.0,89.0,63.0,7.0,237.0,57.0,206.0,222.0,PRUNED,1.0465605533977003
426,3.2605557441711426,2026-04-16 09:23:41.654938,2026-04-16 09:23:42.677553,0 days 00:00:01.022615,Tanh,0.0006703864159986705,5,234,157.0,79.0,37.0,156.0,,,,,,PRUNED,1.8057009010827743
427,5.297410011291504,2026-04-16 09:23:42.677905,2026-04-16 09:23:44.385821,0 days 00:00:01.707916,GELU,0.00488194933558528,9,68,36.0,67.0,117.0,46.0,133.0,76.0,23.0,146.0,,PRUNED,2.3016103083040584
428,1.0912266969680786,2026-04-16 09:23:44.386172,2026-04-16 09:23:45.391447,0 days 00:00:01.005275,GELU,0.0023506996146900683,5,43,128.0,74.0,16.0,198.0,,,,,,PRUNED,1.0446179669946705
429,1.5467126369476318,2026-04-16 09:23:45.391785,2026-04-16 09:23:47.516084,0 days 00:00:02.124299,GELU,0.0009852525079254756,10,222,61.0,102.0,124.0,77.0,40.0,137.0,2.0,176.0,59.0,PRUNED,1.2436690222674327
430,1.0004472732543945,2026-04-16 09:23:47.516454,2026-04-16 09:23:48.253119,0 days 00:00:00.736665,GELU,0.00160260042463016,3,91,150.0,83.0,,,,,,,,PRUNED,1.0002236116261176
431,7.668329238891602,2026-04-16 09:23:48.253462,2026-04-16 09:23:48.662237,0 days 00:00:00.408775,GELU,0.0013493071957344429,1,228,,,,,,,,,,PRUNED,2.7691748299613734
432,0.09133760631084442,2026-04-16 09:23:48.662581,2026-04-16 09:24:01.506674,0 days 00:00:12.844093,GELU,0.003129147970234512,6,218,69.0,89.0,58.0,178.0,2.0,,,,,COMPLETE,0.3022211215498421
433,2.801476001739502,2026-04-16 09:24:01.507057,2026-04-16 09:24:02.747429,0 days 00:00:01.240372,GELU,0.03287786009983427,5,217,47.0,79.0,55.0,183.0,,,,,,PRUNED,1.673761034837262
434,1.2340574264526367,2026-04-16 09:24:02.747780,2026-04-16 09:24:04.279239,0 days 00:00:01.531459,GELU,0.0008984582735368072,7,218,66.0,86.0,64.0,167.0,3.0,206.0,,,,PRUNED,1.1108813737085688
435,4.2981276512146,2026-04-16 09:24:04.279589,2026-04-16 09:24:05.771895,0 days 00:00:01.492306,GELU,0.0038633752698545663,7,224,41.0,90.0,51.0,203.0,21.0,96.0,,,,PRUNED,2.073192622795721
436,1.3626549243927002,2026-04-16 09:24:05.772246,2026-04-16 09:24:07.093488,0 days 00:00:01.321242,GELU,0.0005019989118820761,6,238,57.0,68.0,59.0,175.0,27.0,,,,,PRUNED,1.1673281134251416
437,0.8539789319038391,2026-04-16 09:24:07.093841,2026-04-16 09:24:19.209182,0 days 00:00:12.115341,GELU,0.0019533237670178996,6,230,63.0,74.0,71.0,179.0,30.0,,,,,COMPLETE,0.9241098051118379
438,0.69718998670578,2026-04-16 09:24:19.209583,2026-04-16 09:24:36.252966,0 days 00:00:17.043383,GELU,0.0007033625757488324,7,215,220.0,95.0,83.0,144.0,15.0,223.0,,,,COMPLETE,0.8349790336923317
439,90.09839630126953,2026-04-16 09:24:36.253339,2026-04-16 09:24:38.159136,0 days 00:00:01.905797,Softplus,0.00034515943529967775,8,222,84.0,82.0,65.0,212.0,50.0,189.0,128.0,,,PRUNED,9.492017504264808
440,0.48733311891555786,2026-04-16 09:24:38.159486,2026-04-16 09:24:51.132576,0 days 00:00:12.973090,GELU,0.0011944005658971078,6,225,144.0,64.0,58.0,153.0,61.0,,,,,COMPLETE,0.6980924859326004
441,4.082150936126709,2026-04-16 09:24:51.132957,2026-04-16 09:24:52.314027,0 days 00:00:01.181070,ELU,0.0016843715403518746,6,233,31.0,89.0,47.0,161.0,36.0,,,,,PRUNED,2.020433353547379
442,1.8380420207977295,2026-04-16 09:24:52.314376,2026-04-16 09:24:53.777303,0 days 00:00:01.462927,GELU,0.0052451341909470674,7,218,74.0,77.0,106.0,85.0,10.0,173.0,,,,PRUNED,1.3557440838143937
443,2.465205192565918,2026-04-16 09:24:53.777667,2026-04-16 09:24:54.997416,0 days 00:00:01.219749,GELU,0.0030875429579676128,5,246,68.0,71.0,99.0,170.0,,,,,,PRUNED,1.5700971920763116
444,1.2449840307235718,2026-04-16 09:24:54.997758,2026-04-16 09:24:56.667043,0 days 00:00:01.669285,GELU,0.0022311611813514987,8,226,57.0,66.0,79.0,114.0,2.0,119.0,68.0,,,PRUNED,1.1157885241942451
445,1873.2208251953125,2026-04-16 09:24:56.667396,2026-04-16 09:24:57.520607,0 days 00:00:00.853211,GELU,4.6129006421724054e-07,4,240,12.0,60.0,92.0,,,,,,,PRUNED,43.2807211723108
446,0.17277035117149353,2026-04-16 09:24:57.520943,2026-04-16 09:25:09.846497,0 days 00:00:12.325554,GELU,0.0009525955258166792,6,215,53.0,96.0,112.0,91.0,99.0,,,,,COMPLETE,0.4156565302885226
447,83.8314208984375,2026-04-16 09:25:09.846876,2026-04-16 09:25:10.460331,0 days 00:00:00.613455,ReLU,0.0013579530582914106,4,220,76.0,84.0,71.0,,,,,,,PRUNED,9.155950027082799
448,1.625694751739502,2026-04-16 09:25:10.460674,2026-04-16 09:25:11.428068,0 days 00:00:00.967394,GELU,0.0006375432566504955,4,208,90.0,77.0,87.0,,,,,,,PRUNED,1.2750273533299206
449,0.14840759336948395,2026-04-16 09:25:11.428414,2026-04-16 09:25:20.251997,0 days 00:00:08.823583,GELU,0.0009294406791959011,4,232,83.0,90.0,61.0,,,,,,,COMPLETE,0.3852370612616132
450,130.5808868408203,2026-04-16 09:25:20.252359,2026-04-16 09:25:21.202976,0 days 00:00:00.950617,GELU,2.002233646445638e-05,4,224,67.0,71.0,94.0,,,,,,,PRUNED,11.427199431217621
451,16.68175506591797,2026-04-16 09:25:21.203320,2026-04-16 09:25:22.285802,0 days 00:00:01.082482,Tanh,0.0017616510034358652,5,230,162.0,133.0,53.0,69.0,,,,,,PRUNED,4.08433043055015
452,3.4524176120758057,2026-04-16 09:25:22.286151,2026-04-16 09:25:23.544436,0 days 00:00:01.258285,GELU,0.020482847364323292,4,215,255.0,81.0,43.0,,,,,,,PRUNED,1.8580682474214465
453,0.06970518827438354,2026-04-16 09:25:23.544786,2026-04-16 09:25:32.261355,0 days 00:00:08.716569,GELU,0.003786914468374445,4,220,60.0,88.0,75.0,,,,,,,COMPLETE,0.2640174014613119
454,1.3418660163879395,2026-04-16 09:25:32.261723,2026-04-16 09:25:34.398691,0 days 00:00:02.136968,GELU,0.005635009835686262,9,211,58.0,110.0,64.0,188.0,47.0,160.0,50.0,233.0,,PRUNED,1.158389406196353
455,1.906093716621399,2026-04-16 09:25:34.399045,2026-04-16 09:25:36.573057,0 days 00:00:02.174012,GELU,0.0035182870066959044,10,219,50.0,193.0,75.0,180.0,22.0,245.0,18.0,53.0,136.0,PRUNED,1.3806135290592363
456,0.9247116446495056,2026-04-16 09:25:36.573405,2026-04-16 09:25:37.766558,0 days 00:00:01.193153,GELU,0.002752070074345043,4,207,61.0,97.0,69.0,,,,,,,PRUNED,0.9616192825903116
457,0.9965646862983704,2026-04-16 09:25:37.766892,2026-04-16 09:25:39.045638,0 days 00:00:01.278746,GELU,0.006870236128041751,5,219,53.0,93.0,161.0,122.0,,,,,,PRUNED,0.9982808654373629
458,1.1647019386291504,2026-04-16 09:25:39.045995,2026-04-16 09:25:40.093263,0 days 00:00:01.047268,GELU,0.010010779295352813,4,214,46.0,87.0,76.0,,,,,,,PRUNED,1.0792135741497835
459,0.6870020627975464,2026-04-16 09:25:40.093602,2026-04-16 09:25:41.959833,0 days 00:00:01.866231,GELU,0.003983203814126671,4,223,60.0,123.0,138.0,,,,,,,PRUNED,0.8288558757694526
460,0.10073325037956238,2026-04-16 09:25:41.960184,2026-04-16 09:25:52.839287,0 days 00:00:10.879103,GELU,0.004381132707258797,6,85,64.0,101.0,67.0,98.0,74.0,,,,,COMPLETE,0.317385019147978
461,6.265552043914795,2026-04-16 09:25:52.839648,2026-04-16 09:25:54.073966,0 days 00:00:01.234318,GELU,0.008338151928386914,6,85,67.0,106.0,69.0,97.0,84.0,,,,,PRUNED,2.5031084762580296
462,3.119495153427124,2026-04-16 09:25:54.074320,2026-04-16 09:25:55.317997,0 days 00:00:01.243677,Softplus,0.004564921843107904,7,76,64.0,100.0,56.0,80.0,75.0,28.0,,,,PRUNED,1.7662092609391233
463,0.8823658227920532,2026-04-16 09:25:55.318366,2026-04-16 09:25:55.955877,0 days 00:00:00.637511,GELU,0.0067019758750984145,2,88,71.0,,,,,,,,,PRUNED,0.939343293366197
464,0.3464176058769226,2026-04-16 09:25:55.956234,2026-04-16 09:26:07.578430,0 days 00:00:11.622196,GELU,0.005345790155686809,6,81,63.0,117.0,66.0,138.0,107.0,,,,,COMPLETE,0.588572515393747
465,1.1985249519348145,2026-04-16 09:26:07.578805,2026-04-16 09:26:20.087105,0 days 00:00:12.508300,GELU,0.004480035311730449,6,95,225.0,112.0,82.0,93.0,57.0,,,,,COMPLETE,1.094771643738919
466,1.5831212997436523,2026-04-16 09:26:20.087476,2026-04-16 09:26:21.433998,0 days 00:00:01.346522,GELU,0.0034074419185062157,6,81,72.0,103.0,62.0,109.0,94.0,,,,,PRUNED,1.2582214827857823
467,1.3163859844207764,2026-04-16 09:26:21.434351,2026-04-16 09:26:23.175700,0 days 00:00:01.741349,GELU,0.0023848529850771004,6,90,68.0,97.0,59.0,104.0,152.0,,,,,PRUNED,1.1473386528923255
468,2.9851129055023193,2026-04-16 09:26:23.176043,2026-04-16 09:26:24.298777,0 days 00:00:01.122734,ELU,0.002994895372966254,6,94,76.0,93.0,74.0,126.0,31.0,,,,,PRUNED,1.7277479288085746
469,0.8040565252304077,2026-04-16 09:26:24.299121,2026-04-16 09:26:37.060074,0 days 00:00:12.760953,GELU,0.0040901345033182235,7,86,65.0,90.0,68.0,87.0,41.0,217.0,,,,COMPLETE,0.8966919901674196
470,0.8532587885856628,2026-04-16 09:26:37.060454,2026-04-16 09:26:45.867631,0 days 00:00:08.807177,GELU,0.002256080554556878,5,71,60.0,106.0,51.0,75.0,,,,,,COMPLETE,0.923720081293929
471,0.7159151434898376,2026-04-16 09:26:45.868009,2026-04-16 09:27:02.534707,0 days 00:00:16.666698,GELU,0.0030858082844521235,8,103,122.0,99.0,79.0,171.0,71.0,143.0,151.0,,,COMPLETE,0.8461176889120317
472,0.21753652393817902,2026-04-16 09:27:02.535079,2026-04-16 09:27:13.806457,0 days 00:00:11.271378,GELU,0.0023036309362280895,6,236,40.0,86.0,8.0,193.0,63.0,,,,,COMPLETE,0.4664081087826186
473,1.3962210416793823,2026-04-16 09:27:13.806842,2026-04-16 09:27:15.436999,0 days 00:00:01.630157,GELU,0.0018159076312635359,5,57,204.0,112.0,71.0,132.0,,,,,,PRUNED,1.1816179762001686
474,103.4472885131836,2026-04-16 09:27:15.437356,2026-04-16 09:27:16.762121,0 days 00:00:01.324765,ReLU,0.004883547667610082,10,231,71.0,127.0,83.0,119.0,19.0,198.0,31.0,114.0,170.0,PRUNED,10.170904016516113
475,1.5225157737731934,2026-04-16 09:27:16.762477,2026-04-16 09:27:17.319693,0 days 00:00:00.557216,GELU,0.0015189291449795878,2,202,55.0,,,,,,,,,PRUNED,1.2339026597642107
476,1.2516764402389526,2026-04-16 09:27:17.320021,2026-04-16 09:27:19.467170,0 days 00:00:02.147149,GELU,0.006924780774740888,9,244,78.0,58.0,103.0,160.0,37.0,127.0,81.0,255.0,,PRUNED,1.1187834644107646
477,0.10072708874940872,2026-04-16 09:27:19.467519,2026-04-16 09:27:33.435569,0 days 00:00:13.968050,GELU,0.00349125439250176,6,212,178.0,92.0,33.0,100.0,124.0,,,,,COMPLETE,0.3173753121296751
478,0.2524169087409973,2026-04-16 09:27:33.435959,2026-04-16 09:27:47.637509,0 days 00:00:14.201550,GELU,0.003122187611897762,6,210,180.0,94.0,38.0,111.0,127.0,,,,,COMPLETE,0.5024110953601615
479,28.430885314941406,2026-04-16 09:27:47.637881,2026-04-16 09:27:48.825375,0 days 00:00:01.187494,Tanh,0.004110957153164224,6,214,188.0,108.0,24.0,100.0,139.0,,,,,PRUNED,5.3320620134185805
480,1.312615156173706,2026-04-16 09:27:48.825738,2026-04-16 09:27:50.298652,0 days 00:00:01.472914,GELU,0.01257013306611103,6,207,166.0,66.0,39.0,66.0,119.0,,,,,PRUNED,1.1456941809111654
481,0.3728809952735901,2026-04-16 09:27:50.299006,2026-04-16 09:28:04.277688,0 days 00:00:13.978682,GELU,0.0037085492245407764,6,219,174.0,83.0,27.0,95.0,175.0,,,,,COMPLETE,0.6106398245067137
482,1.1551010608673096,2026-04-16 09:28:04.278074,2026-04-16 09:28:05.716322,0 days 00:00:01.438248,GELU,0.005763680759532386,6,212,158.0,101.0,30.0,59.0,114.0,,,,,PRUNED,1.0747562797524421
483,8.491506576538086,2026-04-16 09:28:05.716668,2026-04-16 09:28:07.435217,0 days 00:00:01.718549,GELU,0.0024894166482701792,7,227,169.0,117.0,44.0,84.0,14.0,230.0,,,,PRUNED,2.9140189732632296
484,2.628654956817627,2026-04-16 09:28:07.435568,2026-04-16 09:28:11.242075,0 days 00:00:03.806507,GELU,0.00881035437506949,6,35,239.0,173.0,109.0,115.0,147.0,,,,,PRUNED,1.6213127264095681
485,0.7082586288452148,2026-04-16 09:28:11.242417,2026-04-16 09:28:12.703692,0 days 00:00:01.461275,GELU,0.0026498248747763853,2,220,160.0,,,,,,,,,PRUNED,0.8415810292807311
486,1.8625452518463135,2026-04-16 09:28:12.704032,2026-04-16 09:28:14.645726,0 days 00:00:01.941694,GELU,0.00198598722266643,10,77,167.0,89.0,50.0,105.0,158.0,107.0,8.0,82.0,31.0,PRUNED,1.36475098528864
487,1.562769889831543,2026-04-16 09:28:14.646084,2026-04-16 09:28:16.089024,0 days 00:00:01.442940,GELU,0.0036853107979167884,3,204,154.0,61.0,,,,,,,,PRUNED,1.2501079512712263
488,4.33536958694458,2026-04-16 09:28:16.089366,2026-04-16 09:28:31.600829,0 days 00:00:15.511463,GELU,0.002072553434485142,6,215,174.0,156.0,118.0,90.0,125.0,,,,,COMPLETE,2.0821550343201105
489,4.873678684234619,2026-04-16 09:28:31.601212,2026-04-16 09:28:32.145891,0 days 00:00:00.544679,Softplus,0.0048803862613702115,2,226,46.0,,,,,,,,,PRUNED,2.2076409772049934
490,1.3647074699401855,2026-04-16 09:28:32.146242,2026-04-16 09:28:33.911363,0 days 00:00:01.765121,GELU,0.0028576109537410206,7,238,60.0,72.0,97.0,71.0,131.0,151.0,,,,PRUNED,1.1682069465382345
491,1.71609365940094,2026-04-16 09:28:33.911724,2026-04-16 09:28:34.658121,0 days 00:00:00.746397,GELU,0.0014719907657769831,4,98,28.0,98.0,19.0,,,,,,,PRUNED,1.3099975799217876
492,4.20120906829834,2026-04-16 09:28:34.658476,2026-04-16 09:28:36.575851,0 days 00:00:01.917375,GELU,0.000198192633645248,8,222,53.0,213.0,87.0,148.0,45.0,91.0,98.0,,,PRUNED,2.049685114425711
493,1.0555381774902344,2026-04-16 09:28:36.576212,2026-04-16 09:28:37.431684,0 days 00:00:00.855472,GELU,0.0017091180329920795,3,230,64.0,78.0,,,,,,,,PRUNED,1.0273938765099948
494,0.8770018815994263,2026-04-16 09:28:37.432029,2026-04-16 09:28:38.868774,0 days 00:00:01.436745,GELU,0.0035730719322596776,6,219,130.0,92.0,56.0,28.0,89.0,,,,,PRUNED,0.9364837860846424
495,5.112891674041748,2026-04-16 09:28:38.869124,2026-04-16 09:28:40.924736,0 days 00:00:02.055612,ELU,0.0064484694603427406,10,234,146.0,54.0,31.0,50.0,54.0,77.0,194.0,99.0,73.0,PRUNED,2.261170421273405
496,1.3195801973342896,2026-04-16 09:28:40.925087,2026-04-16 09:28:49.675178,0 days 00:00:08.750091,GELU,0.002481704648520546,4,213,35.0,84.0,91.0,,,,,,,COMPLETE,1.148729819119487
497,1.2693889141082764,2026-04-16 09:28:49.675555,2026-04-16 09:28:50.379568,0 days 00:00:00.704013,GELU,0.0014032390261492812,2,226,58.0,,,,,,,,,PRUNED,1.1266716088143325
498,1.2926548719406128,2026-04-16 09:28:50.379902,2026-04-16 09:28:51.276865,0 days 00:00:00.896963,GELU,0.0012207592323652426,4,84,68.0,164.0,33.0,,,,,,,PRUNED,1.1369498106515576
499,2.439443826675415,2026-04-16 09:28:51.277218,2026-04-16 09:28:53.505272,0 days 00:00:02.228054,GELU,0.001978873114329489,9,240,49.0,104.0,101.0,142.0,82.0,178.0,139.0,190.0,,PRUNED,1.5618718982923712
