family,plant,quantity,unit,joint,joint_label,group_a,group_b,epoch_a,n_trajectories,shapiro_p_a,shapiro_p_b,both_normal,test_name,statistic,p_value,wilcoxon_paired_statistic,wilcoxon_paired_p_two_sided,median_a,median_b,median_ratio_a_over_b,median_paired_difference_a_minus_b,direction,cliffs_delta_a_vs_b,n_a_lower,fdr_q_value,significant_fdr_0_05,wilcoxon_paired_fdr_q_value,wilcoxon_paired_significant_fdr_0_05
epoch_vs_before,mass,angle,rad,J1,Joint 1,epoch 1,before,1,50,0.03921414192558117,0.32107395845285586,False,Kruskal-Wallis H-test,74.25742574257424,6.85664144747578e-18,0.0,1.7763568394002505e-15,0.019555533304810524,0.11107053235173225,0.1760640999080035,-0.09284501150250435,lower,-1.0,50,1.7096432539424314e-17,True,2.8212726272827506e-15,True
epoch_vs_before,mass,angle,rad,J2,Joint 2,epoch 1,before,1,50,0.029876613514066383,0.004821369792053665,False,Kruskal-Wallis H-test,68.32163168316833,1.3888900584229206e-16,3.0,8.881784197001252e-15,0.048948004841804504,0.1592559590935707,0.3073543063656735,-0.10530943982303143,lower,-0.9592,49,1.8292698330448222e-16,True,1.2142185990837155e-14,True
epoch_vs_before,mass,velocity,rad/s,J1,Joint 1,epoch 1,before,1,50,0.10082824166592623,0.007637864202155062,False,Kruskal-Wallis H-test,73.19196831683166,1.1763347709598625e-17,0.0,1.7763568394002505e-15,0.09663096442818642,0.3644924908876419,0.2651109881382269,-0.25463927909731865,lower,-0.9928,50,2.1532907671807652e-17,True,2.8212726272827506e-15,True
epoch_vs_before,mass,velocity,rad/s,J2,Joint 2,epoch 1,before,1,50,0.07163329423017702,0.26013374440886966,True,One-way ANOVA,93.34915331494183,6.564570958265147e-16,17.0,3.6770586575585185e-13,0.2526092976331711,0.6505657434463501,0.388291729433803,-0.3663953170180321,lower,-0.836,47,7.965996219018381e-16,True,4.0940446908898967e-13,True
epoch_vs_before,mass,acceleration,rad/s^2,J1,Joint 1,epoch 1,before,1,50,0.08782799809186863,0.14057404025506265,True,One-way ANOVA,147.73525572826227,2.818687210969664e-21,2.0,5.329070518200751e-15,0.4808294475078583,1.5024599432945251,0.32002813096868166,-0.9427706599235535,lower,-0.9384,49,3.382424653163597e-20,True,7.474540467086768e-15,True
epoch_vs_before,mass,acceleration,rad/s^2,J2,Joint 2,epoch 1,before,1,50,0.08159879385742316,0.21451723965874636,True,One-way ANOVA,88.16665344662296,2.556820162200849e-15,26.0,1.8989254613188677e-12,1.2544798254966736,3.3448781967163086,0.3750449946811832,-1.8177687525749207,lower,-0.8024,47,2.846768840388574e-15,True,2.0106269590435072e-12,True
epoch_vs_before,mass,angle,rad,J1,Joint 1,epoch 3,before,3,50,0.34983517723423263,0.32107395845285586,True,One-way ANOVA,371.9741876007473,3.920254422252897e-35,0.0,1.7763568394002505e-15,0.008609881158918142,0.11107053235173225,0.07751724041128054,-0.10213408595882356,lower,-1.0,50,2.1169373880165645e-33,True,2.8212726272827506e-15,True
epoch_vs_before,mass,angle,rad,J2,Joint 2,epoch 3,before,3,50,0.01644224056669957,0.004821369792053665,False,Kruskal-Wallis H-test,74.25742574257424,6.85664144747578e-18,0.0,1.7763568394002505e-15,0.012760738376528025,0.1592559590935707,0.08012722694433345,-0.1466991165652871,lower,-1.0,50,1.7096432539424314e-17,True,2.8212726272827506e-15,True
epoch_vs_before,mass,velocity,rad/s,J1,Joint 1,epoch 3,before,3,50,0.001121874997162537,0.007637864202155062,False,Kruskal-Wallis H-test,74.25742574257424,6.85664144747578e-18,0.0,1.7763568394002505e-15,0.030434289947152138,0.3644924908876419,0.08349771451542408,-0.3371266592293978,lower,-1.0,50,1.7096432539424314e-17,True,2.8212726272827506e-15,True
epoch_vs_before,mass,velocity,rad/s,J2,Joint 2,epoch 3,before,3,50,0.005763313614112832,0.26013374440886966,False,Kruskal-Wallis H-test,74.25742574257424,6.85664144747578e-18,0.0,1.7763568394002505e-15,0.06076529622077942,0.6505657434463501,0.09340377484199723,-0.5830253064632416,lower,-1.0,50,1.7096432539424314e-17,True,2.8212726272827506e-15,True
epoch_vs_before,mass,acceleration,rad/s^2,J1,Joint 1,epoch 3,before,3,50,0.010806463744309006,0.14057404025506265,False,Kruskal-Wallis H-test,74.25742574257424,6.85664144747578e-18,0.0,1.7763568394002505e-15,0.13795288652181625,1.5024599432945251,0.09181801294437142,-1.36274915933609,lower,-1.0,50,1.7096432539424314e-17,True,2.8212726272827506e-15,True
epoch_vs_before,mass,acceleration,rad/s^2,J2,Joint 2,epoch 3,before,3,50,0.0037162079194756953,0.21451723965874636,False,Kruskal-Wallis H-test,73.90141782178216,8.211730646555875e-18,0.0,1.7763568394002505e-15,0.31208908557891846,3.3448781967163086,0.09330357257412202,-3.0352385342121124,lower,-0.9976,50,1.773733819656069e-17,True,2.8212726272827506e-15,True
epoch_vs_before,mass,angle,rad,J1,Joint 1,epoch 10,before,10,50,0.07301698181753577,0.32107395845285586,True,One-way ANOVA,374.49996404714767,3.0126962531710503e-35,0.0,1.7763568394002505e-15,0.00832855049520731,0.11107053235173225,0.07498433940005707,-0.10160491010174155,lower,-1.0,50,2.1169373880165645e-33,True,2.8212726272827506e-15,True
epoch_vs_before,mass,angle,rad,J2,Joint 2,epoch 10,before,10,50,0.0001582528362946876,0.004821369792053665,False,Kruskal-Wallis H-test,74.25742574257424,6.85664144747578e-18,0.0,1.7763568394002505e-15,0.011404459830373526,0.1592559590935707,0.07161088285351284,-0.14755286276340485,lower,-1.0,50,1.7096432539424314e-17,True,2.8212726272827506e-15,True
epoch_vs_before,mass,velocity,rad/s,J1,Joint 1,epoch 10,before,10,50,0.0017730754099243586,0.007637864202155062,False,Kruskal-Wallis H-test,74.25742574257424,6.85664144747578e-18,0.0,1.7763568394002505e-15,0.026485578157007694,0.3644924908876419,0.07266426282886611,-0.33280560560524464,lower,-1.0,50,1.7096432539424314e-17,True,2.8212726272827506e-15,True
epoch_vs_before,mass,velocity,rad/s,J2,Joint 2,epoch 10,before,10,50,0.0054376702985284055,0.26013374440886966,False,Kruskal-Wallis H-test,74.25742574257424,6.85664144747578e-18,0.0,1.7763568394002505e-15,0.05300041474401951,0.6505657434463501,0.08146819176683297,-0.6019744873046875,lower,-1.0,50,1.7096432539424314e-17,True,2.8212726272827506e-15,True
epoch_vs_before,mass,acceleration,rad/s^2,J1,Joint 1,epoch 10,before,10,50,0.0034998310546153735,0.14057404025506265,False,Kruskal-Wallis H-test,74.25742574257424,6.85664144747578e-18,0.0,1.7763568394002505e-15,0.1280849575996399,1.5024599432945251,0.08525016468577597,-1.380695316940546,lower,-1.0,50,1.7096432539424314e-17,True,2.8212726272827506e-15,True
epoch_vs_before,mass,acceleration,rad/s^2,J2,Joint 2,epoch 10,before,10,50,0.012171787920385715,0.21451723965874636,False,Kruskal-Wallis H-test,74.13866138613866,7.28181385938443e-18,0.0,1.7763568394002505e-15,0.2953726798295975,3.3448781967163086,0.0883059598760777,-3.007481560111046,lower,-0.9992,50,1.7096432539424314e-17,True,2.8212726272827506e-15,True
epoch_vs_before,mass,angle,rad,J1,Joint 1,epoch 30,before,30,50,5.831926872316888e-09,0.32107395845285586,False,Kruskal-Wallis H-test,74.25742574257424,6.85664144747578e-18,0.0,1.7763568394002505e-15,0.00866582477465272,0.11107053235173225,0.0780209168999951,-0.10041121812537313,lower,-1.0,50,1.7096432539424314e-17,True,2.8212726272827506e-15,True
epoch_vs_before,mass,angle,rad,J2,Joint 2,epoch 30,before,30,50,6.288455156496548e-07,0.004821369792053665,False,Kruskal-Wallis H-test,74.13866138613866,7.28181385938443e-18,0.0,1.7763568394002505e-15,0.018382725305855274,0.1592559590935707,0.11542880662352181,-0.13797831069678068,lower,-0.9992,50,1.7096432539424314e-17,True,2.8212726272827506e-15,True
epoch_vs_before,mass,velocity,rad/s,J1,Joint 1,epoch 30,before,30,50,1.7651625463261567e-05,0.007637864202155062,False,Kruskal-Wallis H-test,74.25742574257424,6.85664144747578e-18,0.0,1.7763568394002505e-15,0.037491483613848686,0.3644924908876419,0.10285941288542423,-0.3258589170873165,lower,-1.0,50,1.7096432539424314e-17,True,2.8212726272827506e-15,True
epoch_vs_before,mass,velocity,rad/s,J2,Joint 2,epoch 30,before,30,50,0.00030719954476635656,0.26013374440886966,False,Kruskal-Wallis H-test,73.66455445544551,9.258663379581441e-18,0.0,1.7763568394002505e-15,0.09305260330438614,0.6505657434463501,0.14303335864480524,-0.5525281466543674,lower,-0.996,50,1.886671028292067e-17,True,2.8212726272827506e-15,True
epoch_vs_before,mass,acceleration,rad/s^2,J1,Joint 1,epoch 30,before,30,50,6.802637476068668e-07,0.14057404025506265,False,Kruskal-Wallis H-test,74.13866138613866,7.28181385938443e-18,0.0,1.7763568394002505e-15,0.17864854633808136,1.5024599432945251,0.11890403277331243,-1.3365158885717392,lower,-0.9992,50,1.7096432539424314e-17,True,2.8212726272827506e-15,True
epoch_vs_before,mass,acceleration,rad/s^2,J2,Joint 2,epoch 30,before,30,50,4.353258531371714e-06,0.21451723965874636,False,Kruskal-Wallis H-test,72.9562455445544,1.325561804138352e-17,0.0,1.7763568394002505e-15,0.4570901542901993,3.3448781967163086,0.13665375161909574,-2.8520858250558376,lower,-0.9912,50,2.2723916642371747e-17,True,2.8212726272827506e-15,True
epoch_vs_before,mass,angle,rad,J1,Joint 1,epoch 100,before,100,50,1.2170147781819082e-09,0.32107395845285586,False,Kruskal-Wallis H-test,74.25742574257424,6.85664144747578e-18,0.0,1.7763568394002505e-15,0.006895451340824366,0.11107053235173225,0.06208173486544764,-0.10251191700808704,lower,-1.0,50,1.7096432539424314e-17,True,2.8212726272827506e-15,True
epoch_vs_before,mass,angle,rad,J2,Joint 2,epoch 100,before,100,50,1.6531676129715478e-09,0.004821369792053665,False,Kruskal-Wallis H-test,74.25742574257424,6.85664144747578e-18,0.0,1.7763568394002505e-15,0.010401139967143536,0.1592559590935707,0.06531083688386413,-0.14568922808393836,lower,-1.0,50,1.7096432539424314e-17,True,2.8212726272827506e-15,True
epoch_vs_before,mass,velocity,rad/s,J1,Joint 1,epoch 100,before,100,50,4.8903519680439183e-08,0.007637864202155062,False,Kruskal-Wallis H-test,74.25742574257424,6.85664144747578e-18,0.0,1.7763568394002505e-15,0.023018748499453068,0.3644924908876419,0.06315287440736002,-0.3357348907738924,lower,-1.0,50,1.7096432539424314e-17,True,2.8212726272827506e-15,True
epoch_vs_before,mass,velocity,rad/s,J2,Joint 2,epoch 100,before,100,50,1.2363586386367213e-07,0.26013374440886966,False,Kruskal-Wallis H-test,74.13866138613866,7.28181385938443e-18,0.0,1.7763568394002505e-15,0.04420391097664833,0.6505657434463501,0.06794687765525372,-0.5732399094849825,lower,-0.9992,50,1.7096432539424314e-17,True,2.8212726272827506e-15,True
epoch_vs_before,mass,acceleration,rad/s^2,J1,Joint 1,epoch 100,before,100,50,3.5609863351752056e-09,0.14057404025506265,False,Kruskal-Wallis H-test,74.25742574257424,6.85664144747578e-18,0.0,1.7763568394002505e-15,0.10215714946389198,1.5024599432945251,0.067993259933364,-1.4128765687346458,lower,-1.0,50,1.7096432539424314e-17,True,2.8212726272827506e-15,True
epoch_vs_before,mass,acceleration,rad/s^2,J2,Joint 2,epoch 100,before,100,50,1.7164506076706268e-08,0.21451723965874636,False,Kruskal-Wallis H-test,73.42807128712866,1.0437112703467242e-17,0.0,1.7763568394002505e-15,0.2347341999411583,3.3448781967163086,0.07017720411212539,-3.0373134315013885,lower,-0.9944,50,2.0494694035899312e-17,True,2.8212726272827506e-15,True
epoch_vs_before,mass,angle,rad,J1,Joint 1,epoch 300,before,300,50,0.0004785180230093648,0.32107395845285586,False,Kruskal-Wallis H-test,74.13866138613866,7.28181385938443e-18,0.0,1.7763568394002505e-15,0.013588111847639084,0.11107053235173225,0.12233768543225285,-0.0911720828153193,lower,-0.9992,50,1.7096432539424314e-17,True,2.8212726272827506e-15,True
epoch_vs_before,mass,angle,rad,J2,Joint 2,epoch 300,before,300,50,0.0003673907765632851,0.004821369792053665,False,Kruskal-Wallis H-test,69.69604752475243,6.918459927179086e-17,0.0,1.7763568394002505e-15,0.03291965648531914,0.1592559590935707,0.2067091032114988,-0.12047427333891392,lower,-0.9688,50,9.831495685991332e-17,True,2.8212726272827506e-15,True
epoch_vs_before,mass,velocity,rad/s,J1,Joint 1,epoch 300,before,300,50,0.01454565830480777,0.007637864202155062,False,Kruskal-Wallis H-test,73.0740594059406,1.2487504191592027e-17,0.0,1.7763568394002505e-15,0.06790235638618469,0.3644924908876419,0.18629288142760725,-0.2717495486140251,lower,-0.992,50,2.2477507544865647e-17,True,2.8212726272827506e-15,True
epoch_vs_before,mass,velocity,rad/s,J2,Joint 2,epoch 300,before,300,50,0.01249185745966487,0.26013374440886966,False,Kruskal-Wallis H-test,60.36256633663368,7.889924586630334e-15,0.0,1.7763568394002505e-15,0.17431288957595825,0.6505657434463501,0.26794046771129015,-0.45130200684070587,lower,-0.9016,50,8.35403779760859e-15,True,2.8212726272827506e-15,True
epoch_vs_before,mass,acceleration,rad/s^2,J1,Joint 1,epoch 300,before,300,50,0.0018045167389128943,0.14057404025506265,False,Kruskal-Wallis H-test,68.32163168316833,1.3888900584229206e-16,0.0,1.7763568394002505e-15,0.33573926985263824,1.5024599432945251,0.2234597144177066,-1.1353780776262283,lower,-0.9592,50,1.8292698330448222e-16,True,2.8212726272827506e-15,True
epoch_vs_before,mass,acceleration,rad/s^2,J2,Joint 2,epoch 300,before,300,50,0.002597856854051786,0.21451723965874636,False,Kruskal-Wallis H-test,57.714249504950544,3.0309911257885196e-14,0.0,1.7763568394002505e-15,0.860185831785202,3.3448781967163086,0.2571650688595037,-2.289860725402832,lower,-0.8816,50,3.0593181456557023e-14,True,2.8212726272827506e-15,True
epoch_vs_before,length,angle,rad,J1,Joint 1,epoch 1,before,1,50,0.6084602403304122,0.13480858431542755,True,One-way ANOVA,192.64717479386425,7.202395028015264e-25,1.0,3.552713678800501e-15,0.015625401865690947,0.049994826316833496,0.3125403770115669,-0.035208736546337605,lower,-0.996,49,1.2964311050427476e-23,True,5.4041278494430154e-15,True
epoch_vs_before,length,angle,rad,J2,Joint 2,epoch 1,before,1,50,0.2780266650481119,0.540323188916508,True,One-way ANOVA,162.79311974090425,1.5015489818987614e-22,5.0,1.7763568394002505e-14,0.02821235917508602,0.10308852791786194,0.27367118092485365,-0.0730495871976018,lower,-0.9456,48,2.0270911255633282e-21,True,2.230773705293338e-14,True
epoch_vs_before,length,velocity,rad/s,J1,Joint 1,epoch 1,before,1,50,0.5398386639937336,0.4381645055227275,True,One-way ANOVA,137.3414497305737,2.376707810307238e-20,22.0,9.521272659185342e-13,0.07581980153918266,0.2084602639079094,0.3637134488742529,-0.13600417226552963,lower,-0.9104,45,2.3334949410289245e-19,True,1.0386842900929465e-12,True
epoch_vs_before,length,velocity,rad/s,J2,Joint 2,epoch 1,before,1,50,0.6744640740764505,0.5274218067363512,True,One-way ANOVA,112.36878118366761,6.048829075606167e-18,24.0,1.3535839116229909e-12,0.15967249870300293,0.44445137679576874,0.35925751845825543,-0.29053177312016487,lower,-0.888,47,1.7096432539424314e-17,True,1.4618706245528302e-12,True
epoch_vs_before,length,acceleration,rad/s^2,J1,Joint 1,epoch 1,before,1,50,0.662335876225989,0.667325342401054,True,One-way ANOVA,115.92900931449103,2.6395076582653492e-18,32.0,4.9116266609416925e-12,0.41589900851249695,1.0894268155097961,0.38175947442405983,-0.7102017551660538,lower,-0.8696,45,1.7096432539424314e-17,True,5.100535378670219e-12,True
epoch_vs_before,length,acceleration,rad/s^2,J2,Joint 2,epoch 1,before,1,50,0.6486984420818407,0.5022713362205653,True,One-way ANOVA,105.11196867981315,3.43034264581751e-17,28.0,2.6343371928305714e-12,0.8789675533771515,2.331772208213806,0.3769525815090068,-1.5473474562168121,lower,-0.8664,47,5.0750274760039876e-17,True,2.762217639084483e-12,True
epoch_vs_before,length,angle,rad,J1,Joint 1,epoch 3,before,3,50,0.9335349699862013,0.13480858431542755,True,One-way ANOVA,176.63077821790972,1.17503097903754e-23,6.0,2.4868995751603507e-14,0.016886609606444836,0.049994826316833496,0.3377671421324457,-0.033332559280097485,lower,-0.9792,48,1.8129049390864904e-22,True,2.984279490192421e-14,True
epoch_vs_before,length,angle,rad,J2,Joint 2,epoch 3,before,3,50,0.8697508983474345,0.540323188916508,True,One-way ANOVA,140.1583075707044,1.3213346872868243e-20,14.0,1.9539925233402755e-13,0.033311253413558006,0.10308852791786194,0.3231324967614193,-0.06701887398958206,lower,-0.9208,47,1.4270414622697703e-19,True,2.19824158875781e-13,True
epoch_vs_before,length,velocity,rad/s,J1,Joint 1,epoch 3,before,3,50,0.762755463841647,0.4381645055227275,True,One-way ANOVA,102.62799170381533,6.304061026464175e-17,49.0,4.9604764740251994e-11,0.09632623195648193,0.2084602639079094,0.4620843807385544,-0.1160033717751503,lower,-0.836,43,9.077847878108414e-17,True,5.1022043732830626e-11,True
epoch_vs_before,length,velocity,rad/s,J2,Joint 2,epoch 3,before,3,50,0.8256067274846737,0.5274218067363512,True,One-way ANOVA,84.83120751285051,6.261744424887553e-15,51.0,6.337863567296154e-11,0.20180881023406982,0.44445137679576874,0.4540627406511638,-0.2528376430273056,lower,-0.8344,44,6.695726711760948e-15,True,6.457445898754571e-11,True
epoch_vs_before,length,acceleration,rad/s^2,J1,Joint 1,epoch 3,before,3,50,0.806479754246982,0.667325342401054,True,One-way ANOVA,82.41805448977073,1.2097175209863985e-14,67.0,3.8819791825517314e-10,0.5377471446990967,1.0894268155097961,0.49360557041865954,-0.6530855000019073,lower,-0.7864,43,1.2684416724905927e-14,True,3.8819791825517314e-10,True
epoch_vs_before,length,acceleration,rad/s^2,J2,Joint 2,epoch 3,before,3,50,0.7446730545294065,0.5022713362205653,True,One-way ANOVA,77.92965402778525,4.2188942640086095e-14,62.0,2.2601653881793027e-10,1.1265044808387756,2.331772208213806,0.4831108617173653,-1.307193398475647,lower,-0.8144,44,4.2188942640086095e-14,True,2.2812884291903244e-10,True
epoch_vs_before,length,angle,rad,J1,Joint 1,epoch 10,before,10,50,9.87824323914809e-07,0.13480858431542755,False,Kruskal-Wallis H-test,71.20044356435648,3.227155467999796e-17,0.0,1.7763568394002505e-15,0.009997508022934198,0.049994826316833496,0.1999708521753178,-0.04017677018418908,lower,-0.9792,50,4.908912542872929e-17,True,2.8212726272827506e-15,True
epoch_vs_before,length,angle,rad,J2,Joint 2,epoch 10,before,10,50,4.629186034397948e-05,0.540323188916508,False,Kruskal-Wallis H-test,68.32163168316833,1.3888900584229206e-16,2.0,5.329070518200751e-15,0.01879819668829441,0.10308852791786194,0.1823500351394317,-0.07844800921157002,lower,-0.9592,49,1.8292698330448222e-16,True,7.474540467086768e-15,True
epoch_vs_before,length,velocity,rad/s,J1,Joint 1,epoch 10,before,10,50,4.7498173401233495e-05,0.4381645055227275,False,Kruskal-Wallis H-test,63.728982178217905,1.4276866072603462e-15,2.0,5.329070518200751e-15,0.0505665298551321,0.2084602639079094,0.24257155252125492,-0.148959930986166,lower,-0.9264,49,1.6403207828097595e-15,True,7.474540467086768e-15,True
epoch_vs_before,length,velocity,rad/s,J2,Joint 2,epoch 10,before,10,50,0.00019282132630697453,0.5274218067363512,False,Kruskal-Wallis H-test,61.43852673267327,4.567843520801627e-15,9.0,5.861977570020827e-14,0.10404270514845848,0.44445137679576874,0.23409243525927353,-0.31852805987000465,lower,-0.9096,48,4.983102022692684e-15,True,6.807457823249992e-14,True
epoch_vs_before,length,acceleration,rad/s^2,J1,Joint 1,epoch 10,before,10,50,5.0570054826785715e-05,0.667325342401054,False,Kruskal-Wallis H-test,58.02891089108908,2.5829368985284373e-14,6.0,2.4868995751603507e-14,0.3010778874158859,1.0894268155097961,0.27636357314648696,-0.732399120926857,lower,-0.884,47,2.6316715569912378e-14,True,2.984279490192421e-14,True
epoch_vs_before,length,acceleration,rad/s^2,J2,Joint 2,epoch 10,before,10,50,6.272815998582206e-05,0.5022713362205653,False,Kruskal-Wallis H-test,58.34442772277231,2.2001894659546772e-14,10.0,7.638334409421077e-14,0.6241416335105896,2.331772208213806,0.267668355987782,-1.7089098989963531,lower,-0.8864,48,2.263052022124811e-14,True,8.775958683164642e-14,True
epoch_vs_before,length,angle,rad,J1,Joint 1,epoch 30,before,30,50,5.870034699443202e-08,0.13480858431542755,False,Kruskal-Wallis H-test,72.25135841584165,1.8946023379338616e-17,0.0,1.7763568394002505e-15,0.011278101708739996,0.049994826316833496,0.22558537632008147,-0.03752096462994814,lower,-0.9864,50,3.1002583711645005e-17,True,2.8212726272827506e-15,True
epoch_vs_before,length,angle,rad,J2,Joint 2,epoch 30,before,30,50,4.188642120438229e-06,0.540323188916508,False,Kruskal-Wallis H-test,70.15722772277229,5.476102813651778e-17,0.0,1.7763568394002505e-15,0.018278710544109344,0.10308852791786194,0.1773108115257336,-0.07878348976373672,lower,-0.972,50,7.992150052356648e-17,True,2.8212726272827506e-15,True
epoch_vs_before,length,velocity,rad/s,J1,Joint 1,epoch 30,before,30,50,4.415598094527336e-06,0.4381645055227275,False,Kruskal-Wallis H-test,67.75299801980191,1.8531482026863274e-16,0.0,1.7763568394002505e-15,0.047864632681012154,0.2084602639079094,0.22961034291963245,-0.15477468352764845,lower,-0.9552,50,2.382619117739564e-16,True,2.8212726272827506e-15,True
epoch_vs_before,length,velocity,rad/s,J2,Joint 2,epoch 30,before,30,50,2.744499957160364e-05,0.5274218067363512,False,Kruskal-Wallis H-test,64.17001188118815,1.1413280162239139e-15,4.0,1.2434497875801753e-14,0.09868303313851357,0.44445137679576874,0.22203336133180598,-0.33455799520015717,lower,-0.9296,49,1.3398198451324205e-15,True,1.6377143543738893e-14,True
epoch_vs_before,length,acceleration,rad/s^2,J1,Joint 1,epoch 30,before,30,50,1.7173996014314868e-06,0.667325342401054,False,Kruskal-Wallis H-test,62.63306138613865,2.490376251896662e-15,2.0,5.329070518200751e-15,0.27494315803050995,1.0894268155097961,0.2523741421784726,-0.8038385137915611,lower,-0.9184,49,2.801673283383745e-15,True,7.474540467086768e-15,True
epoch_vs_before,length,acceleration,rad/s^2,J2,Joint 2,epoch 30,before,30,50,2.801353985338525e-06,0.5022713362205653,False,Kruskal-Wallis H-test,61.11474059405941,5.384348724774898e-15,6.0,2.4868995751603507e-14,0.5825918614864349,2.331772208213806,0.24984938899015113,-1.7689177691936493,lower,-0.9072,48,5.81509662275689e-15,True,2.984279490192421e-14,True
epoch_vs_before,length,angle,rad,J1,Joint 1,epoch 100,before,100,50,2.438160145964355e-07,0.13480858431542755,False,Kruskal-Wallis H-test,72.9562455445544,1.325561804138352e-17,0.0,1.7763568394002505e-15,0.008791185449808836,0.049994826316833496,0.17584190400215075,-0.040524689480662346,lower,-0.9912,50,2.2723916642371747e-17,True,2.8212726272827506e-15,True
epoch_vs_before,length,angle,rad,J2,Joint 2,epoch 100,before,100,50,4.905259337321884e-05,0.540323188916508,False,Kruskal-Wallis H-test,71.08415049504953,3.423089275518035e-17,1.0,3.552713678800501e-15,0.015151464845985174,0.10308852791786194,0.14697527602739113,-0.08230852009728551,lower,-0.9784,49,5.0750274760039876e-17,True,5.4041278494430154e-15,True
epoch_vs_before,length,velocity,rad/s,J1,Joint 1,epoch 100,before,100,50,5.0879594105399925e-05,0.4381645055227275,False,Kruskal-Wallis H-test,68.77824950495045,1.1018121083881165e-16,0.0,1.7763568394002505e-15,0.043662019073963165,0.2084602639079094,0.2094500805834706,-0.15828527137637138,lower,-0.9624,50,1.5062747810875516e-16,True,2.8212726272827506e-15,True
epoch_vs_before,length,velocity,rad/s,J2,Joint 2,epoch 100,before,100,50,0.00043616227335589616,0.5274218067363512,False,Kruskal-Wallis H-test,66.73544554455447,3.1050147701537563e-16,5.0,1.7763568394002505e-14,0.08624914661049843,0.44445137679576874,0.1940575530045687,-0.33972952142357826,lower,-0.948,49,3.8993208741465775e-16,True,2.230773705293338e-14,True
epoch_vs_before,length,acceleration,rad/s^2,J1,Joint 1,epoch 100,before,100,50,1.862615197442753e-05,0.667325342401054,False,Kruskal-Wallis H-test,64.72343762376244,8.618361510685189e-16,1.0,3.552713678800501e-15,0.23656635731458664,1.0894268155097961,0.2171475439622676,-0.842368595302105,lower,-0.9336,49,1.02283850896044e-15,True,5.4041278494430154e-15,True
epoch_vs_before,length,acceleration,rad/s^2,J2,Joint 2,epoch 100,before,100,50,5.134261369417682e-05,0.5022713362205653,False,Kruskal-Wallis H-test,64.05961188118806,1.2071093001246926e-15,5.0,1.7763568394002505e-14,0.5009255260229111,2.331772208213806,0.21482609847495873,-1.8188657313585281,lower,-0.9288,49,1.401804348531901e-15,True,2.230773705293338e-14,True
epoch_vs_before,length,angle,rad,J1,Joint 1,epoch 300,before,300,50,5.690914842428841e-06,0.13480858431542755,False,Kruskal-Wallis H-test,73.30997227722776,1.108066546250364e-17,0.0,1.7763568394002505e-15,0.009807114489376545,0.049994826316833496,0.19616258744906256,-0.03934907075017691,lower,-0.9936,50,2.1369854820542736e-17,True,2.8212726272827506e-15,True
epoch_vs_before,length,angle,rad,J2,Joint 2,epoch 300,before,300,50,0.0013183421719967444,0.540323188916508,False,Kruskal-Wallis H-test,71.20044356435648,3.227155467999796e-17,2.0,5.329070518200751e-15,0.017339671961963177,0.10308852791786194,0.16820176126463793,-0.07977630570530891,lower,-0.9792,49,4.908912542872929e-17,True,7.474540467086768e-15,True
epoch_vs_before,length,velocity,rad/s,J1,Joint 1,epoch 300,before,300,50,0.0004112012906614375,0.4381645055227275,False,Kruskal-Wallis H-test,68.89264158415841,1.0397203684846441e-16,0.0,1.7763568394002505e-15,0.04949487932026386,0.2084602639079094,0.23743076206662103,-0.15701773948967457,lower,-0.9632,50,1.439612817901815e-16,True,2.8212726272827506e-15,True
epoch_vs_before,length,velocity,rad/s,J2,Joint 2,epoch 300,before,300,50,0.0044277163103539,0.5274218067363512,False,Kruskal-Wallis H-test,66.06135445544555,4.371025527260285e-16,6.0,2.4868995751603507e-14,0.09877045825123787,0.44445137679576874,0.22223006476729668,-0.3362798485904932,lower,-0.9432,49,5.426100654530009e-16,True,2.984279490192421e-14,True
epoch_vs_before,length,acceleration,rad/s^2,J1,Joint 1,epoch 300,before,300,50,0.0008321981301241487,0.667325342401054,False,Kruskal-Wallis H-test,65.05663366336631,7.277615106116122e-16,4.0,1.2434497875801753e-14,0.2644110172986984,1.0894268155097961,0.2427065439682312,-0.7944543808698654,lower,-0.936,48,8.733138127339346e-16,True,1.6377143543738893e-14,True
epoch_vs_before,length,acceleration,rad/s^2,J2,Joint 2,epoch 300,before,300,50,0.0026081729435891775,0.5022713362205653,False,Kruskal-Wallis H-test,63.50903762376231,1.5963276270666774e-15,7.0,3.375077994860476e-14,0.5591967105865479,2.331772208213806,0.23981618299452417,-1.8652418851852417,lower,-0.9248,48,1.8147724602442227e-15,True,4.005587070823422e-14,True
epoch_vs_before,mass_length,angle,rad,J1,Joint 1,epoch 1,before,1,50,0.0010447326643195265,0.1433481063355278,False,Kruskal-Wallis H-test,74.25742574257424,6.85664144747578e-18,0.0,1.7763568394002505e-15,0.014283885713666677,0.1104881726205349,0.12927977153467674,-0.09318504109978676,lower,-1.0,50,1.7096432539424314e-17,True,2.8212726272827506e-15,True
epoch_vs_before,mass_length,angle,rad,J2,Joint 2,epoch 1,before,1,50,0.002659555205467531,0.4156727684816146,False,Kruskal-Wallis H-test,67.75299801980191,1.8531482026863274e-16,9.0,5.861977570020827e-14,0.025803744792938232,0.13070129603147507,0.19742531693583404,-0.11212135944515467,lower,-0.9552,47,2.382619117739564e-16,True,6.807457823249992e-14,True
epoch_vs_before,mass_length,velocity,rad/s,J1,Joint 1,epoch 1,before,1,50,0.0016821773872725246,0.3918426088448984,False,Kruskal-Wallis H-test,71.90019801980196,2.2636122702442457e-17,5.0,1.7763568394002505e-14,0.06367149017751217,0.35339784622192383,0.1801694346986152,-0.30327754840254784,lower,-0.984,48,3.648807838602665e-17,True,2.230773705293338e-14,True
epoch_vs_before,mass_length,velocity,rad/s,J2,Joint 2,epoch 1,before,1,50,0.0040799179904608945,0.43784549924841853,False,Kruskal-Wallis H-test,61.763168316831695,3.873524089219258e-15,20.0,6.590283874174929e-13,0.1360962763428688,0.6294033825397491,0.21623060841156796,-0.495065713301301,lower,-0.912,46,4.268781649343672e-15,True,7.262761820519309e-13,True
epoch_vs_before,mass_length,acceleration,rad/s^2,J1,Joint 1,epoch 1,before,1,50,0.0016435263705157997,0.2549478978308422,False,Kruskal-Wallis H-test,65.72559207920796,5.18284729546459e-16,12.0,1.2434497875801753e-13,0.3164868652820587,1.57650887966156,0.20075171752283508,-1.2153357565402985,lower,-0.9408,47,6.360767135342906e-16,True,1.413606074301673e-13,True
epoch_vs_before,mass_length,acceleration,rad/s^2,J2,Joint 2,epoch 1,before,1,50,0.0021052680304512266,0.44161946382726774,False,Kruskal-Wallis H-test,59.402328712871224,1.2851691277516653e-14,25.0,1.6058265828178264e-12,0.687309205532074,3.2195197343826294,0.2134819048294703,-2.5406409204006195,lower,-0.8944,46,1.3345987095882679e-14,True,1.7171214944982698e-12,True
epoch_vs_before,mass_length,angle,rad,J1,Joint 1,epoch 3,before,3,50,0.0010318540417670172,0.1433481063355278,False,Kruskal-Wallis H-test,74.25742574257424,6.85664144747578e-18,0.0,1.7763568394002505e-15,0.011254908051341772,0.1104881726205349,0.10186527466605941,-0.09712270507588983,lower,-1.0,50,1.7096432539424314e-17,True,2.8212726272827506e-15,True
epoch_vs_before,mass_length,angle,rad,J2,Joint 2,epoch 3,before,3,50,0.004049812013636881,0.4156727684816146,False,Kruskal-Wallis H-test,73.19196831683166,1.1763347709598625e-17,0.0,1.7763568394002505e-15,0.020112660713493824,0.13070129603147507,0.15388264175016564,-0.11636510398238897,lower,-0.9928,50,2.1532907671807652e-17,True,2.8212726272827506e-15,True
epoch_vs_before,mass_length,velocity,rad/s,J1,Joint 1,epoch 3,before,3,50,0.001652645235242469,0.3918426088448984,False,Kruskal-Wallis H-test,73.5462653465346,9.830475467603554e-18,0.0,1.7763568394002505e-15,0.04743451438844204,0.35339784622192383,0.13422411849860147,-0.31090120133012533,lower,-0.9952,50,1.9660950935207108e-17,True,2.8212726272827506e-15,True
epoch_vs_before,mass_length,velocity,rad/s,J2,Joint 2,epoch 3,before,3,50,0.006559446049293666,0.43784549924841853,False,Kruskal-Wallis H-test,69.46602772277225,7.774207850691797e-17,2.0,5.329070518200751e-15,0.10335809737443924,0.6294033825397491,0.1642159865067325,-0.5226347576826811,lower,-0.9672,49,1.0904083738632651e-16,True,7.474540467086768e-15,True
epoch_vs_before,mass_length,acceleration,rad/s^2,J1,Joint 1,epoch 3,before,3,50,0.0016669113631308952,0.2549478978308422,False,Kruskal-Wallis H-test,71.78333465346537,2.401721323903821e-17,3.0,8.881784197001252e-15,0.2298429012298584,1.57650887966156,0.14579232898402725,-1.279593512415886,lower,-0.9832,48,3.7592159852407635e-17,True,1.2142185990837155e-14,True
epoch_vs_before,mass_length,acceleration,rad/s^2,J2,Joint 2,epoch 3,before,3,50,0.003798063219473301,0.44161946382726774,False,Kruskal-Wallis H-test,67.6395564356435,1.9628970852254888e-16,4.0,1.2434497875801753e-14,0.501084640622139,3.2195197343826294,0.15563956178644958,-2.6304190903902054,lower,-0.9544,48,2.4940339435806207e-16,True,1.6377143543738893e-14,True
epoch_vs_before,mass_length,angle,rad,J1,Joint 1,epoch 10,before,10,50,3.173101203053491e-07,0.1433481063355278,False,Kruskal-Wallis H-test,74.25742574257424,6.85664144747578e-18,0.0,1.7763568394002505e-15,0.008235246874392033,0.1104881726205349,0.07453509890760436,-0.10111070517450571,lower,-1.0,50,1.7096432539424314e-17,True,2.8212726272827506e-15,True
epoch_vs_before,mass_length,angle,rad,J2,Joint 2,epoch 10,before,10,50,6.423240746892669e-09,0.4156727684816146,False,Kruskal-Wallis H-test,74.13866138613866,7.28181385938443e-18,0.0,1.7763568394002505e-15,0.010916772298514843,0.13070129603147507,0.0835245910330216,-0.12033938337117434,lower,-0.9992,50,1.7096432539424314e-17,True,2.8212726272827506e-15,True
epoch_vs_before,mass_length,velocity,rad/s,J1,Joint 1,epoch 10,before,10,50,8.206675644735611e-07,0.3918426088448984,False,Kruskal-Wallis H-test,74.25742574257424,6.85664144747578e-18,0.0,1.7763568394002505e-15,0.028581377118825912,0.35339784622192383,0.08087592333790744,-0.3294720249250531,lower,-1.0,50,1.7096432539424314e-17,True,2.8212726272827506e-15,True
epoch_vs_before,mass_length,velocity,rad/s,J2,Joint 2,epoch 10,before,10,50,8.650765332986083e-06,0.43784549924841853,False,Kruskal-Wallis H-test,74.01999207920795,7.732987799876066e-18,0.0,1.7763568394002505e-15,0.04649026319384575,0.6294033825397491,0.07386401866200602,-0.5773439276963472,lower,-0.9984,50,1.739922254972115e-17,True,2.8212726272827506e-15,True
epoch_vs_before,mass_length,acceleration,rad/s^2,J1,Joint 1,epoch 10,before,10,50,6.493507356201804e-08,0.2549478978308422,False,Kruskal-Wallis H-test,74.13866138613866,7.28181385938443e-18,0.0,1.7763568394002505e-15,0.12450357526540756,1.57650887966156,0.07897423025751406,-1.475777879357338,lower,-0.9992,50,1.7096432539424314e-17,True,2.8212726272827506e-15,True
epoch_vs_before,mass_length,acceleration,rad/s^2,J2,Joint 2,epoch 10,before,10,50,1.915478017937388e-07,0.44161946382726774,False,Kruskal-Wallis H-test,73.90141782178216,8.211730646555875e-18,0.0,1.7763568394002505e-15,0.23847608268260956,3.2195197343826294,0.07407194313357406,-2.944780744612217,lower,-0.9976,50,1.773733819656069e-17,True,2.8212726272827506e-15,True
epoch_vs_before,mass_length,angle,rad,J1,Joint 1,epoch 30,before,30,50,9.663363375696011e-09,0.1433481063355278,False,Kruskal-Wallis H-test,74.25742574257424,6.85664144747578e-18,0.0,1.7763568394002505e-15,0.008372172247618437,0.1104881726205349,0.07577437520278453,-0.10166890872642398,lower,-1.0,50,1.7096432539424314e-17,True,2.8212726272827506e-15,True
epoch_vs_before,mass_length,angle,rad,J2,Joint 2,epoch 30,before,30,50,2.3313463944188394e-08,0.4156727684816146,False,Kruskal-Wallis H-test,74.01999207920795,7.732987799876066e-18,0.0,1.7763568394002505e-15,0.013233393430709839,0.13070129603147507,0.10124913702097503,-0.11867386661469936,lower,-0.9984,50,1.739922254972115e-17,True,2.8212726272827506e-15,True
epoch_vs_before,mass_length,velocity,rad/s,J1,Joint 1,epoch 30,before,30,50,1.972304460149458e-05,0.3918426088448984,False,Kruskal-Wallis H-test,74.25742574257424,6.85664144747578e-18,0.0,1.7763568394002505e-15,0.034595781937241554,0.35339784622192383,0.09789471641407906,-0.3109064046293497,lower,-1.0,50,1.7096432539424314e-17,True,2.8212726272827506e-15,True
epoch_vs_before,mass_length,velocity,rad/s,J2,Joint 2,epoch 30,before,30,50,2.4731365262133085e-05,0.43784549924841853,False,Kruskal-Wallis H-test,73.66455445544551,9.258663379581441e-18,0.0,1.7763568394002505e-15,0.06672466173768044,0.6294033825397491,0.10601255663488038,-0.5636242628097534,lower,-0.996,50,1.886671028292067e-17,True,2.8212726272827506e-15,True
epoch_vs_before,mass_length,acceleration,rad/s^2,J1,Joint 1,epoch 30,before,30,50,1.8030589821624913e-07,0.2549478978308422,False,Kruskal-Wallis H-test,73.66455445544551,9.258663379581441e-18,0.0,1.7763568394002505e-15,0.1567169353365898,1.57650887966156,0.09940758175128916,-1.4168200120329857,lower,-0.996,50,1.886671028292067e-17,True,2.8212726272827506e-15,True
epoch_vs_before,mass_length,acceleration,rad/s^2,J2,Joint 2,epoch 30,before,30,50,6.653319484874095e-07,0.44161946382726774,False,Kruskal-Wallis H-test,72.9562455445544,1.325561804138352e-17,0.0,1.7763568394002505e-15,0.3277200758457184,3.2195197343826294,0.10179160337048268,-2.845561161637306,lower,-0.9912,50,2.2723916642371747e-17,True,2.8212726272827506e-15,True
epoch_vs_before,mass_length,angle,rad,J1,Joint 1,epoch 100,before,100,50,0.3369688398234761,0.1433481063355278,True,One-way ANOVA,331.23940498399134,3.373030614985384e-33,0.0,1.7763568394002505e-15,0.006465283455327153,0.1104881726205349,0.05851561576216657,-0.10471876105293632,lower,-1.0,50,1.2142910213947382e-31,True,2.8212726272827506e-15,True
epoch_vs_before,mass_length,angle,rad,J2,Joint 2,epoch 100,before,100,50,0.09076740467549234,0.4156727684816146,True,One-way ANOVA,277.44693867284565,2.435456395049921e-30,0.0,1.7763568394002505e-15,0.010746438056230545,0.13070129603147507,0.0822213580318486,-0.11899547791108489,lower,-1.0,50,6.575732266634787e-29,True,2.8212726272827506e-15,True
epoch_vs_before,mass_length,velocity,rad/s,J1,Joint 1,epoch 100,before,100,50,0.02208969994271393,0.3918426088448984,False,Kruskal-Wallis H-test,74.25742574257424,6.85664144747578e-18,0.0,1.7763568394002505e-15,0.021435587666928768,0.35339784622192383,0.06065568281213527,-0.3379355678334832,lower,-1.0,50,1.7096432539424314e-17,True,2.8212726272827506e-15,True
epoch_vs_before,mass_length,velocity,rad/s,J2,Joint 2,epoch 100,before,100,50,0.09355309757868499,0.43784549924841853,True,One-way ANOVA,245.33965401786426,1.9773452501277556e-28,0.0,1.7763568394002505e-15,0.03843940608203411,0.6294033825397491,0.061072766922422,-0.5843068268150091,lower,-1.0,50,4.271065740275952e-27,True,2.8212726272827506e-15,True
epoch_vs_before,mass_length,acceleration,rad/s^2,J1,Joint 1,epoch 100,before,100,50,0.0071537750656745685,0.2549478978308422,False,Kruskal-Wallis H-test,74.25742574257424,6.85664144747578e-18,0.0,1.7763568394002505e-15,0.09907310456037521,1.57650887966156,0.06284335333502461,-1.4196997433900833,lower,-1.0,50,1.7096432539424314e-17,True,2.8212726272827506e-15,True
epoch_vs_before,mass_length,acceleration,rad/s^2,J2,Joint 2,epoch 100,before,100,50,0.033882730320755096,0.44161946382726774,False,Kruskal-Wallis H-test,74.25742574257424,6.85664144747578e-18,0.0,1.7763568394002505e-15,0.19570638239383698,3.2195197343826294,0.06078744612241532,-2.964790567755699,lower,-1.0,50,1.7096432539424314e-17,True,2.8212726272827506e-15,True
epoch_vs_before,mass_length,angle,rad,J1,Joint 1,epoch 300,before,300,50,1.314013630174965e-10,0.1433481063355278,False,Kruskal-Wallis H-test,74.25742574257424,6.85664144747578e-18,0.0,1.7763568394002505e-15,0.009562738705426455,0.1104881726205349,0.08654988564494695,-0.09767699707299471,lower,-1.0,50,1.7096432539424314e-17,True,2.8212726272827506e-15,True
epoch_vs_before,mass_length,angle,rad,J2,Joint 2,epoch 300,before,300,50,4.073762231449589e-10,0.4156727684816146,False,Kruskal-Wallis H-test,73.19196831683166,1.1763347709598625e-17,0.0,1.7763568394002505e-15,0.013627319131046534,0.13070129603147507,0.10426307576754898,-0.11761952470988035,lower,-0.9928,50,2.1532907671807652e-17,True,2.8212726272827506e-15,True
epoch_vs_before,mass_length,velocity,rad/s,J1,Joint 1,epoch 300,before,300,50,2.806526284243331e-09,0.3918426088448984,False,Kruskal-Wallis H-test,74.13866138613866,7.28181385938443e-18,0.0,1.7763568394002505e-15,0.0293531846255064,0.35339784622192383,0.08305988545010383,-0.3116038702428341,lower,-0.9992,50,1.7096432539424314e-17,True,2.8212726272827506e-15,True
epoch_vs_before,mass_length,velocity,rad/s,J2,Joint 2,epoch 300,before,300,50,1.981822328478443e-08,0.43784549924841853,False,Kruskal-Wallis H-test,72.720902970297,1.4934390999299895e-17,0.0,1.7763568394002505e-15,0.05804730765521526,0.6294033825397491,0.09222592262053718,-0.5700778169557452,lower,-0.9896,50,2.4814065044990594e-17,True,2.8212726272827506e-15,True
epoch_vs_before,mass_length,acceleration,rad/s^2,J1,Joint 1,epoch 300,before,300,50,1.3447950581374613e-09,0.2549478978308422,False,Kruskal-Wallis H-test,72.720902970297,1.4934390999299895e-17,0.0,1.7763568394002505e-15,0.1375672072172165,1.57650887966156,0.08726066119383291,-1.4705143570899963,lower,-0.9896,50,2.4814065044990594e-17,True,2.8212726272827506e-15,True
epoch_vs_before,mass_length,acceleration,rad/s^2,J2,Joint 2,epoch 300,before,300,50,3.16065880365019e-09,0.44161946382726774,False,Kruskal-Wallis H-test,71.78333465346537,2.401721323903821e-17,0.0,1.7763568394002505e-15,0.2851259261369705,3.2195197343826294,0.0885616333057346,-2.895142063498497,lower,-0.9832,50,3.7592159852407635e-17,True,2.8212726272827506e-15,True
torque_epoch_vs_before,mass,torque,Nm,J1,Joint 1,epoch 1,before,1,50,0.07139120505311305,0.2521473676389634,True,One-way ANOVA,453.6240630065078,1.500790733073154e-38,0.0,1.7763568394002505e-15,0.0589423943310976,1.2674029469490051,0.04650643623086762,-1.2030337192118168,lower,-1.0,50,9.004744398438923e-38,True,1.7763568394002505e-15,True
torque_epoch_vs_before,mass,torque,Nm,J2,Joint 2,epoch 1,before,1,50,0.009168634532203929,0.1739673721180525,False,Kruskal-Wallis H-test,74.25742574257424,6.85664144747578e-18,0.0,1.7763568394002505e-15,0.05494012124836445,0.579330325126648,0.09483384325920438,-0.5295986570417881,lower,-1.0,50,6.85664144747578e-18,True,1.7763568394002505e-15,True
torque_epoch_vs_before,mass,torque,Nm,J1,Joint 1,epoch 3,before,3,50,0.007455899899196465,0.2521473676389634,False,Kruskal-Wallis H-test,74.25742574257424,6.85664144747578e-18,0.0,1.7763568394002505e-15,0.0381045937538147,1.2674029469490051,0.030065097959211123,-1.2305675288662314,lower,-1.0,50,6.85664144747578e-18,True,1.7763568394002505e-15,True
torque_epoch_vs_before,mass,torque,Nm,J2,Joint 2,epoch 3,before,3,50,0.0014371476247065373,0.1739673721180525,False,Kruskal-Wallis H-test,74.25742574257424,6.85664144747578e-18,0.0,1.7763568394002505e-15,0.037391580641269684,0.579330325126648,0.0645427643255089,-0.5472456552088261,lower,-1.0,50,6.85664144747578e-18,True,1.7763568394002505e-15,True
torque_epoch_vs_before,mass,torque,Nm,J1,Joint 1,epoch 10,before,10,50,0.02202807122386669,0.2521473676389634,False,Kruskal-Wallis H-test,74.25742574257424,6.85664144747578e-18,0.0,1.7763568394002505e-15,0.02596584241837263,1.2674029469490051,0.020487440463097948,-1.2395120337605476,lower,-1.0,50,6.85664144747578e-18,True,1.7763568394002505e-15,True
torque_epoch_vs_before,mass,torque,Nm,J2,Joint 2,epoch 10,before,10,50,0.012811418958454753,0.1739673721180525,False,Kruskal-Wallis H-test,74.25742574257424,6.85664144747578e-18,0.0,1.7763568394002505e-15,0.02227267064154148,0.579330325126648,0.03844554596148999,-0.5568991703912616,lower,-1.0,50,6.85664144747578e-18,True,1.7763568394002505e-15,True
torque_epoch_vs_before,mass,torque,Nm,J1,Joint 1,epoch 30,before,30,50,0.7552997569224708,0.2521473676389634,True,One-way ANOVA,461.1217960018376,7.734091343606196e-39,0.0,1.7763568394002505e-15,0.05108477920293808,1.2674029469490051,0.0403066596348963,-1.2134115621447563,lower,-1.0,50,5.56854576739646e-38,True,1.7763568394002505e-15,True
torque_epoch_vs_before,mass,torque,Nm,J2,Joint 2,epoch 30,before,30,50,0.0007447475758464745,0.1739673721180525,False,Kruskal-Wallis H-test,74.25742574257424,6.85664144747578e-18,0.0,1.7763568394002505e-15,0.03733035922050476,0.579330325126648,0.06443708813679645,-0.541289709508419,lower,-1.0,50,6.85664144747578e-18,True,1.7763568394002505e-15,True
torque_epoch_vs_before,mass,torque,Nm,J1,Joint 1,epoch 100,before,100,50,0.003364082461111416,0.2521473676389634,False,Kruskal-Wallis H-test,74.25742574257424,6.85664144747578e-18,0.0,1.7763568394002505e-15,0.031987905502319336,1.2674029469490051,0.025238938870485672,-1.235008996911347,lower,-1.0,50,6.85664144747578e-18,True,1.7763568394002505e-15,True
torque_epoch_vs_before,mass,torque,Nm,J2,Joint 2,epoch 100,before,100,50,0.09550075625960452,0.1739673721180525,True,One-way ANOVA,379.4131913038901,1.8123695767325271e-35,0.0,1.7763568394002505e-15,0.02633824199438095,0.579330325126648,0.04546325447165764,-0.5537511613219976,lower,-1.0,50,7.249478306930109e-35,True,1.7763568394002505e-15,True
torque_epoch_vs_before,mass,torque,Nm,J1,Joint 1,epoch 300,before,300,50,0.02809716274845964,0.2521473676389634,False,Kruskal-Wallis H-test,74.25742574257424,6.85664144747578e-18,0.0,1.7763568394002505e-15,0.05137960985302925,1.2674029469490051,0.040539285455122545,-1.215390993282199,lower,-1.0,50,6.85664144747578e-18,True,1.7763568394002505e-15,True
torque_epoch_vs_before,mass,torque,Nm,J2,Joint 2,epoch 300,before,300,50,0.004006158848355102,0.1739673721180525,False,Kruskal-Wallis H-test,74.25742574257424,6.85664144747578e-18,0.0,1.7763568394002505e-15,0.015983862802386284,0.579330325126648,0.027590240160295487,-0.5649148169904947,lower,-1.0,50,6.85664144747578e-18,True,1.7763568394002505e-15,True
torque_epoch_vs_before,length,torque,Nm,J1,Joint 1,epoch 1,before,1,50,0.02412963457189121,0.026332217380512103,False,Kruskal-Wallis H-test,74.25742574257424,6.85664144747578e-18,0.0,1.7763568394002505e-15,0.06338048726320267,1.402663230895996,0.04518581928088066,-1.338438693434,lower,-1.0,50,6.85664144747578e-18,True,1.7763568394002505e-15,True
torque_epoch_vs_before,length,torque,Nm,J2,Joint 2,epoch 1,before,1,50,0.9260447485290677,0.1610259696872534,True,One-way ANOVA,291.8230397202072,3.8389854413565197e-31,0.0,1.7763568394002505e-15,0.03654932230710983,0.6960982084274292,0.052505985311582994,-0.6616285406053066,lower,-1.0,50,1.0631036606833439e-30,True,1.7763568394002505e-15,True
torque_epoch_vs_before,length,torque,Nm,J1,Joint 1,epoch 3,before,3,50,0.16134424644426199,0.026332217380512103,False,Kruskal-Wallis H-test,74.25742574257424,6.85664144747578e-18,0.0,1.7763568394002505e-15,0.0640270747244358,1.402663230895996,0.04564679055822719,-1.3444610256701708,lower,-1.0,50,6.85664144747578e-18,True,1.7763568394002505e-15,True
torque_epoch_vs_before,length,torque,Nm,J2,Joint 2,epoch 3,before,3,50,0.09684993421292094,0.1610259696872534,True,One-way ANOVA,298.5269973375958,1.6602048604646128e-31,0.0,1.7763568394002505e-15,0.030845691449940205,0.6960982084274292,0.044312269556941376,-0.6627320740371943,lower,-1.0,50,4.9806145813938385e-31,True,1.7763568394002505e-15,True
torque_epoch_vs_before,length,torque,Nm,J1,Joint 1,epoch 10,before,10,50,0.0026736464882860067,0.026332217380512103,False,Kruskal-Wallis H-test,74.25742574257424,6.85664144747578e-18,0.0,1.7763568394002505e-15,0.04211418703198433,1.402663230895996,0.030024446427588,-1.357032310217619,lower,-1.0,50,6.85664144747578e-18,True,1.7763568394002505e-15,True
torque_epoch_vs_before,length,torque,Nm,J2,Joint 2,epoch 10,before,10,50,0.011627021928774529,0.1610259696872534,False,Kruskal-Wallis H-test,74.25742574257424,6.85664144747578e-18,0.0,1.7763568394002505e-15,0.020365302450954914,0.6960982084274292,0.02925636383544589,-0.6779284956865013,lower,-1.0,50,6.85664144747578e-18,True,1.7763568394002505e-15,True
torque_epoch_vs_before,length,torque,Nm,J1,Joint 1,epoch 30,before,30,50,0.40028553418936896,0.026332217380512103,False,Kruskal-Wallis H-test,74.25742574257424,6.85664144747578e-18,0.0,1.7763568394002505e-15,0.12285173684358597,1.402663230895996,0.08758462768366038,-1.2813801616430283,lower,-1.0,50,6.85664144747578e-18,True,1.7763568394002505e-15,True
torque_epoch_vs_before,length,torque,Nm,J2,Joint 2,epoch 30,before,30,50,0.028940342228354374,0.1610259696872534,False,Kruskal-Wallis H-test,74.25742574257424,6.85664144747578e-18,0.0,1.7763568394002505e-15,0.03408889099955559,0.6960982084274292,0.0489713816051424,-0.6589131280779839,lower,-1.0,50,6.85664144747578e-18,True,1.7763568394002505e-15,True
torque_epoch_vs_before,length,torque,Nm,J1,Joint 1,epoch 100,before,100,50,0.022780722718089674,0.026332217380512103,False,Kruskal-Wallis H-test,74.25742574257424,6.85664144747578e-18,0.0,1.7763568394002505e-15,0.03933991491794586,1.402663230895996,0.02804658598829616,-1.3648043647408485,lower,-1.0,50,6.85664144747578e-18,True,1.7763568394002505e-15,True
torque_epoch_vs_before,length,torque,Nm,J2,Joint 2,epoch 100,before,100,50,0.013312434188560042,0.1610259696872534,False,Kruskal-Wallis H-test,74.25742574257424,6.85664144747578e-18,0.0,1.7763568394002505e-15,0.026100432500243187,0.6960982084274292,0.0374953306649176,-0.6685476675629616,lower,-1.0,50,6.85664144747578e-18,True,1.7763568394002505e-15,True
torque_epoch_vs_before,length,torque,Nm,J1,Joint 1,epoch 300,before,300,50,0.00028287266390088076,0.026332217380512103,False,Kruskal-Wallis H-test,74.25742574257424,6.85664144747578e-18,0.0,1.7763568394002505e-15,0.029951266013085842,1.402663230895996,0.021353141191241973,-1.3742795595899224,lower,-1.0,50,6.85664144747578e-18,True,1.7763568394002505e-15,True
torque_epoch_vs_before,length,torque,Nm,J2,Joint 2,epoch 300,before,300,50,0.09038008190801924,0.1610259696872534,True,One-way ANOVA,303.0558747637308,9.499598270038194e-32,0.0,1.7763568394002505e-15,0.025597604922950268,0.6960982084274292,0.036772979175996416,-0.6721386285498738,lower,-1.0,50,3.1089594338306815e-31,True,1.7763568394002505e-15,True
torque_epoch_vs_before,mass_length,torque,Nm,J1,Joint 1,epoch 1,before,1,50,0.10271375586023121,0.17701749439489886,True,One-way ANOVA,469.2457018591243,3.808819647419353e-39,0.0,1.7763568394002505e-15,0.027743184007704258,1.2055209279060364,0.023013440385388884,-1.183780909050256,lower,-1.0,50,3.4279376826774174e-38,True,1.7763568394002505e-15,True
torque_epoch_vs_before,mass_length,torque,Nm,J2,Joint 2,epoch 1,before,1,50,0.009078223163510316,0.1829304918787611,False,Kruskal-Wallis H-test,74.25742574257424,6.85664144747578e-18,0.0,1.7763568394002505e-15,0.04979817196726799,0.44747893512248993,0.1112860697088156,-0.39748511277139187,lower,-1.0,50,6.85664144747578e-18,True,1.7763568394002505e-15,True
torque_epoch_vs_before,mass_length,torque,Nm,J1,Joint 1,epoch 3,before,3,50,0.2237069276203792,0.17701749439489886,True,One-way ANOVA,474.1245216427614,2.501296582605284e-39,0.0,1.7763568394002505e-15,0.024113094434142113,1.2055209279060364,0.020002219684419776,-1.1844482133165002,lower,-1.0,50,3.0015558991263407e-38,True,1.7763568394002505e-15,True
torque_epoch_vs_before,mass_length,torque,Nm,J2,Joint 2,epoch 3,before,3,50,0.14462842263056644,0.1829304918787611,True,One-way ANOVA,376.43491927943234,2.464682743096155e-35,0.0,1.7763568394002505e-15,0.03350641764700413,0.44747893512248993,0.07487820099918738,-0.41410401184111834,lower,-1.0,50,8.872857875146157e-35,True,1.7763568394002505e-15,True
torque_epoch_vs_before,mass_length,torque,Nm,J1,Joint 1,epoch 10,before,10,50,0.021048288094197152,0.17701749439489886,False,Kruskal-Wallis H-test,74.25742574257424,6.85664144747578e-18,0.0,1.7763568394002505e-15,0.032134026288986206,1.2055209279060364,0.026655718324859204,-1.1807240494526923,lower,-1.0,50,6.85664144747578e-18,True,1.7763568394002505e-15,True
torque_epoch_vs_before,mass_length,torque,Nm,J2,Joint 2,epoch 10,before,10,50,0.8948292980493009,0.1829304918787611,True,One-way ANOVA,381.05776901323674,1.5306606308396422e-35,0.0,1.7763568394002505e-15,0.03011964913457632,0.44747893512248993,0.06730964693641181,-0.41513602435588837,lower,-1.0,50,6.88797283877839e-35,True,1.7763568394002505e-15,True
torque_epoch_vs_before,mass_length,torque,Nm,J1,Joint 1,epoch 30,before,30,50,0.3669002608797313,0.17701749439489886,True,One-way ANOVA,477.3507937219247,1.8978159851007448e-39,0.0,1.7763568394002505e-15,0.020875653252005577,1.2055209279060364,0.017316707465432502,-1.1849935557693243,lower,-1.0,50,3.0015558991263407e-38,True,1.7763568394002505e-15,True
torque_epoch_vs_before,mass_length,torque,Nm,J2,Joint 2,epoch 30,before,30,50,0.001770098347325343,0.1829304918787611,False,Kruskal-Wallis H-test,74.25742574257424,6.85664144747578e-18,0.0,1.7763568394002505e-15,0.025471651926636696,0.44747893512248993,0.056922572052836976,-0.4236324345692992,lower,-1.0,50,6.85664144747578e-18,True,1.7763568394002505e-15,True
torque_epoch_vs_before,mass_length,torque,Nm,J1,Joint 1,epoch 100,before,100,50,0.07720858572581024,0.17701749439489886,True,One-way ANOVA,477.5749967188387,1.8618564626501518e-39,0.0,1.7763568394002505e-15,0.020103170536458492,1.2055209279060364,0.01667591998703603,-1.183825165964663,lower,-1.0,50,3.0015558991263407e-38,True,1.7763568394002505e-15,True
torque_epoch_vs_before,mass_length,torque,Nm,J2,Joint 2,epoch 100,before,100,50,0.003416921502646627,0.1829304918787611,False,Kruskal-Wallis H-test,74.25742574257424,6.85664144747578e-18,0.0,1.7763568394002505e-15,0.03802461922168732,0.44747893512248993,0.0849752161211314,-0.4109006002545357,lower,-1.0,50,6.85664144747578e-18,True,1.7763568394002505e-15,True
torque_epoch_vs_before,mass_length,torque,Nm,J1,Joint 1,epoch 300,before,300,50,0.2563836071842497,0.17701749439489886,True,One-way ANOVA,437.0141331318018,6.735434858827379e-38,0.0,1.7763568394002505e-15,0.07157354801893234,1.2055209279060364,0.05937146868387763,-1.134656360372901,lower,-1.0,50,3.4639379273969375e-37,True,1.7763568394002505e-15,True
torque_epoch_vs_before,mass_length,torque,Nm,J2,Joint 2,epoch 300,before,300,50,0.017504669206694662,0.1829304918787611,False,Kruskal-Wallis H-test,74.25742574257424,6.85664144747578e-18,0.0,1.7763568394002505e-15,0.025625327602028847,0.44747893512248993,0.05726599754916807,-0.41991536132991314,lower,-1.0,50,6.85664144747578e-18,True,1.7763568394002505e-15,True
control_epoch_vs_before,unchanged,angle,rad,J1,Joint 1,epoch 1,before,1,50,3.385280215755442e-08,0.7829630176605815,False,Kruskal-Wallis H-test,5.855097029702961,0.015532001698123013,389.0,0.01574343835962111,0.008519170340150595,0.008051323238760233,1.0581081006831372,0.00021122954785823822,higher,0.2808,20,0.02236608244529714,True,0.01889212603154533,True
control_epoch_vs_before,unchanged,angle,rad,J2,Joint 2,epoch 1,before,1,50,0.0018321277304217101,0.13353540935151453,False,Kruskal-Wallis H-test,0.5543287128712677,0.4565543587568991,508.0,0.215052456193769,0.013333105482161045,0.01310241175815463,1.017606966432179,-5.6780409067869186e-05,higher,0.0864,25,0.46959876900709624,False,0.215052456193769,False
control_epoch_vs_before,unchanged,velocity,rad/s,J1,Joint 1,epoch 1,before,1,50,0.0014507916667847842,0.052909010470783606,False,Kruskal-Wallis H-test,1.5915564356435539,0.20710390347823976,482.0,0.13549845162767582,0.034495752304792404,0.031053410843014717,1.1108522821914752,6.418675184249878e-05,higher,0.1464,25,0.23299189141301974,False,0.14346894878224498,False
control_epoch_vs_before,unchanged,velocity,rad/s,J2,Joint 2,epoch 1,before,1,50,0.052500854804082196,0.181587503949635,True,One-way ANOVA,2.0968879644334493,0.15079109496083773,488.0,0.1515030570827971,0.07463055849075317,0.06933270022273064,1.0764121150770591,0.00015407707542181015,higher,0.12,25,0.18428870881737616,False,0.1558317158565913,False
control_epoch_vs_before,unchanged,acceleration,rad/s^2,J1,Joint 1,epoch 1,before,1,50,0.0021953840254063557,0.3039484426912466,False,Kruskal-Wallis H-test,2.0363881188118853,0.15357392401448014,383.0,0.01330480151673541,0.18171097338199615,0.1661328300833702,1.0937692043818696,0.0034770667552948,higher,0.1656,22,0.18428870881737616,False,0.016516305331119818,True
control_epoch_vs_before,unchanged,acceleration,rad/s^2,J2,Joint 2,epoch 1,before,1,50,0.00888075203126748,0.4313489948642709,False,Kruskal-Wallis H-test,2.1764435643564752,0.14013796551452687,401.0,0.021794286702137455,0.41713494062423706,0.3856114149093628,1.0817494620129018,0.013364940881729126,higher,0.1712,22,0.18017738423296312,False,0.02530949423474027,True
control_epoch_vs_before,unchanged,angle,rad,J1,Joint 1,epoch 3,before,3,50,6.7603678916512804e-06,0.7829630176605815,False,Kruskal-Wallis H-test,67.75299801980191,1.8531482026863274e-16,7.0,3.375077994860476e-14,0.016153604723513126,0.008051323238760233,2.006329176519375,0.008067281218245625,higher,0.9552,2,9.530476470958255e-16,True,8.100187187665142e-14,True
control_epoch_vs_before,unchanged,angle,rad,J2,Joint 2,epoch 3,before,3,50,8.033420246408892e-05,0.13353540935151453,False,Kruskal-Wallis H-test,53.29810693069305,2.86582584540548e-13,4.0,1.2434497875801753e-14,0.03157487977296114,0.01310241175815463,2.409852503170623,0.019553910475224257,higher,0.8472,1,8.597477536216441e-13,True,3.443399411760485e-14,True
control_epoch_vs_before,unchanged,velocity,rad/s,J1,Joint 1,epoch 3,before,3,50,0.00011716952003995224,0.052909010470783606,False,Kruskal-Wallis H-test,62.63306138613865,2.490376251896662e-15,1.0,3.552713678800501e-15,0.07706619799137115,0.031053410843014717,2.4817305377810612,0.04289336036890745,higher,0.9184,1,1.120669313353498e-14,True,1.2789769243681802e-14,True
control_epoch_vs_before,unchanged,velocity,rad/s,J2,Joint 2,epoch 3,before,3,50,0.0005831436031708391,0.181587503949635,False,Kruskal-Wallis H-test,56.567809900990085,5.429340254491776e-14,1.0,3.552713678800501e-15,0.1842181161046028,0.06933270022273064,2.657016321487608,0.11931895650923252,higher,0.8728,1,1.7768749923791267e-13,True,1.2789769243681802e-14,True
control_epoch_vs_before,unchanged,acceleration,rad/s^2,J1,Joint 1,epoch 3,before,3,50,0.00016207478278939898,0.3039484426912466,False,Kruskal-Wallis H-test,61.330502970297005,4.825461675296971e-15,1.0,3.552713678800501e-15,0.42801108956336975,0.1661328300833702,2.5763185358883103,0.27280794456601143,higher,0.9088,1,1.9301846701187885e-14,True,1.2789769243681802e-14,True
control_epoch_vs_before,unchanged,acceleration,rad/s^2,J2,Joint 2,epoch 3,before,3,50,0.00028247074218943626,0.4313489948642709,False,Kruskal-Wallis H-test,59.08396039603957,1.510857806746533e-14,1.0,3.552713678800501e-15,1.0281028747558594,0.3856114149093628,2.666162968742803,0.6627596914768219,higher,0.892,1,5.4390881042875185e-14,True,1.2789769243681802e-14,True
control_epoch_vs_before,unchanged,angle,rad,J1,Joint 1,epoch 10,before,10,50,2.7668452309409815e-09,0.7829630176605815,False,Kruskal-Wallis H-test,52.39603960396039,4.5363786035559217e-13,16.0,3.0020430585864233e-13,0.0096611762419343,0.008051323238760233,1.1999488724318013,0.0014795404858887196,higher,0.84,2,1.0887308648534212e-12,True,6.357267653477132e-13,True
control_epoch_vs_before,unchanged,angle,rad,J2,Joint 2,epoch 10,before,10,50,0.0006521496715675952,0.13353540935151453,False,Kruskal-Wallis H-test,4.508388118811865,0.033729011998262504,419.0,0.03453081197041463,0.014819296542555094,0.01310241175815463,1.1310357830368074,0.0008540325798094273,higher,0.2464,24,0.044972015997683336,True,0.03884716346671646,True
control_epoch_vs_before,unchanged,velocity,rad/s,J1,Joint 1,epoch 10,before,10,50,4.7355860719312355e-05,0.052909010470783606,False,Kruskal-Wallis H-test,14.533497029702971,0.00013768943630543685,257.0,0.00014253035612021847,0.0375024750828743,0.031053410843014717,1.2076765181274849,0.004327080212533474,higher,0.4424,15,0.00023603903366646315,True,0.00023323149183308476,True
control_epoch_vs_before,unchanged,velocity,rad/s,J2,Joint 2,epoch 10,before,10,50,0.007696163907997757,0.181587503949635,False,Kruskal-Wallis H-test,7.565988118811845,0.00594800351383495,352.0,0.005236528699732901,0.08552887290716171,0.06933270022273064,1.2336007775898101,0.010459858924150467,higher,0.3192,21,0.009309918543393835,True,0.007540601327615378,True
control_epoch_vs_before,unchanged,acceleration,rad/s^2,J1,Joint 1,epoch 10,before,10,50,0.00012109582237901682,0.3039484426912466,False,Kruskal-Wallis H-test,7.191493069306944,0.007325000570549633,341.0,0.0036632546526647047,0.19156604260206223,0.1661328300833702,1.1530896241635618,0.018303140997886658,higher,0.3112,19,0.01098750085582445,True,0.005733789891127364,True
control_epoch_vs_before,unchanged,acceleration,rad/s^2,J2,Joint 2,epoch 10,before,10,50,0.0011738611680078691,0.4313489948642709,False,Kruskal-Wallis H-test,7.911160396039577,0.00491307448454251,346.0,0.004316904154682888,0.46324484050273895,0.3856114149093628,1.2013255380721126,0.05188748240470886,higher,0.3264,20,0.008039576429251379,True,0.006475356232024332,True
control_epoch_vs_before,unchanged,angle,rad,J1,Joint 1,epoch 30,before,30,50,0.005374832748916885,0.7829630176605815,False,Kruskal-Wallis H-test,18.09215049504951,2.104672910742501e-05,245.0,8.237559280566131e-05,0.009076416492462158,0.008051323238760233,1.1273198483408267,0.0010233540087938309,higher,0.4936,14,3.788411239336502e-05,True,0.00014827606705019035,True
control_epoch_vs_before,unchanged,angle,rad,J2,Joint 2,epoch 30,before,30,50,0.0007987061272896816,0.13353540935151453,False,Kruskal-Wallis H-test,4.626249504950522,0.03148631983558095,248.0,9.468707561843814e-05,0.01391296973451972,0.01310241175815463,1.0618632654297875,0.0027584019117057323,higher,0.2496,13,0.043596442849265934,True,0.00016232070106017967,True
control_epoch_vs_before,unchanged,velocity,rad/s,J1,Joint 1,epoch 30,before,30,50,0.0022711349443889114,0.052909010470783606,False,Kruskal-Wallis H-test,1.88202772277225,0.17010386269516928,362.0,0.007158095833210254,0.034085698425769806,0.031053410843014717,1.0976474886473602,0.0038634948432445526,higher,0.1592,18,0.1975399695814869,False,0.009544127777613673,True
control_epoch_vs_before,unchanged,velocity,rad/s,J2,Joint 2,epoch 30,before,30,50,0.00249287845542801,0.181587503949635,False,Kruskal-Wallis H-test,0.1768396039604454,0.674103421858778,467.0,0.10110987171644048,0.06557422503829002,0.06933270022273064,0.9457907282946352,0.007812533527612686,lower,0.0488,22,0.674103421858778,False,0.11030167823611689,False
control_epoch_vs_before,unchanged,acceleration,rad/s^2,J1,Joint 1,epoch 30,before,30,50,0.012560316430107542,0.3039484426912466,False,Kruskal-Wallis H-test,1.5398019801980354,0.21464728241522338,354.0,0.005579489549422334,0.17679200321435928,0.1661328300833702,1.0641605462667434,0.033743664622306824,higher,0.144,16,0.23416067172569824,False,0.007725447068430924,True
control_epoch_vs_before,unchanged,acceleration,rad/s^2,J2,Joint 2,epoch 30,before,30,50,0.0207454689434193,0.4313489948642709,False,Kruskal-Wallis H-test,1.0409821782178028,0.3075931532329205,381.0,0.012568191503659065,0.38650067150592804,0.3856114149093628,1.0023060951055462,0.06619469076395035,higher,0.1184,19,0.3256868681289747,False,0.01615910336184737,True
control_epoch_vs_before,unchanged,angle,rad,J1,Joint 1,epoch 100,before,100,50,0.009598720217840709,0.7829630176605815,False,Kruskal-Wallis H-test,74.13866138613866,7.28181385938443e-18,0.0,1.7763568394002505e-15,0.02156206965446472,0.008051323238760233,2.678077753810927,0.014078117674216628,higher,0.9992,0,4.369088315630658e-17,True,1.0658141036401503e-14,True
control_epoch_vs_before,unchanged,angle,rad,J2,Joint 2,epoch 100,before,100,50,0.051997362112356324,0.13353540935151453,True,One-way ANOVA,133.5550263397687,5.2918296912266026e-20,0.0,1.7763568394002505e-15,0.051218654960393906,0.01310241175815463,3.9091013094224145,0.042412417475134134,higher,0.9768,0,3.810117377683154e-19,True,1.0658141036401503e-14,True
control_epoch_vs_before,unchanged,velocity,rad/s,J1,Joint 1,epoch 100,before,100,50,0.11639957046568367,0.052909010470783606,True,One-way ANOVA,139.68529584387193,1.4575143408289942e-20,0.0,1.7763568394002505e-15,0.12699666619300842,0.031053410843014717,4.089620519788266,0.09760666359215975,higher,0.9728,0,1.749017208994793e-19,True,1.0658141036401503e-14,True
control_epoch_vs_before,unchanged,velocity,rad/s,J2,Joint 2,epoch 100,before,100,50,0.1580395638901799,0.181587503949635,True,One-way ANOVA,148.37324705038822,2.48032381495e-21,0.0,1.7763568394002505e-15,0.3057701289653778,0.06933270022273064,4.410186362035435,0.2547357175499201,higher,0.9712,0,8.929165733820001e-20,True,1.0658141036401503e-14,True
control_epoch_vs_before,unchanged,acceleration,rad/s^2,J1,Joint 1,epoch 100,before,100,50,0.09706250890012562,0.3039484426912466,True,One-way ANOVA,137.25881077542695,2.4182558711498003e-20,0.0,1.7763568394002505e-15,0.7212005257606506,0.1661328300833702,4.341107807522039,0.5923727005720139,higher,0.9696,0,2.1764302840348203e-19,True,1.0658141036401503e-14,True
control_epoch_vs_before,unchanged,acceleration,rad/s^2,J2,Joint 2,epoch 100,before,100,50,0.10511638284818905,0.4313489948642709,True,One-way ANOVA,139.81908371391515,1.4176043924054538e-20,0.0,1.7763568394002505e-15,1.7544282674789429,0.3856114149093628,4.549731153294095,1.423436239361763,higher,0.9696,0,1.749017208994793e-19,True,1.0658141036401503e-14,True
control_epoch_vs_before,unchanged,angle,rad,J1,Joint 1,epoch 300,before,300,50,0.00025208649994620536,0.7829630176605815,False,Kruskal-Wallis H-test,31.79995247524755,1.7089692528546644e-08,113.0,2.6378053519238165e-08,0.013253087643533945,0.008051323238760233,1.6460757133351283,0.004557149717584252,higher,0.6544,8,3.2380470054088374e-08,True,4.997946982592494e-08,True
control_epoch_vs_before,unchanged,angle,rad,J2,Joint 2,epoch 300,before,300,50,0.0026746554681703017,0.13353540935151453,False,Kruskal-Wallis H-test,48.192427722772265,3.863775568525579e-12,15.0,2.433608869978343e-13,0.03157191351056099,0.01310241175815463,2.4096261126056717,0.01669840794056654,higher,0.8056,4,8.182112968642403e-12,True,5.475619957451272e-13,True
control_epoch_vs_before,unchanged,velocity,rad/s,J1,Joint 1,epoch 300,before,300,50,0.012504917957953637,0.052909010470783606,False,Kruskal-Wallis H-test,47.14531485148518,6.5914021284513844e-12,20.0,6.590283874174929e-13,0.08271878585219383,0.031053410843014717,2.663758460233715,0.04008723050355911,higher,0.7968,5,1.3182804256902769e-11,True,1.3180567748349858e-12,True
control_epoch_vs_before,unchanged,velocity,rad/s,J2,Joint 2,epoch 300,before,300,50,0.03614921183009929,0.181587503949635,False,Kruskal-Wallis H-test,51.008126732673304,9.198434511921248e-13,4.0,1.2434497875801753e-14,0.19588257372379303,0.06933270022273064,2.825255227252395,0.11245246231555939,higher,0.8288,2,2.069647765182281e-12,True,3.443399411760485e-14,True
control_epoch_vs_before,unchanged,acceleration,rad/s^2,J1,Joint 1,epoch 300,before,300,50,0.0037832992141134817,0.3039484426912466,False,Kruskal-Wallis H-test,52.39603960396039,4.5363786035559217e-13,5.0,1.7763568394002505e-14,0.4576035887002945,0.1661328300833702,2.7544440702698916,0.24619638174772263,higher,0.84,2,1.0887308648534212e-12,True,4.5677747298863585e-14,True
control_epoch_vs_before,unchanged,acceleration,rad/s^2,J2,Joint 2,epoch 300,before,300,50,0.007972977049824248,0.4313489948642709,False,Kruskal-Wallis H-test,52.99656237623759,3.341326275923832e-13,4.0,1.2434497875801753e-14,1.1022958159446716,0.3856114149093628,2.858566352875638,0.6114445403218269,higher,0.8448,2,9.252903533327535e-13,True,3.443399411760485e-14,True
control_torque_epoch_vs_before,unchanged,torque,Nm,J1,Joint 1,epoch 1,before,1,50,0.7659100808573898,0.18139947528872588,True,One-way ANOVA,35.663405373566626,3.770130761381802e-08,19.0,5.453415496958769e-13,0.027045908384025097,0.021232623606920242,1.2737902241723043,0.005609394051134586,higher,0.6168,3,6.463081305225946e-08,True,8.180123245438153e-13,True
control_torque_epoch_vs_before,unchanged,torque,Nm,J2,Joint 2,epoch 1,before,1,50,0.001975754199628052,0.0034313784918504984,False,Kruskal-Wallis H-test,18.033552475247518,2.1704566995889937e-05,0.0,1.7763568394002505e-15,0.022491085343062878,0.028076184913516045,0.8010734155065182,-0.004325013607740402,lower,-0.4928,50,3.255685049383491e-05,True,3.045183153257572e-15,True
control_torque_epoch_vs_before,unchanged,torque,Nm,J1,Joint 1,epoch 3,before,3,50,0.0002487537433599269,0.18139947528872588,False,Kruskal-Wallis H-test,74.25742574257424,6.85664144747578e-18,0.0,1.7763568394002505e-15,0.0938548892736435,0.021232623606920242,4.420315219220193,0.07208921946585178,higher,1.0,0,1.645593947394187e-17,True,3.045183153257572e-15,True
control_torque_epoch_vs_before,unchanged,torque,Nm,J2,Joint 2,epoch 3,before,3,50,0.12871265911497712,0.0034313784918504984,False,Kruskal-Wallis H-test,58.76644752475249,1.7754318519729113e-14,0.0,1.7763568394002505e-15,0.038475384935736656,0.028076184913516045,1.3703922044342418,0.009587191045284271,higher,0.8896,0,3.550863703945823e-14,True,3.045183153257572e-15,True
control_torque_epoch_vs_before,unchanged,torque,Nm,J1,Joint 1,epoch 10,before,10,50,0.014082642307183327,0.18139947528872588,False,Kruskal-Wallis H-test,4.836166336633653,0.027868783685180417,198.0,7.518488965629899e-06,0.023740483447909355,0.021232623606920242,1.1181135166061973,0.0028826314955949783,higher,0.2552,12,0.027868783685180417,True,9.022186758755878e-06,True
control_torque_epoch_vs_before,unchanged,torque,Nm,J2,Joint 2,epoch 10,before,10,50,0.09690289274722859,0.0034313784918504984,False,Kruskal-Wallis H-test,15.440792079207938,8.513070207694352e-05,131.0,1.0490046520317264e-07,0.02363415341824293,0.028076184913516045,0.841786499520642,-0.0036903508007526398,lower,-0.456,40,0.00011350760276925802,True,1.3986728693756353e-07,True
control_torque_epoch_vs_before,unchanged,torque,Nm,J1,Joint 1,epoch 30,before,30,50,0.00016806013038247696,0.18139947528872588,False,Kruskal-Wallis H-test,74.25742574257424,6.85664144747578e-18,0.0,1.7763568394002505e-15,0.05098356120288372,0.021232623606920242,2.4011898928150783,0.03142606560140848,higher,1.0,0,1.645593947394187e-17,True,3.045183153257572e-15,True
control_torque_epoch_vs_before,unchanged,torque,Nm,J2,Joint 2,epoch 30,before,30,50,0.007279104054016912,0.0034313784918504984,False,Kruskal-Wallis H-test,74.25742574257424,6.85664144747578e-18,0.0,1.7763568394002505e-15,0.05661912262439728,0.028076184913516045,2.016624509305767,0.027874844148755074,higher,1.0,0,1.645593947394187e-17,True,3.045183153257572e-15,True
control_torque_epoch_vs_before,unchanged,torque,Nm,J1,Joint 1,epoch 100,before,100,50,0.00027321647697009234,0.18139947528872588,False,Kruskal-Wallis H-test,74.25742574257424,6.85664144747578e-18,0.0,1.7763568394002505e-15,0.09879434108734131,0.021232623606920242,4.652950239043552,0.07755387853831053,higher,1.0,0,1.645593947394187e-17,True,3.045183153257572e-15,True
control_torque_epoch_vs_before,unchanged,torque,Nm,J2,Joint 2,epoch 100,before,100,50,0.0015368636677968609,0.0034313784918504984,False,Kruskal-Wallis H-test,5.821782178217802,0.01582889861162925,430.0,0.045027510990479414,0.033617500215768814,0.028076184913516045,1.1973671038042333,0.004535785876214504,higher,0.28,22,0.01726788939450464,True,0.045027510990479414,True
control_torque_epoch_vs_before,unchanged,torque,Nm,J1,Joint 1,epoch 300,before,300,50,0.0014540197774241149,0.18139947528872588,False,Kruskal-Wallis H-test,74.25742574257424,6.85664144747578e-18,0.0,1.7763568394002505e-15,0.04113538935780525,0.021232623606920242,1.9373672382341955,0.019178073853254318,higher,1.0,0,1.645593947394187e-17,True,3.045183153257572e-15,True
control_torque_epoch_vs_before,unchanged,torque,Nm,J2,Joint 2,epoch 300,before,300,50,0.011186790611609192,0.0034313784918504984,False,Kruskal-Wallis H-test,12.216190099009907,0.0004737657974314821,348.0,0.004606102327862516,0.031421443447470665,0.028076184913516045,1.11914932688537,0.003701278008520603,higher,0.4056,20,0.0005685189569177785,True,0.005024838903122744,True
after_vs_analytical,mass,angle,rad,J1,Joint 1,after,analytical,300,50,0.0004785180230093648,8.720451575254861e-07,False,Kruskal-Wallis H-test,58.76644752475249,1.7754318519729113e-14,8.0,4.440892098500626e-14,0.013588111847639084,0.005993297323584557,2.267218046094218,0.007274743402376771,higher,0.8896,3,6.087194921049981e-14,True,8.198570028001157e-14,True
after_vs_analytical,mass,angle,rad,J2,Joint 2,after,analytical,300,50,0.0003673907765632851,1.5875603409827487e-08,False,Kruskal-Wallis H-test,70.73584158415838,4.084049646005832e-17,0.0,1.7763568394002505e-15,0.03291965648531914,0.006249279947951436,5.267751926541627,0.027247454738244414,higher,0.976,0,3.2856616881910666e-16,True,3.875687649600547e-15,True
after_vs_analytical,mass,velocity,rad/s,J1,Joint 1,after,analytical,300,50,0.01454565830480777,8.669148124821705e-08,False,Kruskal-Wallis H-test,69.58099009900991,7.334034891160587e-17,0.0,1.7763568394002505e-15,0.06790235638618469,0.01779048889875412,3.816778547943106,0.051221645437180996,higher,0.968,0,3.5203367477570816e-16,True,3.875687649600547e-15,True
after_vs_analytical,mass,velocity,rad/s,J2,Joint 2,after,analytical,300,50,0.01249185745966487,2.2555620171459097e-06,False,Kruskal-Wallis H-test,70.73584158415838,4.084049646005832e-17,0.0,1.7763568394002505e-15,0.17431288957595825,0.02815806306898594,6.190514210757317,0.14954591635614634,higher,0.976,0,3.2856616881910666e-16,True,3.875687649600547e-15,True
after_vs_analytical,mass,acceleration,rad/s^2,J1,Joint 1,after,analytical,300,50,0.0018045167389128943,3.801876199061507e-09,False,Kruskal-Wallis H-test,70.15722772277229,5.476102813651778e-17,0.0,1.7763568394002505e-15,0.33573926985263824,0.07187625020742416,4.671073809272808,0.2638630196452141,higher,0.972,0,3.2856616881910666e-16,True,3.875687649600547e-15,True
after_vs_analytical,mass,acceleration,rad/s^2,J2,Joint 2,after,analytical,300,50,0.002597856854051786,2.407718072088953e-07,False,Kruskal-Wallis H-test,70.50411089108906,4.593083625308855e-17,0.0,1.7763568394002505e-15,0.860185831785202,0.14037131518125534,6.127931697971781,0.7156088426709175,higher,0.9744,0,3.2856616881910666e-16,True,3.875687649600547e-15,True
after_vs_analytical,length,angle,rad,J1,Joint 1,after,analytical,300,50,5.690914842428841e-06,1.38974641543933e-06,False,Kruskal-Wallis H-test,5.333465346534638,0.02091975083712924,41.0,1.7687185049908294e-11,0.009807114489376545,0.008583970833569765,1.1424915903748614,0.0013722032308578491,higher,0.268,5,0.02642494842584746,True,2.2341707431463108e-11,True
after_vs_analytical,length,angle,rad,J2,Joint 2,after,analytical,300,50,0.0013183421719967444,0.0003673019841261632,False,Kruskal-Wallis H-test,2.1359524752475068,0.14388106900610134,122.0,5.3406212785489515e-08,0.017339671961963177,0.013482160400599241,1.2861196905202583,0.002862425521016121,higher,0.1696,9,0.14388106900610134,False,5.3406212785489515e-08,True
after_vs_analytical,length,velocity,rad/s,J1,Joint 1,after,analytical,300,50,0.0004112012906614375,0.00012679009330877536,False,Kruskal-Wallis H-test,2.66941782178219,0.10229343584263477,97.0,6.917133532624575e-09,0.04949487932026386,0.04006493091583252,1.2353666458140553,0.006669367663562298,higher,0.1896,9,0.12275212301116172,False,8.30056023914949e-09,True
after_vs_analytical,length,velocity,rad/s,J2,Joint 2,after,analytical,300,50,0.0044277163103539,0.001273193585904237,False,Kruskal-Wallis H-test,2.321156435643559,0.12762511300205553,108.0,1.757493883758343e-08,0.09877045825123787,0.07911749184131622,1.2484022932544305,0.018569162115454674,higher,0.1768,9,0.1392273960022424,False,2.0085644385809635e-08,True
after_vs_analytical,length,acceleration,rad/s^2,J1,Joint 1,after,analytical,300,50,0.0008321981301241487,0.0004062979115874225,False,Kruskal-Wallis H-test,2.2378930693068924,0.13466436245489258,120.0,4.578190981874286e-08,0.2644110172986984,0.2202349379658699,1.2005861546803012,0.0473325215280056,higher,0.1736,8,0.14051933473554007,False,4.777242763694907e-08,True
after_vs_analytical,length,acceleration,rad/s^2,J2,Joint 2,after,analytical,300,50,0.0026081729435891775,0.0008725440630724039,False,Kruskal-Wallis H-test,2.427374257425697,0.11923246778263545,111.0,2.2451841275028528e-08,0.5591967105865479,0.4516958147287369,1.2379940047094968,0.10616210103034973,higher,0.1808,9,0.1362656774658691,False,2.4492917754576578e-08,True
after_vs_analytical,mass_length,angle,rad,J1,Joint 1,after,analytical,300,50,1.314013630174965e-10,1.0681081583175714e-07,False,Kruskal-Wallis H-test,65.5022257425743,5.80483709830809e-16,0.0,1.7763568394002505e-15,0.009562738705426455,0.006323950132355094,1.5121464441189716,0.003238069824874401,higher,0.9392,0,2.321934839323236e-15,True,3.875687649600547e-15,True
after_vs_analytical,mass_length,angle,rad,J2,Joint 2,after,analytical,300,50,4.073762231449589e-10,1.4437349148341512e-07,False,Kruskal-Wallis H-test,41.104158415841596,1.4432893615767542e-10,0.0,1.7763568394002505e-15,0.013627319131046534,0.007190534146502614,1.8951748025109778,0.006344033405184746,higher,0.744,0,4.3298680847302627e-10,True,3.875687649600547e-15,True
after_vs_analytical,mass_length,velocity,rad/s,J1,Joint 1,after,analytical,300,50,2.806526284243331e-09,2.9379216294675604e-06,False,Kruskal-Wallis H-test,23.755200000000002,1.0939940636936124e-06,15.0,2.433608869978343e-13,0.0293531846255064,0.020039966329932213,1.464732232691615,0.00966549851000309,higher,0.5656,3,1.7503905019097798e-06,True,3.6504133049675147e-13,True
after_vs_analytical,mass_length,velocity,rad/s,J2,Joint 2,after,analytical,300,50,1.981822328478443e-08,1.2260209943592136e-05,False,Kruskal-Wallis H-test,20.639097029702953,5.545206740071371e-06,9.0,5.861977570020827e-14,0.05804730765521526,0.033784182742238045,1.7181800163140457,0.024576598778367043,higher,0.5272,2,7.8285271624537e-06,True,1.0049104405749988e-13,True
after_vs_analytical,mass_length,acceleration,rad/s^2,J1,Joint 1,after,analytical,300,50,1.3447950581374613e-09,1.7616639640556607e-07,False,Kruskal-Wallis H-test,20.890407920792086,4.863238001107897e-06,18.0,4.4941828036826337e-13,0.1375672072172165,0.08747940510511398,1.5725667893136417,0.04694738611578941,higher,0.5304,3,7.294857001661846e-06,True,5.992243738243511e-13,True
after_vs_analytical,mass_length,acceleration,rad/s^2,J2,Joint 2,after,analytical,300,50,3.16065880365019e-09,1.7278919304769498e-06,False,Kruskal-Wallis H-test,19.22357227722773,1.162688023996854e-05,16.0,3.0020430585864233e-13,0.2851259261369705,0.17259866744279861,1.6519590235623625,0.1180424764752388,higher,0.5088,3,1.5502506986624718e-05,True,4.2381784356514207e-13,True
after_vs_analytical,unchanged,angle,rad,J1,Joint 1,after,analytical,300,50,0.00025208649994620536,2.2406863205476524e-07,False,Kruskal-Wallis H-test,33.93386138613863,5.701767681843317e-09,11.0,9.769962616701378e-14,0.013253087643533945,0.007278486154973507,1.8208577115280897,0.006068657152354717,higher,0.676,4,9.77445888315997e-09,True,1.5631940186722204e-13,True
after_vs_analytical,unchanged,angle,rad,J2,Joint 2,after,analytical,300,50,0.0026746554681703017,0.0004897075952797304,False,Kruskal-Wallis H-test,37.98349306930692,7.134570801061767e-10,0.0,1.7763568394002505e-15,0.03157191351056099,0.011841251980513334,2.666264814102225,0.018314947374165058,higher,0.7152,0,1.4269141602123533e-09,True,3.875687649600547e-15,True
after_vs_analytical,unchanged,velocity,rad/s,J1,Joint 1,after,analytical,300,50,0.012504917957953637,6.50225976046648e-05,False,Kruskal-Wallis H-test,37.30674059405942,1.009351341567455e-09,1.0,3.552713678800501e-15,0.08271878585219383,0.028509017080068588,2.9014955380564396,0.04453465715050697,higher,0.7088,1,1.8634178613553017e-09,True,7.105427357601002e-15,True
after_vs_analytical,unchanged,velocity,rad/s,J2,Joint 2,after,analytical,300,50,0.03614921183009929,0.0025512189623270007,False,Kruskal-Wallis H-test,37.98349306930692,7.134570801061767e-10,0.0,1.7763568394002505e-15,0.19588257372379303,0.0660465769469738,2.9658247675887797,0.11331772990524769,higher,0.7152,0,1.4269141602123533e-09,True,3.875687649600547e-15,True
after_vs_analytical,unchanged,acceleration,rad/s^2,J1,Joint 1,after,analytical,300,50,0.0037832992141134817,0.00033128446379059056,False,Kruskal-Wallis H-test,39.01002772277229,4.216342342590687e-10,0.0,1.7763568394002505e-15,0.4576035887002945,0.16462861001491547,2.7796115672654667,0.2528750002384186,higher,0.7248,0,1.0575333327117147e-09,True,3.875687649600547e-15,True
after_vs_analytical,unchanged,acceleration,rad/s^2,J2,Joint 2,after,analytical,300,50,0.007972977049824248,0.0018875936998150788,False,Kruskal-Wallis H-test,38.923960396039604,4.4063888862988115e-10,0.0,1.7763568394002505e-15,1.1022958159446716,0.3862089216709137,2.8541438431190134,0.6090622097253799,higher,0.724,0,1.0575333327117147e-09,True,3.875687649600547e-15,True
after_vs_control,mass,angle,rad,J1,Joint 1,after,"unchanged plant, after",300,50,0.0004785180230093648,0.00025208649994620536,False,Kruskal-Wallis H-test,0.0372594059405742,0.8469378568305292,584.0,0.6118509675549912,0.013588111847639084,0.013253087643533945,1.0252789548455596,0.00044209742918610573,higher,0.0224,23,0.8967577307617369,False,0.6118509675549912,False
after_vs_control,mass,angle,rad,J2,Joint 2,after,"unchanged plant, after",300,50,0.0003673907765632851,0.0026746554681703017,False,Kruskal-Wallis H-test,0.9854732673267108,0.3208512699735376,330.0,0.002525686043762576,0.03291965648531914,0.03157191351056099,1.0426880358172563,0.003013218753039837,higher,0.1152,13,0.38502152396824507,False,0.003030823252515091,True
after_vs_control,mass,velocity,rad/s,J1,Joint 1,after,"unchanged plant, after",300,50,0.01454565830480777,0.012504917957953637,False,Kruskal-Wallis H-test,0.35971485148513693,0.548664642332377,349.0,0.004757046552823496,0.06790235638618469,0.08271878585219383,0.8208819276858839,-0.005222637206315994,lower,-0.0696,30,0.6172477226239241,False,0.005351677371926433,True
after_vs_control,mass,velocity,rad/s,J2,Joint 2,after,"unchanged plant, after",300,50,0.01249185745966487,0.03614921183009929,False,Kruskal-Wallis H-test,0.0011881188118536556,0.9725030828242839,576.0,0.559104623193516,0.17431288957595825,0.19588257372379303,0.8898846194544625,-0.004715099930763245,lower,-0.004,27,0.9725030828242839,False,0.5919931304401934,False
after_vs_control,mass,acceleration,rad/s^2,J1,Joint 1,after,"unchanged plant, after",300,50,0.0018045167389128943,0.0037832992141134817,False,Kruskal-Wallis H-test,2.321156435643559,0.12762511300205553,123.0,5.7649630846867694e-08,0.33573926985263824,0.4576035887002945,0.7336902029248054,-0.05863836407661438,lower,-0.1768,42,0.17671169492592306,False,8.647444627030154e-08,True
after_vs_control,mass,acceleration,rad/s^2,J2,Joint 2,after,"unchanged plant, after",300,50,0.002597856854051786,0.007972977049824248,False,Kruskal-Wallis H-test,0.9992079207920597,0.3175022437777508,242.0,7.155652345502972e-05,0.860185831785202,1.1022958159446716,0.7803584295092507,-0.1074112057685852,lower,-0.116,38,0.38502152396824507,False,9.200124444218107e-05,True
after_vs_control,length,angle,rad,J1,Joint 1,after,"unchanged plant, after",300,50,5.690914842428841e-06,0.00025208649994620536,False,Kruskal-Wallis H-test,7.3401504950495,0.006743119381169022,62.0,2.2601653881793027e-10,0.009807114489376545,0.013253087643533945,0.7399871451209592,-0.003835124894976616,lower,-0.3144,44,0.010114679071753533,True,3.698452453384313e-10,True
after_vs_control,length,angle,rad,J2,Joint 2,after,"unchanged plant, after",300,50,0.0013183421719967444,0.0026746554681703017,False,Kruskal-Wallis H-test,20.76456237623762,5.193514426514922e-06,0.0,1.7763568394002505e-15,0.017339671961963177,0.03157191351056099,0.5492119429556576,-0.014852051623165607,lower,-0.5288,50,1.1685407459658576e-05,True,9.135549459772716e-15,True
after_vs_control,length,velocity,rad/s,J1,Joint 1,after,"unchanged plant, after",300,50,0.0004112012906614375,0.012504917957953637,False,Kruskal-Wallis H-test,13.806938613861405,0.00020258667467063602,3.0,8.881784197001252e-15,0.04949487932026386,0.08271878585219383,0.5983511340302292,-0.03261242434382439,lower,-0.4312,48,0.00036465601440714484,True,1.7763568394002505e-14,True
after_vs_control,length,velocity,rad/s,J2,Joint 2,after,"unchanged plant, after",300,50,0.0044277163103539,0.03614921183009929,False,Kruskal-Wallis H-test,21.717671287128667,3.1586815426381225e-06,0.0,1.7763568394002505e-15,0.09877045825123787,0.19588257372379303,0.5042330023216386,-0.09693237394094467,lower,-0.5408,50,8.979023203457022e-06,True,9.135549459772716e-15,True
after_vs_control,length,acceleration,rad/s^2,J1,Joint 1,after,"unchanged plant, after",300,50,0.0008321981301241487,0.0037832992141134817,False,Kruskal-Wallis H-test,14.271873267326669,0.0001582114156526253,1.0,3.552713678800501e-15,0.2644110172986984,0.4576035887002945,0.5778167475689822,-0.16441406309604645,lower,-0.4384,49,0.0003164228313052506,True,9.135549459772716e-15,True
after_vs_control,length,acceleration,rad/s^2,J2,Joint 2,after,"unchanged plant, after",300,50,0.0026081729435891775,0.007972977049824248,False,Kruskal-Wallis H-test,21.525338613861322,3.491842356899953e-06,0.0,1.7763568394002505e-15,0.5591967105865479,1.1022958159446716,0.507301853547647,-0.49311232566833496,lower,-0.5384,50,8.979023203457022e-06,True,9.135549459772716e-15,True
after_vs_control,mass_length,angle,rad,J1,Joint 1,after,"unchanged plant, after",300,50,1.314013630174965e-10,0.00025208649994620536,False,Kruskal-Wallis H-test,9.075754455445576,0.00259020690699724,210.0,1.4422642710343325e-05,0.009562738705426455,0.013253087643533945,0.7215479866000903,-0.003588313702493906,lower,-0.3496,37,0.0042385203932682105,True,1.9969812983552296e-05,True
after_vs_control,mass_length,angle,rad,J2,Joint 2,after,"unchanged plant, after",300,50,4.073762231449589e-10,0.0026746554681703017,False,Kruskal-Wallis H-test,32.18989306930689,1.3981618003188996e-08,16.0,3.0020430585864233e-13,0.013627319131046534,0.03157191351056099,0.4316279127803931,-0.016207872424274683,lower,-0.6584,46,5.033382481148038e-08,True,5.403677505455562e-13,True
after_vs_control,mass_length,velocity,rad/s,J1,Joint 1,after,"unchanged plant, after",300,50,2.806526284243331e-09,0.012504917957953637,False,Kruskal-Wallis H-test,39.44179009900995,3.3798574861876593e-10,3.0,8.881784197001252e-15,0.0293531846255064,0.08271878585219383,0.3548551193432188,-0.04735067952424288,lower,-0.7288,48,1.5209358687844468e-09,True,1.7763568394002505e-14,True
after_vs_control,mass_length,velocity,rad/s,J2,Joint 2,after,"unchanged plant, after",300,50,1.981822328478443e-08,0.03614921183009929,False,Kruskal-Wallis H-test,43.07187326732668,5.27653907971345e-11,1.0,3.552713678800501e-15,0.05804730765521526,0.19588257372379303,0.2963372726410348,-0.12290600501000881,lower,-0.7616,49,3.16592344782807e-10,True,9.135549459772716e-15,True
after_vs_control,mass_length,acceleration,rad/s^2,J1,Joint 1,after,"unchanged plant, after",300,50,1.3447950581374613e-09,0.0037832992141134817,False,Kruskal-Wallis H-test,46.10970297029701,1.1181331700170417e-11,1.0,3.552713678800501e-15,0.1375672072172165,0.4576035887002945,0.30062528051395054,-0.2918485514819622,lower,-0.788,49,1.0063198530153376e-10,True,9.135549459772716e-15,True
after_vs_control,mass_length,acceleration,rad/s^2,J2,Joint 2,after,"unchanged plant, after",300,50,3.16065880365019e-09,0.007972977049824248,False,Kruskal-Wallis H-test,48.384047524752475,3.5040714636294316e-12,1.0,3.552713678800501e-15,0.2851259261369705,1.1022958159446716,0.25866552518174674,-0.7271962761878967,lower,-0.8072,49,6.307328634532978e-11,True,9.135549459772716e-15,True
after_vs_original,mass,angle,rad,J1,Joint 1,after,"original plant, pretrained",300,50,0.0004785180230093648,0.7829630176605815,False,Kruskal-Wallis H-test,37.98349306930692,7.134570801061767e-10,87.0,2.81308842886574e-09,0.013588111847639084,0.008051323238760233,1.6876867869648993,0.0051401639357209206,higher,0.7152,8,2.14037124031853e-09,True,8.43926528659722e-09,True
after_vs_original,mass,angle,rad,J2,Joint 2,after,"original plant, pretrained",300,50,0.0003673907765632851,0.13353540935151453,False,Kruskal-Wallis H-test,63.28947326732674,1.784554461194752e-15,3.0,8.881784197001252e-15,0.03291965648531914,0.01310241175815463,2.512488318406779,0.01953564677387476,higher,0.9232,2,3.212198030150554e-14,True,1.1191048088221578e-13,True
after_vs_original,mass,velocity,rad/s,J1,Joint 1,after,"original plant, pretrained",300,50,0.01454565830480777,0.052909010470783606,False,Kruskal-Wallis H-test,49.05771089108907,2.485412601463641e-12,22.0,9.521272659185342e-13,0.06790235638618469,0.031053410843014717,2.1866311797262337,0.033289359882473946,higher,0.8128,4,1.1184356706586385e-11,True,3.427658157306723e-12,True
after_vs_original,mass,velocity,rad/s,J2,Joint 2,after,"original plant, pretrained",300,50,0.01249185745966487,0.181587503949635,False,Kruskal-Wallis H-test,58.23916039603955,2.3211237929826668e-14,4.0,1.2434497875801753e-14,0.17431288957595825,0.06933270022273064,2.5141511727652284,0.10550849605351686,higher,0.8856,2,2.0890114136844e-13,True,1.1191048088221578e-13,True
after_vs_original,mass,acceleration,rad/s^2,J1,Joint 1,after,"original plant, pretrained",300,50,0.0018045167389128943,0.3039484426912466,False,Kruskal-Wallis H-test,47.14531485148518,6.5914021284513844e-12,19.0,5.453415496958769e-13,0.33573926985263824,0.1661328300833702,2.0209086288613434,0.17405443638563156,higher,0.7968,4,2.3729047662424983e-11,True,2.454036973631446e-12,True
after_vs_original,mass,acceleration,rad/s^2,J2,Joint 2,after,"original plant, pretrained",300,50,0.002597856854051786,0.4313489948642709,False,Kruskal-Wallis H-test,52.39603960396039,4.5363786035559217e-13,8.0,4.440892098500626e-14,0.860185831785202,0.3856114149093628,2.2307063497780195,0.4919776916503906,higher,0.84,2,2.7218271621335532e-12,True,2.6645352591003757e-13,True
after_vs_original,length,angle,rad,J1,Joint 1,after,"original plant, pretrained",300,50,5.690914842428841e-06,0.7829630176605815,False,Kruskal-Wallis H-test,19.22357227722773,1.162688023996854e-05,257.0,0.00014253035612021847,0.009807114489376545,0.008051323238760233,1.218074867763808,0.0015368410386145115,higher,0.5088,17,2.6160480539929216e-05,True,0.00023323149183308476,True
after_vs_original,length,angle,rad,J2,Joint 2,after,"original plant, pretrained",300,50,0.0013183421719967444,0.13353540935151453,False,Kruskal-Wallis H-test,6.435992079207949,0.011183068138372486,324.0,0.002049094724295486,0.017339671961963177,0.01310241175815463,1.3233954391008491,0.0034582149237394333,higher,0.2944,19,0.014378230463621768,True,0.00283720807979375,True
after_vs_original,length,velocity,rad/s,J1,Joint 1,after,"original plant, pretrained",300,50,0.0004112012906614375,0.052909010470783606,False,Kruskal-Wallis H-test,14.4809821782178,0.00014158174373666324,202.0,9.372738659862989e-06,0.04949487932026386,0.031053410843014717,1.5938628954634606,0.014159291982650757,higher,0.4416,17,0.0002548471387259938,True,1.8745477319725978e-05,True
after_vs_original,length,velocity,rad/s,J2,Joint 2,after,"original plant, pretrained",300,50,0.0044277163103539,0.181587503949635,False,Kruskal-Wallis H-test,9.795611881188108,0.0017492879463596367,266.0,0.00021178724761483636,0.09877045825123787,0.06933270022273064,1.4245869255623784,0.025329571217298508,higher,0.3632,17,0.0026239319195394553,True,0.00031768087142225454,True
after_vs_original,length,acceleration,rad/s^2,J1,Joint 1,after,"original plant, pretrained",300,50,0.0008321981301241487,0.3039484426912466,False,Kruskal-Wallis H-test,15.440792079207938,8.513070207694352e-05,167.0,1.206143563692308e-06,0.2644110172986984,0.1661328300833702,1.5915639140440176,0.08453156799077988,higher,0.456,16,0.00017026140415388704,True,2.713823018307693e-06,True
after_vs_original,length,acceleration,rad/s^2,J2,Joint 2,after,"original plant, pretrained",300,50,0.0026081729435891775,0.4313489948642709,False,Kruskal-Wallis H-test,10.722772277227705,0.0010582499971310787,245.0,8.237559280566131e-05,0.5591967105865479,0.3856114149093628,1.4501560093027484,0.13381381332874298,higher,0.38,18,0.0017316818134872195,True,0.00014827606705019035,True
after_vs_original,mass_length,angle,rad,J1,Joint 1,after,"original plant, pretrained",300,50,1.314013630174965e-10,0.7829630176605815,False,Kruskal-Wallis H-test,37.22257425742572,1.0538673498882094e-09,135.0,1.4032918471684752e-07,0.009562738705426455,0.008051323238760233,1.1877226167482693,0.0016977479681372643,higher,0.708,10,2.7099446139982527e-09,True,3.608464749861793e-07,True
after_vs_original,mass_length,angle,rad,J2,Joint 2,after,"original plant, pretrained",300,50,4.073762231449589e-10,0.13353540935151453,False,Kruskal-Wallis H-test,3.163437623762377,0.0753044571946877,404.0,0.023585311964122724,0.013627319131046534,0.01310241175815463,1.0400618895651186,0.002034752629697323,higher,0.2064,21,0.08471751434402366,False,0.030323972525300644,True
after_vs_original,mass_length,velocity,rad/s,J1,Joint 1,after,"original plant, pretrained",300,50,2.806526284243331e-09,0.052909010470783606,False,Kruskal-Wallis H-test,1.2938613861385875,0.2553375639961155,580.0,0.5852066143769612,0.0293531846255064,0.031053410843014717,0.9452483263077437,-0.0033224597573280334,lower,-0.132,32,0.2553375639961155,False,0.6196305328697236,False
after_vs_original,mass_length,velocity,rad/s,J2,Joint 2,after,"original plant, pretrained",300,50,1.981822328478443e-08,0.181587503949635,False,Kruskal-Wallis H-test,1.9200475247524196,0.16585142133848926,592.0,0.6666519727454681,0.05804730765521526,0.06933270022273064,0.8372284285588019,-0.006958547979593277,lower,-0.1608,29,0.17560738729957687,False,0.6666519727454681,False
after_vs_original,mass_length,acceleration,rad/s^2,J1,Joint 1,after,"original plant, pretrained",300,50,1.3447950581374613e-09,0.3039484426912466,False,Kruskal-Wallis H-test,4.596641584158419,0.032034651091543784,531.0,0.30905100446984335,0.1375672072172165,0.1661328300833702,0.8280555212848738,-0.033448927104473114,lower,-0.2488,30,0.03844158130985254,True,0.34768238002857377,False
after_vs_original,mass_length,acceleration,rad/s^2,J2,Joint 2,after,"original plant, pretrained",300,50,3.16065880365019e-09,0.4313489948642709,False,Kruskal-Wallis H-test,7.528110891089057,0.006074356999249536,469.0,0.10525460779046192,0.2851259261369705,0.3856114149093628,0.7394125669334473,-0.09921933710575104,lower,-0.3184,31,0.00841064815280705,True,0.1263055293485543,False
after_vs_not_updated,mass,angle,rad,J1,Joint 1,after,not updated,300,50,0.0004785180230093648,0.10220322707589459,False,Kruskal-Wallis H-test,73.42807128712866,1.0437112703467242e-17,0.0,1.7763568394002505e-15,0.013588111847639084,0.09867550060153008,0.13770502064651685,-0.08440229389816523,lower,-0.9944,50,2.6838289808915765e-17,True,2.6645352591003757e-15,True
after_vs_not_updated,mass,angle,rad,J2,Joint 2,after,not updated,300,50,0.0003673907765632851,0.020434439107037,False,Kruskal-Wallis H-test,68.66395247524753,1.1675572001380714e-16,0.0,1.7763568394002505e-15,0.03291965648531914,0.2083827331662178,0.1579768917756759,-0.1823387471958995,lower,-0.9616,50,1.7513358002071072e-16,True,2.6645352591003757e-15,True
after_vs_not_updated,mass,velocity,rad/s,J1,Joint 1,after,not updated,300,50,0.01454565830480777,0.02844155038408104,False,Kruskal-Wallis H-test,70.9679524752475,3.630748714976745e-17,0.0,1.7763568394002505e-15,0.06790235638618469,0.47035472095012665,0.14436414340440865,-0.39984726533293724,lower,-0.9776,50,8.169184608697677e-17,True,2.6645352591003757e-15,True
after_vs_not_updated,mass,velocity,rad/s,J2,Joint 2,after,not updated,300,50,0.01249185745966487,0.021692449748199304,False,Kruskal-Wallis H-test,68.77824950495045,1.1018121083881165e-16,0.0,1.7763568394002505e-15,0.17431288957595825,1.1157531142234802,0.15622890705285916,-0.9621361866593361,lower,-0.9624,50,1.7513358002071072e-16,True,2.6645352591003757e-15,True
after_vs_not_updated,mass,acceleration,rad/s^2,J1,Joint 1,after,not updated,300,50,0.0018045167389128943,0.06121917890631249,False,Kruskal-Wallis H-test,69.92644752475246,6.15575386043972e-17,0.0,1.7763568394002505e-15,0.33573926985263824,2.615658760070801,0.128357442865961,-2.2642811983823776,lower,-0.9704,50,1.231150772087944e-16,True,2.6645352591003757e-15,True
after_vs_not_updated,mass,acceleration,rad/s^2,J2,Joint 2,after,not updated,300,50,0.002597856854051786,0.05610907914601538,False,Kruskal-Wallis H-test,69.12171089108904,9.257068634538431e-17,0.0,1.7763568394002505e-15,0.860185831785202,6.346733331680298,0.13553205827815484,-5.518597632646561,lower,-0.9648,50,1.6662723542169175e-16,True,2.6645352591003757e-15,True
after_vs_not_updated,length,angle,rad,J1,Joint 1,after,not updated,300,50,5.690914842428841e-06,0.01548064822860797,False,Kruskal-Wallis H-test,41.99287128712871,9.160677154241855e-11,6.0,2.4868995751603507e-14,0.009807114489376545,0.017365602776408195,0.564743684146678,-0.007859959965571761,lower,-0.752,47,1.2684014521257955e-10,True,3.443399411760485e-14,True
after_vs_not_updated,length,angle,rad,J2,Joint 2,after,not updated,300,50,0.0013183421719967444,0.01239817184986488,False,Kruskal-Wallis H-test,15.01040792079209,0.00010691986701399093,151.0,4.2698192537216073e-07,0.017339671961963177,0.024869734421372414,0.6972198282528465,-0.009547052904963493,lower,-0.4496,42,0.00012727926010649865,True,4.803546660436808e-07,True
after_vs_not_updated,length,velocity,rad/s,J1,Joint 1,after,not updated,300,50,0.0004112012906614375,0.0013298942803375647,False,Kruskal-Wallis H-test,20.576506930693085,5.729492633934762e-06,8.0,4.440892098500626e-14,0.04949487932026386,0.0722179114818573,0.6853546205458745,-0.02670307643711567,lower,-0.5264,47,7.366490529344694e-06,True,5.709718412357947e-14,True
after_vs_not_updated,length,velocity,rad/s,J2,Joint 2,after,not updated,300,50,0.0044277163103539,0.1120149270574999,False,Kruskal-Wallis H-test,9.159017821782186,0.0024749537084895797,184.0,3.38235121510877e-06,0.09877045825123787,0.13406994938850403,0.7367084026042532,-0.04242786765098572,lower,-0.3512,43,0.0026205392207536726,True,3.581313051291639e-06,True
after_vs_not_updated,length,acceleration,rad/s^2,J1,Joint 1,after,not updated,300,50,0.0008321981301241487,0.004482765560121222,False,Kruskal-Wallis H-test,14.903762376237637,0.00011313712009466545,15.0,2.433608869978343e-13,0.2644110172986984,0.37398864328861237,0.7070027981963309,-0.1303587555885315,lower,-0.448,47,0.00012727926010649865,True,2.920330643974012e-13,True
after_vs_not_updated,length,acceleration,rad/s^2,J2,Joint 2,after,not updated,300,50,0.0026081729435891775,0.07926585599877958,False,Kruskal-Wallis H-test,7.949988118811859,0.004808769223512336,202.0,9.372738659862989e-06,0.5591967105865479,0.7242769300937653,0.7720758281147433,-0.21730566024780273,lower,-0.3272,40,0.004808769223512336,True,9.372738659862989e-06,True
after_vs_not_updated,mass_length,angle,rad,J1,Joint 1,after,not updated,300,50,1.314013630174965e-10,0.08919885122582012,False,Kruskal-Wallis H-test,74.13866138613866,7.28181385938443e-18,0.0,1.7763568394002505e-15,0.009562738705426455,0.09863012284040451,0.09695555911351875,-0.0890284082852304,lower,-0.9992,50,2.615910855291692e-17,True,2.6645352591003757e-15,True
after_vs_not_updated,mass_length,angle,rad,J2,Joint 2,after,not updated,300,50,4.073762231449589e-10,0.04160971542465796,False,Kruskal-Wallis H-test,73.90141782178216,8.211730646555875e-18,0.0,1.7763568394002505e-15,0.013627319131046534,0.20879534631967545,0.06526639300754562,-0.19351385673508048,lower,-0.9976,50,2.615910855291692e-17,True,2.6645352591003757e-15,True
after_vs_not_updated,mass_length,velocity,rad/s,J1,Joint 1,after,not updated,300,50,2.806526284243331e-09,0.04136882206337097,False,Kruskal-Wallis H-test,73.90141782178216,8.211730646555875e-18,0.0,1.7763568394002505e-15,0.0293531846255064,0.4731515496969223,0.062037595870305426,-0.4486455302685499,lower,-0.9976,50,2.615910855291692e-17,True,2.6645352591003757e-15,True
after_vs_not_updated,mass_length,velocity,rad/s,J2,Joint 2,after,not updated,300,50,1.981822328478443e-08,0.04096249311340292,False,Kruskal-Wallis H-test,74.01999207920795,7.732987799876066e-18,0.0,1.7763568394002505e-15,0.05804730765521526,1.0863471031188965,0.05343348133258861,-1.031803410500288,lower,-0.9984,50,2.615910855291692e-17,True,2.6645352591003757e-15,True
after_vs_not_updated,mass_length,acceleration,rad/s^2,J1,Joint 1,after,not updated,300,50,1.3447950581374613e-09,0.12133485105562676,False,Kruskal-Wallis H-test,73.90141782178216,8.211730646555875e-18,0.0,1.7763568394002505e-15,0.1375672072172165,2.622833251953125,0.05244984869502298,-2.502445075660944,lower,-0.9976,50,2.615910855291692e-17,True,2.6645352591003757e-15,True
after_vs_not_updated,mass_length,acceleration,rad/s^2,J2,Joint 2,after,not updated,300,50,3.16065880365019e-09,0.0996456742701103,False,Kruskal-Wallis H-test,73.7829386138614,8.719702850972307e-18,0.0,1.7763568394002505e-15,0.2851259261369705,6.14874005317688,0.04637143929830861,-5.904147408902645,lower,-0.9968,50,2.615910855291692e-17,True,2.6645352591003757e-15,True
