plant,epoch,train_loss_nm2,validation_loss_nm2,validation_rmse_nm
mass,0,,37.702949905395506,6.140272787539288
mass,1,0.8286473551322706,0.007314429255202413,0.08552443659681373
mass,2,0.0049493260495364665,0.003671579114161432,0.060593556704994896
mass,3,0.0030845290439901873,0.0024684608238749206,0.0496836071946766
mass,4,0.0023559232766274365,0.0030484938714653255,0.05521316755507988
mass,5,0.002280811864766292,0.0022577420598827304,0.04751570329778073
mass,6,0.0021265624015359206,0.0016620514122769236,0.040768264769020075
mass,7,0.001998722239222843,0.001826571193523705,0.04273840419954523
mass,8,0.0020545672840671615,0.0032236468559131027,0.056777168438669985
mass,9,0.002081776881823316,0.0016850746795535087,0.04104966113810818
mass,10,0.0025129864091286438,0.002074564164504409,0.04554738372842516
mass,11,0.0024850627651903778,0.0030932723497971893,0.05561719473146042
mass,12,0.003543697109562345,0.0036335286498069765,0.06027875786549501
mass,13,0.0038273730711080134,0.009647915549576282,0.09822380337563946
mass,14,0.010721092580351978,0.008096480602398514,0.08998044566681426
mass,15,0.008434031165670604,0.006574596683494746,0.08108388670688367
mass,16,0.008628128052223474,0.022297123447060585,0.1493222135084415
mass,17,0.0217860753973946,0.02149854151532054,0.14662380951032658
mass,18,0.008895422166679054,0.004597239163704216,0.06780294362123385
mass,19,0.005521969545516186,0.007776437122374773,0.08818410923956069
mass,20,0.007535688158823177,0.02279964689165354,0.15099551944231174
mass,21,0.014556431862292812,0.022144099716097116,0.14880893694969102
mass,22,0.014911291101016104,0.024257021620869637,0.15574665845811794
mass,23,0.011100886523490772,0.044877606332302096,0.2118433532879946
mass,24,0.04682524751755409,0.007191583393141627,0.0848032039084705
mass,25,0.00825477891601622,0.004429744579829276,0.06655632636969439
mass,26,0.004566565209534019,0.005034201084636152,0.07095210415932815
mass,27,0.006879419498145581,0.005957176415249705,0.07718274687551425
mass,28,0.01184987551998347,0.007392539661377668,0.08597987939848292
mass,29,0.03151053923764266,0.01904324160888791,0.13799725217875866
mass,30,0.022865865132771432,0.020024671480059625,0.14150855620795383
mass,31,0.013743179998127743,0.003715276066213846,0.06095306445301865
mass,32,0.003793340115225874,0.0031397472857497633,0.05603344791952181
mass,33,0.009766935846419073,0.01784166492521763,0.13357269528319637
mass,34,0.008822273603873327,0.00626168851274997,0.07913083161922393
mass,35,0.007737234210944735,0.014675964955240489,0.12114439712690178
mass,36,0.030382064189761877,0.019246434252709152,0.1387315185987278
mass,37,0.03669811652507633,0.011588194547221065,0.10764847675290656
mass,38,0.009091142135439441,0.004639124041423201,0.06811111540287093
mass,39,0.011700824675499462,0.0028841943037696185,0.05370469536055128
mass,40,0.006651063131866977,0.010773608265444636,0.10379599349418375
mass,41,0.010255526788532733,0.009964827792719006,0.09982398405553149
mass,42,0.021469712324906142,0.013917271681129932,0.11797148672933613
mass,43,0.011088587704580277,0.015043203309178353,0.1226507370918673
mass,44,0.01928530546138063,0.01661036804318428,0.12888121679742273
mass,45,0.031819051975617185,0.005442532324232161,0.0737735204814855
mass,46,0.005503519058693201,0.003074757889844477,0.0554504994553203
mass,47,0.003955374397337437,0.007470236355438828,0.08643052907068675
mass,48,0.01599305517273024,0.012571549117565155,0.11212291967998851
mass,49,0.007918986359145492,0.010458615003153681,0.1022673701781447
mass,50,0.01125117949442938,0.009336360869929195,0.09662484602797147
mass,51,0.013900257609784604,0.028433309905230998,0.1686217954631933
mass,52,0.012451202673837543,0.009251108141615987,0.09618268108976785
mass,53,0.02106708867591806,0.018169195540249348,0.13479315835846176
mass,54,0.02039837700081989,0.015452814325690269,0.12430934930925457
mass,55,0.010955092969816178,0.003501769304275513,0.059175749292049634
mass,56,0.014114023149595596,0.027487857304513454,0.16579462387096106
mass,57,0.01952471588156186,0.008852318255230784,0.09408675919187984
mass,58,0.019012940435204656,0.034963408410549165,0.18698504862835735
mass,59,0.008371032915893011,0.004802351496182382,0.06929900068675149
mass,60,0.005916484501794912,0.01367400374263525,0.11693589586878467
mass,61,0.019320803086739034,0.010248641530051828,0.10123557442940613
mass,62,0.011967446501366795,0.028361767791211606,0.16840952405137782
mass,63,0.02305153596913442,0.04133903317153454,0.2033200264891153
mass,64,0.011988733966136351,0.005375584657303989,0.0733183787143714
mass,65,0.01217365096323192,0.00418282438069582,0.06467475845100483
mass,66,0.006730538182309829,0.004226577272638679,0.0650121317343054
mass,67,0.06474198870593682,0.007300172112882137,0.0854410446616972
mass,68,0.004284693652880378,0.003911320874467492,0.06254055383882919
mass,69,0.006716404981561936,0.013145508952438831,0.11465386584166637
mass,70,0.006905396016663872,0.00681224815081805,0.08253634442364194
mass,71,0.010929940718924627,0.011187746748328209,0.10577214542746217
mass,72,0.007604842626024038,0.004736192128621042,0.06881999802834232
mass,73,0.017414576465962454,0.011181605961173773,0.1057431130673472
mass,74,0.024773649701382964,0.012728834226727485,0.11282213535794954
mass,75,0.006141377452295273,0.0027679952583275734,0.05261174068900946
mass,76,0.007384775942191482,0.006620283992961049,0.08136512762210263
mass,77,0.0615273050731048,0.10195347711443901,0.3193015457438924
mass,78,0.024474705101456492,0.0026128663890995084,0.05111620476032536
mass,79,0.003022217652760446,0.002405717498622835,0.0490481141189224
mass,80,0.0031745783166843467,0.003600731957703829,0.060006099337515925
mass,81,0.005224942886270583,0.007157625518739223,0.08460275124804881
mass,82,0.006745712291449308,0.010937845632433892,0.10458415574279831
mass,83,0.013098227685550228,0.022246039416640998,0.1491510624053379
mass,84,0.030474023518618196,0.03872419133782387,0.1967846318639336
mass,85,0.00877773724962026,0.005503912530839443,0.074188358458989
mass,86,0.009427810132037848,0.005318108703941107,0.072925363927382
mass,87,0.012268676357343793,0.012768435478210449,0.11299750208836676
mass,88,0.014209603354102,0.0070538580138236285,0.08398724911451516
mass,89,0.030915708573302253,0.03048569956794381,0.17460154514764126
mass,90,0.010522367554949596,0.008018367001786828,0.08954533489683775
mass,91,0.013765769556630402,0.014396399203687906,0.11998499574400087
mass,92,0.007319197235628963,0.006447133896872401,0.08029404645969962
mass,93,0.0064526824775384736,0.014949731677770615,0.12226909535025854
mass,94,0.03145765563240275,0.01890406008809805,0.13749203645338173
mass,95,0.009945437560090795,0.012073108330368995,0.10987769714718722
mass,96,0.01504445579019375,0.040569371208548546,0.2014183983864149
mass,97,0.02931658465415239,0.005121011608280241,0.07156124375861729
mass,98,0.005807647610781714,0.0076656523160636425,0.08755371103536184
mass,99,0.008807971752248704,0.012549397656694055,0.11202409409003965
mass,100,0.007350912275724113,0.005191254373639822,0.07205035998272197
mass,101,0.045979054730851204,0.00918947729282081,0.09586176136928014
mass,102,0.006746899747522548,0.007542416425421834,0.08684708645327047
mass,103,0.009200446834438481,0.0023731532646343112,0.048715020934351566
mass,104,0.0048749421606771644,0.006400641277432442,0.0800040078835582
mass,105,0.025983041625004262,0.018000573236495256,0.13416621495926334
mass,106,0.009690810014144518,0.0036978729814291,0.0608101388045538
mass,107,0.009384547584340907,0.011941076833754777,0.10927523431114104
mass,108,0.009633396019926294,0.007836798811331392,0.08852569576869414
mass,109,0.023596110343933104,0.010619067270308733,0.10304885865602167
mass,110,0.011998990897554905,0.009438059478998184,0.09714967565050428
mass,111,0.010969599182717503,0.015050073713064193,0.12267874189550605
mass,112,0.02558364946395159,0.019256506599485874,0.13876781543097763
mass,113,0.01322925693471916,0.010137795098125934,0.10068661826740401
mass,114,0.06582071653800085,0.0039567560190334914,0.06290275048861926
mass,115,0.003404110335977748,0.003222322061192244,0.056765500624871124
mass,116,0.0036555957479868085,0.002232334481086582,0.04724758703983286
mass,117,0.003047840022481978,0.0050754406442865725,0.0712421268933387
mass,118,0.004810081967152655,0.005832731518894434,0.07637232168066146
mass,119,0.011756926836678758,0.03805781230330467,0.19508411596873967
mass,120,0.015942248779465443,0.008486592490226031,0.09212270344614312
mass,121,0.023996493354206904,0.022759964913129805,0.15086406103883657
mass,122,0.015914698583073913,0.012086574621498584,0.10993895861567266
mass,123,0.009074989655055106,0.005858710324391722,0.07654221269594787
mass,124,0.011267245047492906,0.021111307498067618,0.14529730726365034
mass,125,0.011299362985882909,0.010292814346030354,0.10145350829828584
mass,126,0.017622632001293822,0.023369716312736273,0.15287156803256868
mass,127,0.023555588705930858,0.010790543919429183,0.10387754290234816
mass,128,0.02503974878927693,0.013477081581950188,0.11609083332438522
mass,129,0.011487720257136971,0.0036308105196803807,0.06025620731244525
mass,130,0.004512015411746688,0.001998194479383528,0.04470116865791685
mass,131,0.00555556224368047,0.004699601638130844,0.0685536405899121
mass,132,0.015721301784506068,0.015314591899514198,0.12375213896945053
mass,133,0.03156460524071008,0.02155215509235859,0.146806522649229
mass,134,0.015406189654022455,0.00826969437301159,0.09093785995399051
mass,135,0.008009362445445731,0.015286956671625376,0.12364043299675627
mass,136,0.014694730112678371,0.005740397810004651,0.07576541301942893
mass,137,0.027287889503641055,0.15667310282588004,0.395819533153532
mass,138,0.02406970315729268,0.003409322644583881,0.058389405242594145
mass,139,0.003959041967755183,0.005619805930182338,0.074965364870601
mass,140,0.004592024365556426,0.004954058290459216,0.07038507150283514
mass,141,0.01232981673325412,0.010390792898833752,0.10193523874908889
mass,142,0.009476798898540438,0.007391801606863737,0.08597558727257254
mass,143,0.015930710474494843,0.021814423948526382,0.14769706817850645
mass,144,0.013740163478069008,0.016934322621673346,0.13013194312571125
mass,145,0.019784173211082817,0.012845823019742965,0.11333941511999683
mass,146,0.01283861013245769,0.029445030614733695,0.17159554369136074
mass,147,0.015707195453578605,0.011266133207827806,0.1061420426024853
mass,148,0.0072526471747551115,0.004165949299931526,0.06454416549876159
mass,149,0.02167824861884583,0.023722747899591924,0.1540219072067085
mass,150,0.021746602130588145,0.028912167735397815,0.1700357836909567
mass,151,0.014179825149476528,0.03492684938013554,0.18688726382537557
mass,152,0.011813078717095778,0.015592794995754958,0.12487111353613756
mass,153,0.009234955031424762,0.004418209474533796,0.06646961316672301
mass,154,0.0071894259477267046,0.038784227669239044,0.1969371160275255
mass,155,0.023328164194244893,0.008473976841196417,0.09205420599405775
mass,156,0.010361475599929691,0.01866786009632051,0.13663037764831257
mass,157,0.007447779360227287,0.0036133801843971016,0.06011139812379264
mass,158,0.023131461762823165,0.017635981645435096,0.13280053330252517
mass,159,0.007099909684620797,0.004969092151150108,0.07049178782773287
mass,160,0.01935279167839326,0.010134783256798983,0.10067166064389214
mass,161,0.00903778594220057,0.009930552253499626,0.09965215629126961
mass,162,0.009789443354820833,0.023256529103964568,0.15250091509222025
mass,163,0.04383846871438436,0.010259856805205345,0.10129095125037253
mass,164,0.007549270208692178,0.007117584091611206,0.08436577559420175
mass,165,0.01361822141101584,0.004479136122390628,0.06692634849138737
mass,166,0.004131465993123129,0.006083548292517662,0.07799710438546846
mass,167,0.006677365808282047,0.012944323616102338,0.11377312343476528
mass,168,0.015405823243781924,0.008258052249439062,0.09087382598657912
mass,169,0.06920653628651052,0.06642146728932857,0.2577236257880301
mass,170,0.02049784143920988,0.00858198394998908,0.09263899799754464
mass,171,0.006746795194922015,0.00831945862621069,0.09121106635825879
mass,172,0.006315727796172723,0.004394997479394079,0.06629477716527961
mass,173,0.007291136763524264,0.007032971987500787,0.08386281647727309
mass,174,0.051293712928891184,0.013600197825580836,0.11661988606400212
mass,175,0.009650543540483341,0.007313312953338027,0.08551791013196024
mass,176,0.010335800892207772,0.005637922887690366,0.07508610315957517
mass,177,0.006816273820004426,0.004595973594114185,0.06779361027496754
mass,178,0.005292394791031257,0.00634336625225842,0.07964525254061551
mass,179,0.008829717033077032,0.010507034873589872,0.10250382858015535
mass,180,0.027981308300513773,0.03562566466629505,0.18874762161758502
mass,181,0.026998037568992005,0.005222834227606654,0.07226917896037462
mass,182,0.006526269264868461,0.01045845185406506,0.10226657251548553
mass,183,0.00633282357477583,0.007527521280571818,0.0867612890670247
mass,184,0.00954825705382973,0.007673479756340385,0.08759840042112861
mass,185,0.008347233221284113,0.006186497565358877,0.07865429146180694
mass,186,0.012624813698930665,0.004947871533222497,0.07034110841622057
mass,187,0.02031243945704773,0.016455484367907048,0.12827893189416198
mass,188,0.016711064795963466,0.0276081058755517,0.166156871285998
mass,189,0.012073537693358958,0.01425857814028859,0.11940928833339805
mass,190,0.006898740761680528,0.025484450571238996,0.15963849965230503
mass,191,0.02073117882362567,0.014610356874763966,0.12087330919092092
mass,192,0.024412681392859667,0.01439810050651431,0.11999208518279157
mass,193,0.008507499257102608,0.044018788933753966,0.2098065512174345
mass,194,0.01724523656768724,0.0167396098934114,0.12938164434498195
mass,195,0.011976878013228998,0.015576070193201303,0.1248041273083599
mass,196,0.009759485225658863,0.004981649140827358,0.0705807986695203
mass,197,0.01462834935518913,0.008877751529216766,0.09422182087614718
mass,198,0.035486339193303136,0.012125931289047003,0.11011780641225562
mass,199,0.013630449979100377,0.01206518423743546,0.10984163253263973
mass,200,0.013457901077345014,0.03795198030769825,0.19481268004854882
mass,201,0.020977581369224937,0.011562941344454885,0.10753111802847995
mass,202,0.012333064955892042,0.009050122937187552,0.09513213409352043
mass,203,0.009809813203755766,0.005670652221888304,0.07530373312053197
mass,204,0.01067555032670498,0.0054369251849129795,0.07373550830443212
mass,205,0.006364744695019908,0.013865411868318916,0.11775148350793258
mass,206,0.010308594836387783,0.014189500287175178,0.11911968891486906
mass,207,0.03671721358783543,0.008966466542333365,0.09469142802985582
mass,208,0.003357011827174574,0.002371541082393378,0.048698471047799625
mass,209,0.007084077704348601,0.006302026333287358,0.07938530300557754
mass,210,0.011104579394450411,0.020406476836651564,0.14285124023490858
mass,211,0.03402556368615478,0.02353313136845827,0.1534051217152096
mass,212,0.02029571192106232,0.02319019801914692,0.15228328213939613
mass,213,0.013529160914476961,0.004700751835480332,0.06856202910854034
mass,214,0.005663265173207037,0.006880572191439569,0.08294921453178185
mass,215,0.010531811301480048,0.00816338075324893,0.09035142917103708
mass,216,0.009766702881315724,0.019104584492743014,0.1382193347283332
mass,217,0.016914622829062864,0.03001513484865427,0.17324876579258586
mass,218,0.011808322190772743,0.006615672465413809,0.08133678420870724
mass,219,0.011578546512173488,0.024471374340355397,0.15643329038396972
mass,220,0.01564760378561914,0.017689930610358715,0.13300349848917026
mass,221,0.03053550290875137,0.009295211527496577,0.09641167733991862
mass,222,0.005503213355550543,0.01274997165426612,0.11291577238927306
mass,223,0.013871375108137726,0.00890436745248735,0.09436295593339236
mass,224,0.012817036320921033,0.031501404605805874,0.17748635047745467
mass,225,0.00932027903618291,0.008939362624660134,0.09454820265166405
mass,226,0.015455093355849386,0.026900726668536663,0.16401440994173855
mass,227,0.042480101077817384,0.010597058590501546,0.10294201567145238
mass,228,0.01357484416803345,0.005504073770716786,0.07418944514361046
mass,229,0.007878585326834582,0.006239804485812783,0.07899243309211829
mass,230,0.0036871488107135517,0.0018951554503291845,0.043533383171184666
mass,231,0.003962492231803481,0.008806741405278444,0.09384424012840875
mass,232,0.009276795346522704,0.02165192872285843,0.14714594361673186
mass,233,0.029080162052996458,0.02355078648775816,0.15346265502642056
mass,234,0.01041472409502603,0.029658126831054687,0.17221535016093859
mass,235,0.013100569189991801,0.005219635758548975,0.07224704671160596
mass,236,0.005944000458111986,0.002683785860426724,0.0518052686550965
mass,237,0.008230235289083794,0.013437390271574258,0.11591975789991221
mass,238,0.03070707098580897,0.036244144663214684,0.19037895015787507
mass,239,0.014765589338494464,0.0051123639009892944,0.07150079650597813
mass,240,0.004787565031438135,0.003600844829343259,0.06000703983153359
mass,241,0.00613419649307616,0.014335869792848826,0.11973249263607948
mass,242,0.017019148916006088,0.006557559757493436,0.08097876115064638
mass,243,0.02083521781838499,0.03824148081243038,0.1955542912145637
mass,244,0.021271739600924777,0.004815839393995702,0.06939624913491868
mass,245,0.008836847854545339,0.023968143071979284,0.1548164819131971
mass,246,0.017154590404825285,0.01322537150233984,0.11500161521622138
mass,247,0.024610280342167244,0.007359033627435565,0.08578481000407687
mass,248,0.007146585627924651,0.007640222953632474,0.08740836889927917
mass,249,0.004757555263931863,0.009783904841169715,0.09891362313235581
mass,250,0.0077138398680835964,0.009420313499867916,0.09705829948988348
mass,251,0.008111659575952217,0.004575614607892931,0.06764328945204344
mass,252,0.00962234631064348,0.09016036354005337,0.30026715361499895
mass,253,0.03832905956078321,0.007167980344966054,0.08466392587735377
mass,254,0.009596241656690836,0.005605060616508126,0.07486695276627817
mass,255,0.007672275361837819,0.009395679971203209,0.09693131574059649
mass,256,0.006591529226861894,0.007849462619051338,0.0885971930653073
mass,257,0.011828313707374036,0.012042411528527737,0.10973792201662895
mass,258,0.014493080971296876,0.028090607561171054,0.1676025285047068
mass,259,0.03012250527041033,0.041400864534080026,0.20347202395926578
mass,260,0.010996031747781672,0.002493945297319442,0.04993941626931018
mass,261,0.004682838983135298,0.008542301757261157,0.09242457334097441
mass,262,0.031057244203984737,0.021770043671131133,0.14754675079828472
mass,263,0.008624949568184093,0.00492036955896765,0.07014534595372418
mass,264,0.007930829741526394,0.011389387315139174,0.10672107249807404
mass,265,0.010633494136855007,0.016432190276682378,0.12818810505145312
mass,266,0.00974231063388288,0.01505922831594944,0.1227160475078522
mass,267,0.00946041843155399,0.005048906491138041,0.07105565769970779
mass,268,0.013245795625261963,0.020230077281594275,0.14223247618457002
mass,269,0.04282513530459255,0.04642420653253794,0.21546277296214755
mass,270,0.011527149402536453,0.01651855293661356,0.1285245227052548
mass,271,0.008860394184011966,0.006988070551306009,0.08359468016151513
mass,272,0.005115756198065356,0.0037424453813582658,0.06117552926913069
mass,273,0.005499900676659309,0.005701807043515146,0.0755103108423952
mass,274,0.009632105549098924,0.008515687277540564,0.09228048156322421
mass,275,0.013289151319186203,0.01984674410894513,0.1408784728372122
mass,276,0.009155135467881336,0.014503347426652909,0.12042984441845347
mass,277,0.032063088822178544,0.03153533510863781,0.1775819109837424
mass,278,0.030637271924642846,0.0035384236183017494,0.059484650274686406
mass,279,0.0049416655563982205,0.0034896431816741824,0.05907320189116366
mass,280,0.004907785317045637,0.0033711071824654936,0.05806123648756969
mass,281,0.009084089667303487,0.015507859904319047,0.12453055811454089
mass,282,0.018083741441369056,0.015521788317710162,0.12458646924008306
mass,283,0.015929593896726147,0.003681856575421989,0.060678303992629766
mass,284,0.007127577765495516,0.005671499068848789,0.07530935578564452
mass,285,0.010515668457373976,0.015782281570136548,0.1256275509995182
mass,286,0.016051158271729947,0.013783745411783456,0.11740419673837668
mass,287,0.02260685933055356,0.025702873580157756,0.1603211576185681
mass,288,0.022444406778085978,0.0169261166267097,0.13010040978686307
mass,289,0.009776939681032673,0.007418808434158564,0.0861325050962676
mass,290,0.028375268927775324,0.012135591143742203,0.11016165913666244
mass,291,0.007429922178853303,0.0025752518395893275,0.05074693921399918
mass,292,0.003217859297292307,0.0058374416921287775,0.07640315237036216
mass,293,0.01246926525607705,0.0041811564099043606,0.06466186209740916
mass,294,0.01203874489525333,0.030335561893880366,0.17417107077204402
mass,295,0.016185068322811275,0.026229339987039565,0.1619547467258665
mass,296,0.021468167756684125,0.014802163522690535,0.12166414230450373
mass,297,0.013172959934454411,0.00498555903788656,0.07060849125910112
mass,298,0.007428080885438249,0.008275428544729948,0.0909693824576706
mass,299,0.01926170364720747,0.029211836494505407,0.17091470531965763
mass,300,0.016640221396228297,0.017961298655718563,0.1340197696450735
length,0,,10.780032558441162,3.283295990074785
length,1,0.3584098924836144,0.018129537254571913,0.13464597006435772
length,2,0.012247176710516214,0.010495224222540855,0.10244620160133247
length,3,0.010915951543720439,0.012860135110095143,0.11340253573044627
length,4,0.009482506954809651,0.006009973478503525,0.07752401872002976
length,5,0.016347496050875633,0.015314426813274622,0.1237514719640725
length,6,0.02799542880267836,0.02417331449687481,0.15547769774753809
length,7,0.02112597187049687,0.011956931129097938,0.10934775319638688
length,8,0.015287258896278218,0.05317404452711344,0.23059497940569618
length,9,0.030104814087972043,0.015619780793786049,0.1249791214314857
length,10,0.018295738412998617,0.012224358730018139,0.11056382197635056
length,11,0.015815806563477964,0.008347181882709265,0.09136291305945353
length,12,0.014358137637609616,0.022963261138647793,0.15153633603412678
length,13,0.03675754358060658,0.04994602128863335,0.22348606508825858
length,14,0.03648672280134633,0.006238807416521013,0.07898612167033531
length,15,0.013798131077783183,0.03159827314317226,0.17775903111564334
length,16,0.01419861741596833,0.03877427399158478,0.19691184319787566
length,17,0.06781995709985494,0.04705129660665989,0.21691310842514772
length,18,0.017472145057981833,0.009449905324727297,0.09721062351784036
length,19,0.009457466214662417,0.010310155898332595,0.10153893784323625
length,20,0.015091247331583872,0.01190615481697023,0.10911532805692438
length,21,0.028639331941958515,0.12476430118083953,0.35321990484801324
length,22,0.0218513232213445,0.02097939306870103,0.1448426493430061
length,23,0.01986554703908041,0.04901998296380043,0.22140456852513327
length,24,0.01478092880686745,0.027049707546830178,0.1644679529477709
length,25,0.022833547801710666,0.022230982165783644,0.14910057734892795
length,26,0.01239502800279297,0.01231035117059946,0.11095202193110075
length,27,0.01804261253681034,0.044983024969697,0.21209202005190342
length,28,0.03221620123134926,0.019512920882552864,0.13968865695736668
length,29,0.042341926349326965,0.10177338242530823,0.31901940759977004
length,30,0.025754925878718495,0.027400530725717544,0.165531056680363
length,31,0.019810866722837092,0.01729334656149149,0.13150416936923137
length,32,0.010800099056214095,0.008760237134993076,0.09359613846197436
length,33,0.03707763506099582,0.03529827170073986,0.18787834281986804
length,34,0.027303968186024576,0.008109620586037636,0.09005343183931214
length,35,0.019218428505118935,0.009895249968394637,0.09947487103984924
length,36,0.015279418603749945,0.040917155407369135,0.20227989372987404
length,37,0.04848220993997529,0.014104680363088847,0.11876312711902144
length,38,0.009084150206763297,0.008346940772607923,0.09136159353146114
length,39,0.02018838088144548,0.019724956527352334,0.14044556428507216
length,40,0.01191020134021528,0.019814960304647685,0.14076562188491792
length,41,0.012478303693933412,0.020478256214410066,0.14310225789417183
length,42,0.021372850940097124,0.012798622371628881,0.11313099651125186
length,43,0.011595564730232582,0.020419936925172806,0.14289834472509752
length,44,0.04610678526572883,0.01412307670339942,0.11884055159498133
length,45,0.008914663752075285,0.012584302490577102,0.11217977754736859
length,46,0.05734675012063235,0.16914475172758103,0.41127211396784613
length,47,0.027600294911535456,0.005484454319812358,0.07405710175136722
length,48,0.006248987407889217,0.0035100517235696314,0.05924568949357946
length,49,0.015101685345871373,0.034853869639337065,0.18669191101742214
length,50,0.02432491011801176,0.005693233218044043,0.07545351693621738
length,51,0.00900534843094647,0.009431309923529625,0.09711493151688685
length,52,0.0070438305614516136,0.00870475759729743,0.09329929044369754
length,53,0.05528266088338569,0.16300807148218155,0.4037425807147192
length,54,0.11001087811309844,0.0098969320487231,0.09948332548082166
length,55,0.00860098488861695,0.005009802994318306,0.07077996181348438
length,56,0.004234821338322945,0.005278071528300643,0.07265033742730066
length,57,0.0065041780518367886,0.0046973475674167275,0.0685371984211255
length,58,0.008946258574724197,0.011107593327760696,0.10539256770645972
length,59,0.02067787087522447,0.029530858807265758,0.17184545035369939
length,60,0.018444852957036347,0.01628763049840927,0.1276230014472676
length,61,0.02044345812406391,0.02294498149305582,0.15147600962877197
length,62,0.029006341580534355,0.037935495227575305,0.19477036537311138
length,63,0.04029490521876142,0.013236055392771959,0.11504805688394723
length,64,0.009682411865796894,0.010129528837278485,0.10064556044495199
length,65,0.012919131140224636,0.00714566495269537,0.08453203506775032
length,66,0.039381540238391605,0.033473463580012325,0.182957545840592
length,67,0.023413767870515585,0.04147717896848917,0.20365946815331018
length,68,0.018210339283104986,0.01967494474723935,0.1402674044360961
length,69,0.009211862824158742,0.006361344512552023,0.07975803729124747
length,70,0.008975080699892715,0.007954700030386447,0.08918912506795011
length,71,0.014753790411632509,0.012670410424470901,0.11256291762596997
length,72,0.026894524032250046,0.0882008646428585,0.2969863037967551
length,73,0.030072042903630063,0.01051240443252027,0.10253001722676278
length,74,0.023866952535463497,0.01784762553870678,0.13359500566528218
length,75,0.05831532071344554,0.012150555355474353,0.1102295575400462
length,76,0.008213525431929157,0.00955929440446198,0.09777164417387069
length,77,0.025947766193421557,0.00934982012026012,0.09669446788860322
length,78,0.011106887875357643,0.02279636051505804,0.15098463668551856
length,79,0.05045846606604755,0.010738379135727883,0.10362615082944981
length,80,0.01762383783934638,0.014517411254346371,0.12048822039662786
length,81,0.009319328929996118,0.008257106449455022,0.09086862191898269
length,82,0.010395364550640806,0.024910335727036,0.1578300849871025
length,83,0.027392371797468514,0.01690054830163717,0.1300021088353461
length,84,0.01146442793426104,0.004567598584108054,0.06758401130524921
length,85,0.01077211720868945,0.015047398675233126,0.12266783879743348
length,86,0.013815947151742876,0.020932847820222377,0.14468188490693082
length,87,0.09097114686854184,0.01710551032796502,0.13078803587471227
length,88,0.018304741382598876,0.009953407868742943,0.09976676735638447
length,89,0.010601609441218898,0.0036223536962643266,0.0601859925253736
length,90,0.0075964723591459915,0.016811275295913218,0.12965830207091722
length,91,0.009614108164096252,0.006827778108417988,0.08263037037565539
length,92,0.026492902121972292,0.02395289169624448,0.15476721776992852
length,93,0.03250209465622902,0.011940242424607277,0.10927141632013047
length,94,0.016209852360188962,0.00801358912140131,0.08951865236586903
length,95,0.033728882358409464,0.045801907368004324,0.2140138018166219
length,96,0.022010004462208597,0.012556259240955114,0.11205471538920223
length,97,0.011619247084017842,0.014050903506577015,0.11853650706249537
length,98,0.02798503452911973,0.012742140963673591,0.11288109214422755
length,99,0.008205946009838953,0.018374911546707152,0.1355540908519811
length,100,0.012788183322409169,0.004802927826531232,0.06930315884958803
length,101,0.015698585342615843,0.022070625573396684,0.14856185773406538
length,102,0.08851274820044637,0.011074536349624395,0.10523562300677654
length,103,0.01757557719014585,0.007920716246590019,0.08899840586544244
length,104,0.008324593449942767,0.006804755879566074,0.08249094422763067
length,105,0.006324131402652711,0.005483050742186606,0.07404762482474779
length,106,0.011099769540596754,0.019377375710755585,0.13920264261412418
length,107,0.05146908822236582,0.04057149481028319,0.20142366993549488
length,108,0.024393632940482347,0.014624301455914973,0.12093097806565105
length,109,0.016082629188895227,0.021894555240869522,0.14796808858963315
length,110,0.01814921905985102,0.03470543667674065,0.18629395233539023
length,111,0.014204367952188476,0.0048522545164451005,0.06965812599004585
length,112,0.011237034674268216,0.007709339847788215,0.08780284646745921
length,113,0.020829006284475326,0.08096272848546505,0.2845395025044239
length,114,0.029337401590310036,0.01021707666106522,0.1010795560984773
length,115,0.01475031374488026,0.03845913507044316,0.19611000757341057
length,116,0.01780106650199741,0.01640182763338089,0.12806962025937646
length,117,0.02484610057086684,0.01859632583335042,0.13636834615610186
length,118,0.010295080185169354,0.017421465441584585,0.13199039905078166
length,119,0.031348900587763635,0.11566088557243347,0.3400895258199427
length,120,0.05194420548388735,0.01673225687816739,0.12935322523295426
length,121,0.014701726108323782,0.01641535511240363,0.12812242236393923
length,122,0.01610161361284554,0.006929498319514096,0.08324360828024033
length,123,0.027638903404586017,0.0559741511195898,0.23658856929190344
length,124,0.020346824682783336,0.01770983761176467,0.13307831382973212
length,125,0.013934540816117079,0.01738480931147933,0.13185146685372648
length,126,0.024298282386735082,0.015683754924684764,0.12523479917612662
length,127,0.018303203771356493,0.009634801000356675,0.09815702216528716
length,128,0.012898058299906551,0.023527354169636965,0.1533862906834798
length,129,0.018140750520396976,0.03419768944382667,0.18492617295511923
length,130,0.10865503609064035,0.007460525641217828,0.08637433438943438
length,131,0.004873989671468734,0.0041032535070553424,0.06405664295805191
length,132,0.006546978076803498,0.012518064770847558,0.11188415781891357
length,133,0.004811399919562973,0.0081007547583431,0.0900041930042323
length,134,0.0046530338353477415,0.0035551113868132235,0.05962475481553969
length,135,0.012104523008456453,0.010380481500178576,0.10188464801027962
length,136,0.03151639792136848,0.0910011950135231,0.3016640432890919
length,137,0.022907421255949884,0.01819529291242361,0.1348899288769314
length,138,0.02077630752697587,0.01568928372114897,0.12525687095384816
length,139,0.03365134894382209,0.009178630178794264,0.09580516780839259
length,140,0.03468939023092389,0.014869356118142605,0.1219399693215584
length,141,0.014921423867926933,0.0047457096166908744,0.06888911101684267
length,142,0.006010812284075655,0.007416890496388078,0.08612137072984892
length,143,0.018198692670557647,0.017986364029347897,0.13411325075975117
length,144,0.032592714270576834,0.07134965293109417,0.2671135581191905
length,145,0.016996901866514237,0.024654881712049246,0.15701873044974363
length,146,0.045590551206842064,0.026522859111428262,0.16285840202896584
length,147,0.013358666449785233,0.004968954604119062,0.07049081219647751
length,148,0.010190988505491987,0.02491942936554551,0.15785889067627934
length,149,0.015235599899897352,0.04422861002385616,0.21030599141217104
length,150,0.03178756200708449,0.10255846008658409,0.32024749817380943
length,151,0.06087723117787391,0.006402127761393785,0.08001329740358028
length,152,0.008852931772125885,0.005924082561396062,0.07696806195686665
length,153,0.021189171511214227,0.017028695940971374,0.1304940456150064
length,154,0.007886131319683045,0.008586242645978927,0.09266198058523747
length,155,0.008078904844587668,0.013500370923429728,0.11619109657555404
length,156,0.020026683860924096,0.011056907456368208,0.10515183049461482
length,157,0.023548620770452545,0.026864474862813948,0.16390385859647708
length,158,0.02813197544775903,0.018330841045826673,0.1353914363829067
length,159,0.013439404858509078,0.01424959784373641,0.11937167940402116
length,160,0.03778945170575753,0.014211636856198312,0.1192125700427531
length,161,0.013751411351840943,0.014202584978193045,0.11917459871211249
length,162,0.030886306250467895,0.11805745363235473,0.3435948975644934
length,163,0.03024805336724967,0.03322459649294615,0.18227615448254922
length,164,0.016896947141503915,0.003988722115755081,0.06315633076545123
length,165,0.008188082780689,0.029355118796229363,0.17133335576071976
length,166,0.017049070401117205,0.006851357948035002,0.08277293004379513
length,167,0.008439527275040746,0.010382372755557298,0.10189392894357002
length,168,0.033264779828023165,0.008917653681710363,0.09443332929485417
length,169,0.009147005978738888,0.013730412665754557,0.11717684355603097
length,170,0.03273436403134838,0.023025385737419128,0.15174118009762258
length,171,0.017670013878960163,0.018029817081987858,0.1342751543733533
length,172,0.022908602170646192,0.02688414730131626,0.16396385974145725
length,173,0.011352577391080558,0.010902291815727948,0.10441404031895303
length,174,0.021886700451141224,0.0195650383643806,0.13987508128462553
length,175,0.009274595216847956,0.008167361235246062,0.09037345426200141
length,176,0.030893109790049493,0.027247863113880156,0.165069267623868
length,177,0.02283099475549534,0.02792367622256279,0.16710378877381205
length,178,0.031292857751250264,0.10844829753041267,0.32931489114586465
length,179,0.04206282920204103,0.02765957608819008,0.16631168355888312
length,180,0.013445805972442031,0.00953365970402956,0.09764046140831965
length,181,0.007448392962105572,0.003972722953185439,0.06302954032186368
length,182,0.0082578286586795,0.009238283084705472,0.09611598766441237
length,183,0.013483012029901147,0.007852577148005366,0.08861476822745386
length,184,0.023411013239528985,0.02870427746325731,0.16942336752425066
length,185,0.03858818260254338,0.008481558142229915,0.09209537524886859
length,186,0.015758715639822184,0.007204054733738303,0.08487670312717326
length,187,0.009368557040579617,0.014745434010401369,0.12143077867823038
length,188,0.022967771559488027,0.09142145581543445,0.30235981183919675
length,189,0.07066128267440945,0.04366851236671209,0.20897012314374533
length,190,0.04638930959859863,0.012332899067550897,0.11105358646865439
length,191,0.006000077176722698,0.005330879860557616,0.07301287462192962
length,192,0.009574341987026856,0.004718553987331688,0.06869173157907499
length,193,0.004268720630789175,0.009308341154828668,0.09647974479044122
length,194,0.006255542646395043,0.015653198193758724,0.12511274193206193
length,195,0.019934731477405876,0.014973308872431517,0.12236547255019088
length,196,0.03353680732892826,0.05332346551120281,0.23091874222592415
length,197,0.027334968503564597,0.02601205937564373,0.16128254516730484
length,198,0.015983983682235702,0.007327665602788329,0.08560178504440388
length,199,0.023648814487969502,0.03354390699416399,0.18314995766902048
length,200,0.023102482981048524,0.010629069861024618,0.10309738047605582
length,201,0.007572314793942496,0.013189247976988554,0.11484445122420392
length,202,0.01270130265620537,0.010497748544439673,0.10245852109238975
length,203,0.029936028588563205,0.03277153119444847,0.18102908935982767
length,204,0.02806842668214813,0.0075984698440879584,0.0871692023829974
length,205,0.017964785853400826,0.039854171313345434,0.1996350953949366
length,206,0.03581229740055278,0.044272077158093455,0.2104093086298547
length,207,0.019883214281871914,0.018609358705580236,0.13641612333437803
length,208,0.013032520305132493,0.004124521752819419,0.0642224396361538
length,209,0.008100603078491985,0.009269514568150044,0.0962783182661083
length,210,0.009187168799107893,0.008019791981205344,0.08955329129186344
length,211,0.020631433743983508,0.029906599204987287,0.17293524569903987
length,212,0.03244694692082703,0.01124316219240427,0.10603377854440664
length,213,0.01613160638837144,0.01982918819412589,0.14081615033129505
length,214,0.015693299705162644,0.009208369720727205,0.09596025073293214
length,215,0.05059195142704993,0.06146064929664135,0.24791258398201846
length,216,0.0288526846235618,0.02860711619257927,0.16913638340871331
length,217,0.010812550669070333,0.004472463317215443,0.06687647805630499
length,218,0.00885559047339484,0.006606420297175646,0.08127988863904555
length,219,0.008671373523538932,0.01603557277470827,0.12663164207538444
length,220,0.02610038820654154,0.016696064490824936,0.12921325199384517
length,221,0.039879367626272144,0.028559804782271384,0.16899646381587807
length,222,0.02342491873074323,0.005603624698705971,0.0748573623547208
length,223,0.005711710622417741,0.016381214652210475,0.12798911927273535
length,224,0.043304985316935926,0.009620815049856901,0.09808575355196544
length,225,0.022376050460152327,0.007027932601049542,0.0838327656769687
length,226,0.00778373098699376,0.01014511501416564,0.10072296170271028
length,227,0.02247936351923272,0.04351917251944542,0.2086124936801375
length,228,0.012283700457774103,0.0068534312676638365,0.08278545323705026
length,229,0.008434561416506767,0.009385959217324854,0.09688116028064928
length,230,0.02316271375864744,0.0577849767357111,0.24038505930217688
length,231,0.03144071303540841,0.00939626750536263,0.09693434636578838
length,232,0.019634300181642174,0.011675528613850475,0.10805336003035942
length,233,0.008756643598899246,0.008359622722491623,0.09143097244638505
length,234,0.019182866057381034,0.042355109974741935,0.2058035713362184
length,235,0.027821688717231154,0.04979284670203924,0.22314310812131133
length,236,0.023396394730079918,0.00771380202844739,0.08782825301944353
length,237,0.01307593819918111,0.014017975330352784,0.11839753093013715
length,238,0.04187335527036339,0.06432462900876999,0.253623005677265
length,239,0.034633278481196614,0.01037386859767139,0.10185218995029705
length,240,0.007381371069932356,0.010524915521964431,0.10259101092183677
length,241,0.009286281542154029,0.021331257466226817,0.14605224224991145
length,242,0.02675804591504857,0.006565303639508784,0.08102656132101858
length,243,0.01156098433653824,0.0667913730442524,0.2584402697805673
length,244,0.01941635809838772,0.018526078686118125,0.1361105384829482
length,245,0.011423231181688608,0.012686076164245606,0.11263248272255036
length,246,0.05153961954638362,0.02461378598585725,0.15688781337585544
length,247,0.019697716012597084,0.011177328880876303,0.1057228872140574
length,248,0.034193024889100344,0.05893150992691517,0.24275813050630285
length,249,0.017497199723729862,0.026754211857914923,0.16356714785651463
length,250,0.01871133196516894,0.01913794320076704,0.1383399551856478
length,251,0.007732821520185098,0.00937687742523849,0.09683427815210113
length,252,0.020618961752625183,0.010529330931603909,0.10261252814156714
length,253,0.008184127922868356,0.010046541802585124,0.1002324388737754
length,254,0.0187210910290014,0.03763958141207695,0.1940092302239173
length,255,0.062354529243893925,0.006156625039875507,0.0784641640487905
length,256,0.021362384462263434,0.00736482341773808,0.0858185493802947
length,257,0.016225422418210657,0.004975530104711651,0.0705374376109003
length,258,0.007416252018301748,0.014983220491558313,0.1224059659148945
length,259,0.014285682709887624,0.01874113267287612,0.1368982566465918
length,260,0.029698289902880787,0.014660088215023279,0.12107885122936737
length,261,0.023031822382472457,0.017676999904215337,0.13295487920424484
length,262,0.031998158409260215,0.010123517075553536,0.10061569000684503
length,263,0.009041521415347233,0.00893273601308465,0.09451315259308965
length,264,0.025933767108945176,0.06061170674860478,0.2461944490613157
length,265,0.026867298327852042,0.029807511866092682,0.17264852118130836
length,266,0.010560751133598388,0.007847932521253825,0.0885885575074672
length,267,0.007910218571778387,0.01329038769006729,0.11528394376524118
length,268,0.019267692188732324,0.029527503363788128,0.1718356871077371
length,269,0.025848531723022462,0.02952706541866064,0.17183441278934974
length,270,0.03270067422185093,0.008231051648035646,0.09072514341700236
length,271,0.00973182917223312,0.005698252147994936,0.07548676803251637
length,272,0.015605691245291382,0.029926903657615186,0.1729939411008813
length,273,0.007631120566511527,0.00641493977047503,0.08009331913758494
length,274,0.03524081890005618,0.1269300252199173,0.3562724031130075
length,275,0.03236391300335526,0.013485368639230728,0.11612651996521177
length,276,0.07684222545009106,0.09260484419763088,0.304310440500537
length,277,0.024728512017754837,0.004433628222905099,0.06658549558954337
length,278,0.004837827973533422,0.0047577651217579845,0.06897655487017298
length,279,0.0036263692920329047,0.0025144066219218077,0.05014385926433872
length,280,0.0034418757492676376,0.00786226287484169,0.08866940213422943
length,281,0.01253777313628234,0.02462881453335285,0.15693570190798795
length,282,0.03739266264019534,0.024562307447195054,0.1567236658810502
length,283,0.02482277336413972,0.02481806483119726,0.15753750293564153
length,284,0.017402403105515985,0.00931448201648891,0.09651156415937372
length,285,0.017419381854124366,0.010554026626050473,0.1027327923598423
length,286,0.010866013658232986,0.006093781040981412,0.07806267380112862
length,287,0.02018715873127803,0.05006572090089321,0.223753705893094
length,288,0.08516321137547493,0.08631211169064044,0.29378923004535146
length,289,0.026318211363395676,0.004407999194227159,0.0663927646225638
length,290,0.006957772026653402,0.004183788662776351,0.06468221287785654
length,291,0.008287018975242972,0.020409496556967496,0.1428618093017427
length,292,0.015267469164682553,0.014551465883851051,0.12062945694916748
length,293,0.02094948309008032,0.022702514100819825,0.15067353483880247
length,294,0.0159095287125092,0.007976125879213213,0.08930915898838827
length,295,0.0062438104196917265,0.020216643754392864,0.14218524450305264
length,296,0.011702622671145945,0.013020734079182148,0.11410843123618056
length,297,0.02673952288227156,0.02528019070625305,0.1589974550307427
length,298,0.02570176906650886,0.01625237036496401,0.12748478483710912
length,299,0.03760971259791404,0.02216220898553729,0.14886977189993034
length,300,0.011000966933788731,0.004924863199703395,0.07017736956956562
mass_length,0,,42.009519805908205,6.481475125764829
mass_length,1,0.7291812968114391,0.0062141456827521325,0.07882985273836386
mass_length,2,0.004437970563303679,0.0030662444606423377,0.05537368021580594
mass_length,3,0.0028258853603620082,0.0023116742633283137,0.04807987378652646
mass_length,4,0.002288125869235955,0.002311768231447786,0.048080850985062505
mass_length,5,0.002025869598146528,0.001968124485574663,0.044363549064233614
mass_length,6,0.0023291002889163793,0.002289309862535447,0.04784673303931468
mass_length,7,0.0024615853556315417,0.001697066561318934,0.041195467727881595
mass_length,8,0.0022534038405865433,0.005870533273555339,0.07661940533282244
mass_length,9,0.0031026931217638777,0.002954370763618499,0.05435412370389665
mass_length,10,0.004509576054988429,0.0026387233450077476,0.05136850538031788
mass_length,11,0.005050979856168852,0.004437843188643455,0.06661713885062504
mass_length,12,0.023860910694347693,0.005776537233032286,0.07600353434566241
mass_length,13,0.00605112683144398,0.01101366588845849,0.10494601416184651
mass_length,14,0.005151970619335771,0.005924423197284341,0.0769702747642513
mass_length,15,0.013191836399491876,0.010635257568210363,0.10312738515161898
mass_length,16,0.028111858535557987,0.06698528133332729,0.2588151489641348
mass_length,17,0.011239876796025783,0.0037003019847907125,0.06083010755202322
mass_length,18,0.046044851804617794,0.017498961705714463,0.13228364111149368
mass_length,19,0.009904586678603665,0.005680821519345045,0.0753712247435654
mass_length,20,0.004299524260568432,0.004056155676953495,0.0636879555092915
mass_length,21,0.008212473625317216,0.01023744803853333,0.10118027494790341
mass_length,22,0.008025655143428593,0.0040430667996406554,0.06358511460743509
mass_length,23,0.008341380258789286,0.007559914132580161,0.08694776669115867
mass_length,24,0.017200294631766155,0.010565740475431084,0.10278978779738328
mass_length,25,0.00910601751995273,0.00541611562948674,0.07359426356372309
mass_length,26,0.009824845512630418,0.035583324618637564,0.18863542779297202
mass_length,27,0.024314544273074716,0.011902952333912253,0.1091006523074553
mass_length,28,0.0172051963605918,0.008342481469735503,0.09133718558032923
mass_length,29,0.050373262251960114,0.03134089231491089,0.1770335909224882
mass_length,30,0.020129383882740513,0.003948744433000684,0.06283903590126669
mass_length,31,0.003417555190389976,0.004571375264786184,0.06761194616919546
mass_length,32,0.002812266706023365,0.0067934704665094615,0.08242251189153035
mass_length,33,0.006828752019791864,0.008247085195034743,0.09081346373217324
mass_length,34,0.006525238124886527,0.010196840576827525,0.10097940669674944
mass_length,35,0.013673757042270154,0.006343219131231308,0.0796443289332725
mass_length,36,0.027444074193481355,0.0375954607129097,0.19389548915049493
mass_length,37,0.021992473651189358,0.020201780181378127,0.14213296655378063
mass_length,38,0.008891599581111222,0.003898588535375893,0.062438678200102
mass_length,39,0.004998921416699886,0.01913750944659114,0.13833838746563132
mass_length,40,0.05948693017475307,0.022445701379328966,0.14981889526801673
mass_length,41,0.01080358205421362,0.001965757915750146,0.044336868583044364
mass_length,42,0.0037564846326131373,0.002554131124634296,0.05053841236756746
mass_length,43,0.004726107782335021,0.00953238115645945,0.09763391396671267
mass_length,44,0.009743554573506117,0.006005169367417693,0.07749302786327099
mass_length,45,0.009322833197657018,0.014337789481505752,0.11974050894123406
mass_length,46,0.05064159174915403,0.028173645846545695,0.16785006954584705
mass_length,47,0.03770237861084752,0.012851366847753525,0.11336386923422086
mass_length,48,0.004393698397907428,0.002441667732782662,0.04941323438900415
mass_length,49,0.003916091697174124,0.007456960948184132,0.08635369678354328
mass_length,50,0.00413773936976213,0.0048882858967408535,0.06991627776663209
mass_length,51,0.007296411574352533,0.0044715644977986815,0.06686975772199778
mass_length,52,0.011024603341938928,0.00946791767142713,0.09730322539066796
mass_length,53,0.029255545455962418,0.13984089821577073,0.3739530695365004
mass_length,54,0.028227574576158078,0.009550242386758327,0.09772534157913354
mass_length,55,0.018357341680675744,0.026287553049623966,0.162134367268707
mass_length,56,0.013335193275706843,0.010068124942481518,0.10034004655411277
mass_length,57,0.006488632268155925,0.007604271564632654,0.08720247453273705
mass_length,58,0.008003995554754511,0.005166452224366367,0.07187803714881456
mass_length,59,0.012592552054557019,0.006279400493949652,0.07924266839241124
mass_length,60,0.006438319315202534,0.0047711304342374205,0.06907336993543474
mass_length,61,0.006152854367392138,0.007163249272853136,0.08463598095876916
mass_length,62,0.06280922898324207,0.051216781064867975,0.2263112482066854
mass_length,63,0.01677973089274019,0.018612077515572308,0.13642608810477674
mass_length,64,0.0056999087875010445,0.0022588336537592113,0.047527188574112096
mass_length,65,0.005161241328460164,0.02967929981648922,0.17227681160414254
mass_length,66,0.01268386340001598,0.0074146970640867945,0.08610863524691816
mass_length,67,0.011081642558565363,0.00982086567208171,0.09910028088800611
mass_length,68,0.017593172646593304,0.012374918991699815,0.11124261320060679
mass_length,69,0.020158934146165847,0.02211103443056345,0.1486977956479633
mass_length,70,0.004813150353729725,0.004552602651529014,0.06747297719479269
mass_length,71,0.006909190202131868,0.005186276976019144,0.07201581059752882
mass_length,72,0.015480845876736567,0.011698475889861584,0.10815949283286042
mass_length,73,0.015307054589502513,0.027037265561521053,0.16443012364381732
mass_length,74,0.020663048101123422,0.007202245173975825,0.08486604252571123
mass_length,75,0.013161957163829357,0.011397309247404336,0.10675818117317444
mass_length,76,0.014364474099129438,0.005078942500986159,0.07126669980422946
mass_length,77,0.011390794086037204,0.024699974264949562,0.15716225458089345
mass_length,78,0.019850041676545516,0.0057705838698893785,0.07596435920804821
mass_length,79,0.007041328095365316,0.007448351923376322,0.0863038349285611
mass_length,80,0.012779777375981212,0.025719187278300523,0.16037202773021397
mass_length,81,0.024540518422145396,0.01460802948102355,0.12086368139777785
mass_length,82,0.007607170997653156,0.010246909121051431,0.10122701774255444
mass_length,83,0.0056966138887219134,0.005437399069778621,0.073738721644592
mass_length,84,0.00876227620872669,0.01295790173113346,0.1138327796864043
mass_length,85,0.05249026864650659,0.0510370235145092,0.22591375238021522
mass_length,86,0.028622788426000623,0.0054956600069999695,0.07413271886960554
mass_length,87,0.006686897041508928,0.003494422473013401,0.059113640329566924
mass_length,88,0.016314390473999085,0.036942584477365016,0.19220453812895527
mass_length,89,0.006347514097578824,0.0033832050114870073,0.05816532482060947
mass_length,90,0.004012204528553411,0.012999358978122473,0.11401473140836878
mass_length,91,0.01143335173255764,0.007140572592616082,0.0845019088104883
mass_length,92,0.04465634815627709,0.019098752085119484,0.13819823473952003
mass_length,93,0.006193655920797027,0.002670549787580967,0.05167736242863955
mass_length,94,0.0053552396781742576,0.003646242991089821,0.060384128635675625
mass_length,95,0.010261487308889627,0.007527089500799775,0.08675880071093522
mass_length,96,0.012354435194283723,0.005941395587287843,0.0770804488005087
mass_length,97,0.028309877464780583,0.012481005154550076,0.1117184190478458
mass_length,98,0.013540888626594097,0.012787323035299778,0.1130810463132517
mass_length,99,0.012161013660952449,0.012079395093023778,0.10990630142545867
mass_length,100,0.025038152339402587,0.014303864762187004,0.11959876572183763
mass_length,101,0.009103720466373488,0.00640909475274384,0.08005682202500822
mass_length,102,0.00874079565575812,0.015972859337925912,0.12638377798564937
mass_length,103,0.01677808241220191,0.011066015074029566,0.10519512856605845
mass_length,104,0.007690707395086065,0.006379353664815426,0.07987085616678605
mass_length,105,0.0069138631771784274,0.004720159987919033,0.068703420496501
mass_length,106,0.008235140013275667,0.006664340514689684,0.08163541213646001
mass_length,107,0.025256508535239846,0.022511439807713033,0.15003812784660114
mass_length,108,0.038308084215968846,0.024831029921770095,0.15757864678239275
mass_length,109,0.007881734959082677,0.008257900224998593,0.09087298952383262
mass_length,110,0.004688086968963034,0.007956030275672675,0.08919658219726065
mass_length,111,0.013321662689559161,0.007159508084878325,0.08461387643216876
mass_length,112,0.022676838216139004,0.013614128474146128,0.11667959750593129
mass_length,113,0.007191257777158171,0.0068600845616310835,0.08282562744483789
mass_length,114,0.013487413646653295,0.015330690778791905,0.12381716673705591
mass_length,115,0.009890338387340308,0.003327730125747621,0.05768648130842807
mass_length,116,0.009995834368746728,0.0086084889434278,0.09278194298152954
mass_length,117,0.015427361105103045,0.05769689731299877,0.24020178457496683
mass_length,118,0.03322744067991153,0.023692547008395196,0.15392383508864116
mass_length,119,0.01377372643444687,0.006784965861588717,0.08237090421737955
mass_length,120,0.020027004863368347,0.012747534215450287,0.11290497870089825
mass_length,121,0.00926449503924232,0.006414770763367415,0.08009226406693355
mass_length,122,0.004456002751248888,0.006096527422778308,0.07808026269665279
mass_length,123,0.0050341408362146465,0.009358987957239152,0.09674186248589156
mass_length,124,0.016971553674666212,0.015696961302310228,0.12528751455077328
mass_length,125,0.03325283344369381,0.01533604096621275,0.12383877004481572
mass_length,126,0.010203678758116438,0.02131609184667468,0.1460003145430676
mass_length,127,0.013147437372244894,0.006804050356149674,0.0824866677478832
mass_length,128,0.008402018045308069,0.009821939496323467,0.09910569860670711
mass_length,129,0.016905606754589825,0.0512157578766346,0.22630898761789067
mass_length,130,0.05751327441539615,0.007552791647613049,0.08690679862711
mass_length,131,0.00645756765617989,0.0022197480348404497,0.047114202050341995
mass_length,132,0.004492226579459384,0.007975026117637753,0.08930300172803686
mass_length,133,0.011949016115395353,0.041814539134502414,0.20448603652695313
mass_length,134,0.01960581380059011,0.023815385568886994,0.15432234306440204
mass_length,135,0.01965485356980935,0.015244545619934798,0.1234688042378916
mass_length,136,0.016647959469119088,0.008102142242714763,0.09001190056161887
mass_length,137,0.005551470093196258,0.01791190102696419,0.13383535043838077
mass_length,138,0.008279844949720427,0.007173963757231831,0.08469925476196252
mass_length,139,0.02818426720565185,0.02199604466557503,0.1483106357129354
mass_length,140,0.01844341377262026,0.008743444615975022,0.09350638810249823
mass_length,141,0.010674592998111621,0.026132839545607568,0.16165654810618582
mass_length,142,0.007965573213296011,0.007889010114595293,0.088820099721827
mass_length,143,0.006708246069028974,0.00676546601112932,0.08225245291861709
mass_length,144,0.008075316891190596,0.014927998539060355,0.12218018881578288
mass_length,145,0.018627848568139597,0.003989715673960745,0.06316419613959118
mass_length,146,0.006031989851035178,0.007311287447810173,0.08550606673102308
mass_length,147,0.006306683876900933,0.018643114417791366,0.13653979060256158
mass_length,148,0.01813575517386198,0.007722422191873193,0.08787731329457674
mass_length,149,0.042768087221775206,0.006262893597595394,0.07913844576181285
mass_length,150,0.00395015457237605,0.00419174246955663,0.0647436674089183
mass_length,151,0.004261611347319558,0.004667388419620693,0.06831828759285974
mass_length,152,0.0313196635490749,0.0130470328964293,0.11422360919017267
mass_length,153,0.010952793355099856,0.013049408737570047,0.1142340086732933
mass_length,154,0.0145129925373476,0.0055593689577654,0.07456117594140667
mass_length,155,0.0071908607316436245,0.0025933346478268504,0.05092479403813874
mass_length,156,0.034816175256855784,0.017869657557457685,0.1336774384758239
mass_length,157,0.00899025116697885,0.0038322967756539584,0.061905547212297206
mass_length,158,0.008274562894366682,0.007470647748559714,0.08643290894421936
mass_length,159,0.028134921697201207,0.022182836420834063,0.14893903592018468
mass_length,160,0.012023059614002705,0.008571004197001457,0.09257971806503548
mass_length,161,0.0114326625992544,0.007447073869407177,0.08629643022400856
mass_length,162,0.009509162121685222,0.005161428451538086,0.0718430821411365
mass_length,163,0.010045630161184817,0.008272942416369914,0.09095571678773091
mass_length,164,0.011066538160666823,0.012566169295459985,0.11209892637960447
mass_length,165,0.029809282263740897,0.018362876400351523,0.1355096911676487
mass_length,166,0.015885681943036616,0.033855185471475126,0.1839977865939564
mass_length,167,0.017690177924814632,0.004972886624746025,0.07051869698701208
mass_length,168,0.005120877754525282,0.013483705148100853,0.1161193573358932
mass_length,169,0.0072194207116262985,0.01529297897592187,0.12366478470414231
mass_length,170,0.020214361312100665,0.00873347389511764,0.09345305717373638
mass_length,171,0.01208604646846652,0.004874038989655673,0.06981431794163481
mass_length,172,0.015319120943313464,0.021545188091695307,0.1467827922193038
mass_length,173,0.03775925090070814,0.045146257430315015,0.21247648677045425
mass_length,174,0.00804903328185901,0.005118198711425066,0.07154158728617269
mass_length,175,0.004684879978303798,0.006893132822588086,0.08302489278877803
mass_length,176,0.04508605945855379,0.010001949490979314,0.10000974697987848
mass_length,177,0.004659221710171551,0.003076072067487985,0.055462348196663874
mass_length,178,0.003660927401506342,0.006963692288845778,0.0834487404868748
mass_length,179,0.010124247319763526,0.015550345927476884,0.12470102616849985
mass_length,180,0.006660739913349971,0.0087535070348531,0.09356017868117343
mass_length,181,0.018417259398847818,0.055673735588788985,0.23595282492224792
mass_length,182,0.03555392009438947,0.00665062440559268,0.08155136053796208
mass_length,183,0.0040500669943867255,0.003450712529011071,0.05874276575895172
mass_length,184,0.0032000749988947063,0.023026951253414155,0.15174633851732355
mass_length,185,0.02365949759958312,0.02114814769476652,0.14542402722647493
mass_length,186,0.008761221684981137,0.00784894055686891,0.08859424674813207
mass_length,187,0.008204523486783728,0.01758240584284067,0.1325986645590395
mass_length,188,0.009700864200713113,0.0063412564247846605,0.07963200628380941
mass_length,189,0.02919863337883726,0.028461556546390057,0.1687055320562727
mass_length,190,0.020294530495302752,0.009113985542207957,0.0954671961576748
mass_length,191,0.006656425648834556,0.0044873067643493416,0.06698736272125767
mass_length,192,0.007853531962027774,0.011454583471640944,0.10702608780872513
mass_length,193,0.011906029601814225,0.0053480592695996166,0.07313042642839994
mass_length,194,0.0277118686249014,0.00710305423475802,0.08427961933206639
mass_length,195,0.006924018011195585,0.004311365117318928,0.0656609862652011
mass_length,196,0.004531823736615479,0.00793763043358922,0.08909338041397474
mass_length,197,0.01390081609832123,0.00984003788791597,0.09919696511444273
mass_length,198,0.013004567602183669,0.03873810175806284,0.1968199729653036
mass_length,199,0.04111775978002697,0.01563166072592139,0.12502664006491332
mass_length,200,0.018426967490231618,0.003354728186968714,0.05792001542617814
mass_length,201,0.003793056456488557,0.0027164086885750295,0.052119177742698794
mass_length,202,0.0055481407354818655,0.008074270151555539,0.0898569427009151
mass_length,203,0.00783580841787625,0.0029959352733567356,0.05473513746540457
mass_length,204,0.035294879883877,0.031029845029115675,0.1761529024146797
mass_length,205,0.037417610459961,0.032172935977578164,0.1793681576467188
mass_length,206,0.010765206844080239,0.0066825529746711255,0.08174688357773112
mass_length,207,0.004109196928329766,0.010159575091674923,0.10079471757822889
mass_length,208,0.004158701989217662,0.005734867402352393,0.07572890730990639
mass_length,209,0.028358976576710118,0.0666506240516901,0.25816782148767126
mass_length,210,0.010287663590279408,0.008377049341797829,0.09152622215407905
mass_length,211,0.010200831899419427,0.005321853924542665,0.07295103785788565
mass_length,212,0.006534032246563583,0.009639150202274323,0.09817917397429214
mass_length,213,0.008937475193524733,0.011471916660666466,0.10710703366570501
mass_length,214,0.009038450967054815,0.0060586130060255525,0.07783709273878073
mass_length,215,0.03133829357451759,0.023024613074958324,0.1517386340882187
mass_length,216,0.009452015762217342,0.007564430991187691,0.0869737373647223
mass_length,217,0.01915640808059834,0.01901141483336687,0.13788188725632844
mass_length,218,0.014511356463190168,0.014020616225898265,0.11840868306800083
mass_length,219,0.013205903228372335,0.004860819545574486,0.06971957792166047
mass_length,220,0.03301561062922701,0.010194706609472632,0.10096883979462491
mass_length,221,0.007660589820588939,0.0032419839035719633,0.05693842203268337
mass_length,222,0.004062902008881792,0.00423734312877059,0.0650948778996519
mass_length,223,0.007986149402568117,0.005063061434775591,0.07115519260584986
mass_length,224,0.009848598843673244,0.018534476924687623,0.1361413857895079
mass_length,225,0.011540406494168565,0.00464095011819154,0.06812451921438815
mass_length,226,0.03420241243438795,0.03093795891851187,0.1758918955452805
mass_length,227,0.025589515559840948,0.004153834353201091,0.0644502471151282
mass_length,228,0.004585023920517415,0.005479958495125174,0.07402674175678121
mass_length,229,0.011266993397148326,0.012409922676160931,0.1113998324781547
mass_length,230,0.00653451171820052,0.007444741055369377,0.08628291288180631
mass_length,231,0.012037548534572125,0.010187585055828095,0.10093356753740598
mass_length,232,0.03413168789818883,0.02851103127002716,0.1688520988025531
mass_length,233,0.013415293134748936,0.006436019721440971,0.08022480739422795
mass_length,234,0.00761136956862174,0.00513967000413686,0.07169149185319594
mass_length,235,0.007772366222925484,0.00719154816120863,0.08480299618061045
mass_length,236,0.017398802246898413,0.012689368035644293,0.11264709510521917
mass_length,237,0.016993735723663122,0.005918159922584891,0.07692957768365098
mass_length,238,0.012382374426815659,0.008363936934620142,0.09145456213125806
mass_length,239,0.0072225779399741445,0.01737482849508524,0.1318136127078127
mass_length,240,0.034800561339361595,0.03694628085941076,0.19221415363965985
mass_length,241,0.020093594641657546,0.007378686936572194,0.08589928367904004
mass_length,242,0.008426605318672955,0.004035340612754226,0.06352433087214872
mass_length,243,0.00868754644296132,0.012863451642915606,0.11341715762139168
mass_length,244,0.00802091812947765,0.006728422679007053,0.0820269631219336
mass_length,245,0.009279031765181571,0.003452975801192224,0.058762026864227754
mass_length,246,0.007299281487939879,0.004042717325501144,0.06358236646666388
mass_length,247,0.014654472693800926,0.014864507913589477,0.12192008822827138
mass_length,248,0.009778133827494458,0.008105188296176492,0.09002881925348401
mass_length,249,0.021610360480844974,0.012914460133761168,0.1136418062763927
mass_length,250,0.02055124976672232,0.05154158607125282,0.22702772093128368
mass_length,251,0.017398259992478415,0.02247224498540163,0.1499074547359191
mass_length,252,0.0066264845529804,0.010113892201334239,0.10056784874568134
mass_length,253,0.01718619868857786,0.03443800184875727,0.18557478775080755
mass_length,254,0.011018425240181387,0.009981124885380268,0.09990557985107873
mass_length,255,0.013669022977119312,0.0217782680131495,0.14757461845842426
mass_length,256,0.018087592255324126,0.02198398070409894,0.14826995887265546
mass_length,257,0.020073580427560956,0.015293337684124709,0.12366623502041578
mass_length,258,0.006848452144768089,0.005217104982584715,0.07222952985161066
mass_length,259,0.004215916649554856,0.004121693926863373,0.064200419989774
mass_length,260,0.0252667507273145,0.0074607855360955,0.08637583884452585
mass_length,261,0.016827753144316376,0.01569897829554975,0.12529556375047662
mass_length,262,0.013839150042040274,0.007143673067912459,0.08452025241273513
mass_length,263,0.008829006628366188,0.030044670216739178,0.17333398459834465
mass_length,264,0.01975362768047489,0.006072084098123014,0.07792357857621154
mass_length,265,0.015948606501333416,0.013517917646095157,0.11626658009116445
mass_length,266,0.010740434515755624,0.006332403058186173,0.07957639762006177
mass_length,267,0.007438263425137847,0.0073205062933266165,0.08555995730086953
mass_length,268,0.03601687252055854,0.04133234579116106,0.2033035803697541
mass_length,269,0.015090257618576288,0.005800458448939025,0.0761607408639059
mass_length,270,0.004909418543684296,0.0049504581885412334,0.07035949252617754
mass_length,271,0.002637783551181201,0.0032980385376140476,0.05742855158903146
mass_length,272,0.0028674739110283553,0.004601759104989469,0.06783626688571143
mass_length,273,0.013128597256727517,0.010380697660148144,0.10188570881212018
mass_length,274,0.03603521375916898,0.06714757189154624,0.25912848529551175
mass_length,275,0.014945373096270486,0.006428571073338389,0.08017837035846008
mass_length,276,0.024590751151554287,0.026764832697808744,0.16359961093416067
mass_length,277,0.009680419798824004,0.004829915128648281,0.069497590811828
mass_length,278,0.005922595940064639,0.010767340688034891,0.10376579729388144
mass_length,279,0.014949664563173428,0.01263947538100183,0.1124254214179419
mass_length,280,0.01132431500707753,0.04834511376917362,0.2198752231816346
mass_length,281,0.01814985503209755,0.009529543109238148,0.09761937875871854
mass_length,282,0.012967486322158947,0.029248610772192478,0.17102225227201423
mass_length,283,0.011249199183657766,0.00909976763650775,0.09539270221829209
mass_length,284,0.021606666693696753,0.006639700969681144,0.08148436027656561
mass_length,285,0.013162579896161333,0.007548433616757393,0.08688172199466003
mass_length,286,0.005644540725043044,0.005235887379385531,0.0723594318619593
mass_length,287,0.022387858158908785,0.04839164055883884,0.21998100044967256
mass_length,288,0.03207565201446414,0.009863464133813978,0.09931497436849077
mass_length,289,0.005765691844280809,0.0042388290027156475,0.0651062900395626
mass_length,290,0.00627080304606352,0.004337701555341482,0.06586122953104871
mass_length,291,0.009611073763808235,0.0036452954029664395,0.06037628179149855
mass_length,292,0.01212207850359846,0.027020243164151907,0.16437835369704829
mass_length,293,0.01082907902658917,0.0039742497587576505,0.06304165098375558
mass_length,294,0.01317105824011378,0.0133586785197258,0.11557974960920187
mass_length,295,0.012088979048421607,0.003124534406233579,0.05589753488512332
mass_length,296,0.013587144770426676,0.009243097770959139,0.09614103063187507
mass_length,297,0.009123435362707823,0.006578030781820416,0.08110506014929288
mass_length,298,0.03624432367039845,0.021095665544271468,0.14524346988512588
mass_length,299,0.008628855040878989,0.0072712262859568,0.08527148577312817
mass_length,300,0.015555897671729326,0.015417285449802875,0.12416636198988386
unchanged,0,,0.004139495636336505,0.06433891230302627
unchanged,1,0.048449350835289805,0.0058504831278696654,0.07648845094437241
unchanged,2,0.007750119401607663,0.014857066236436367,0.12188956574061771
unchanged,3,0.013544333488680423,0.019553453251719474,0.13983366279876772
unchanged,4,0.026901503931730984,0.01737372253090143,0.13180941745907776
unchanged,5,0.02018608619691804,0.015943097826093437,0.12626598047809012
unchanged,6,0.03145128639414906,0.07691914357244968,0.2773430070732804
unchanged,7,0.017233140124008058,0.006304961256682872,0.07940378616088072
unchanged,8,0.022108956632437185,0.12452905923128128,0.3528867512832995
unchanged,9,0.07187470458215102,0.00910222570411861,0.09540558528785728
unchanged,10,0.00749877707567066,0.009175241729244589,0.09578748211141469
unchanged,11,0.007562451239209622,0.004394491794519126,0.06629096314369799
unchanged,12,0.009625200539594515,0.008376586651429534,0.09152369448088038
unchanged,13,0.06069651357829571,0.11390755444765091,0.33750193250950566
unchanged,14,0.014374960315180943,0.008208102397620678,0.09059857834216097
unchanged,15,0.007792756544658914,0.005259924745187164,0.07252533864234736
unchanged,16,0.012004388625500724,0.024429181292653084,0.15629837264876778
unchanged,17,0.025970731782726943,0.014975364077836275,0.12237387007787355
unchanged,18,0.016044870601035655,0.014260617066174746,0.11941782557966271
unchanged,19,0.010347073586890474,0.006012870059348643,0.07754269829809021
unchanged,20,0.017789929347345607,0.0382122253254056,0.19547947545818103
unchanged,21,0.04306124364025891,0.013543524257838726,0.11637664824971858
unchanged,22,0.014570549109485,0.02664461612701416,0.16323178650928918
unchanged,23,0.013007203314919025,0.01281943652778864,0.11322295053472436
unchanged,24,0.02923008620738983,0.022680231370031834,0.15059957294106724
unchanged,25,0.02018426764989272,0.016018363088369368,0.12656367207208144
unchanged,26,0.01605712855816819,0.032887967377901076,0.18135039944235323
unchanged,27,0.033245679440442474,0.019538511428982018,0.1397802254576162
unchanged,28,0.011512741774786263,0.013746012896299363,0.11724339169564894
unchanged,29,0.04370841303374618,0.03677683182060718,0.19177286518328704
unchanged,30,0.02868283522548154,0.011049859393388033,0.10511831140856494
unchanged,31,0.008485880818916484,0.011254604756832123,0.10608772198907904
unchanged,32,0.025089470869861543,0.016437659841030836,0.1282094374101643
unchanged,33,0.01710220200009644,0.012538646087050439,0.11197609605201655
unchanged,34,0.017631076623219995,0.015522262658923864,0.12458837288817871
unchanged,35,0.017067021077964456,0.00697305602952838,0.08350482638463708
unchanged,36,0.0077507056237664075,0.011479189991950989,0.10714098185078849
unchanged,37,0.032027555413078515,0.029332101084291934,0.17126617028558774
unchanged,38,0.023609463353641332,0.023014052622020244,0.15170383192925696
unchanged,39,0.012511311259586363,0.008540295893326402,0.09241372134767868
unchanged,40,0.02403353664558381,0.19551260381937027,0.44216807191312474
unchanged,41,0.04443293966818601,0.011827065255492925,0.10875231149494215
unchanged,42,0.009024665729375556,0.008299371805042028,0.0911008880584708
unchanged,43,0.018391687551047652,0.015247007515281439,0.12347877354137203
unchanged,44,0.01068023623607587,0.01996470207348466,0.14129650410921235
unchanged,45,0.010117656668880955,0.007680074730888009,0.08763603557263422
unchanged,46,0.05778318855445832,0.09171138644218445,0.30283887868334286
unchanged,47,0.03816762282513082,0.009524575462564825,0.09759393148431324
unchanged,48,0.007966445976635442,0.004169741864316166,0.06457353842183473
unchanged,49,0.014254136700183153,0.015171598177403212,0.12317304160165572
unchanged,50,0.021624736175872385,0.006065181121230125,0.07787927273177456
unchanged,51,0.008699546327115969,0.014895447678864002,0.12204690769890077
unchanged,52,0.014791823013219983,0.012001864183694123,0.10955301996610647
unchanged,53,0.02358447535545565,0.044816172271966936,0.21169830483961588
unchanged,54,0.018722884156741202,0.031954698637127875,0.17875877219629777
unchanged,55,0.016468711716588588,0.010923111196607351,0.10451368903931844
unchanged,56,0.02018139886902645,0.023696298766881226,0.1539360216677085
unchanged,57,0.03180384340463206,0.015624031089246274,0.1249961242969008
unchanged,58,0.009829496864695102,0.008209020514041186,0.09060364514764947
unchanged,59,0.013836889280937612,0.0386265342310071,0.19653634328288266
unchanged,60,0.015662467994261534,0.028910386189818383,0.1700305448730268
unchanged,61,0.015939084076089783,0.014961413405835629,0.12231685658908845
unchanged,62,0.03815986174158752,0.011992037044838071,0.10950815971806882
unchanged,63,0.01213094686041586,0.00896625488065183,0.09469031038417727
unchanged,64,0.010219127461314202,0.0058981522731482985,0.07679942885951886
unchanged,65,0.011800007772399113,0.006605737302452326,0.08127568703156145
unchanged,66,0.14959289556834846,0.008259574454277753,0.0908822009761964
unchanged,67,0.006589862020919099,0.005562261752784252,0.07458057222081534
unchanged,68,0.004121616807533428,0.002932986058294773,0.054157049940841244
unchanged,69,0.0037823488499270754,0.006842059930786491,0.08271674516557388
unchanged,70,0.007296801196644082,0.003092107498086989,0.05560672169879276
unchanged,71,0.009581959107890725,0.01314132247120142,0.11463560734432134
unchanged,72,0.010477622805628925,0.007618548776954412,0.08728429857055857
unchanged,73,0.012824782960815356,0.03586676064878702,0.18938521760894386
unchanged,74,0.03545383831486106,0.02038920233026147,0.14279076416302797
unchanged,75,0.027625819938257336,0.028546123839914797,0.16895598195954709
unchanged,76,0.06098403295502067,0.03373463287949562,0.18366990194230415
unchanged,77,0.014714820618974046,0.0055732394848018885,0.07465413240271357
unchanged,78,0.005051987828919664,0.0050389012135565285,0.07098521827505025
unchanged,79,0.008377225353615358,0.0048352467641234395,0.06953593865134373
unchanged,80,0.013024463714100421,0.01799478180706501,0.13414463018348893
unchanged,81,0.0157294670981355,0.032305762469768524,0.17973803846089043
unchanged,82,0.08668006383813917,0.05683570027351379,0.23840239150124687
unchanged,83,0.016525131129892543,0.003975278404541313,0.06304980891756384
unchanged,84,0.006034915429772809,0.0036228065378963946,0.060189754426284166
unchanged,85,0.005334445434273221,0.005536748031154275,0.07440932758165655
unchanged,86,0.017455155619536526,0.10335102438926697,0.3214825413444204
unchanged,87,0.03008038251893595,0.008389955339953303,0.09159669939442852
unchanged,88,0.03748202601447701,0.03974563233554363,0.19936306662855993
unchanged,89,0.04403200190514326,0.0101097602955997,0.10054730377091024
unchanged,90,0.006359854030888528,0.004492861572653055,0.06702881151156609
unchanged,91,0.006331910336157307,0.016517192181199788,0.12851922883833294
unchanged,92,0.009698314657434821,0.007843085434287786,0.08856119598496728
unchanged,93,0.017403326474595814,0.011614855267107487,0.10777223792381546
unchanged,94,0.008643342208815739,0.004344360721297562,0.06591176466532786
unchanged,95,0.019583935345290227,0.030157455652952195,0.17365902122536622
unchanged,96,0.06037566665094346,0.02745871474966407,0.16570671304948412
unchanged,97,0.013140550552634522,0.010317342523485422,0.10157432019701348
unchanged,98,0.015103541268035769,0.009887997983023524,0.09943841301541133
unchanged,99,0.007212929548695683,0.007782701882533729,0.08821962300153934
unchanged,100,0.014712593562435358,0.02821239873766899,0.16796546888473532
unchanged,101,0.046192689216695726,0.06210209265351296,0.2492029146168097
unchanged,102,0.022630312002729625,0.01830216245725751,0.13528548502059454
unchanged,103,0.009510128352558241,0.0041719642793759705,0.064590744533377
unchanged,104,0.018406360526569188,0.026220131032168865,0.161926313587906
unchanged,105,0.03912048473954201,0.020392586290836335,0.14280261303924496
unchanged,106,0.010656968475086615,0.011700532641261816,0.10816900037100192
unchanged,107,0.030161066681612284,0.07515691697597504,0.27414761895003764
unchanged,108,0.04681271942332387,0.00829793551005423,0.09109300472623696
unchanged,109,0.0060561053588753565,0.004422511686570942,0.06650196753909574
unchanged,110,0.006270266653737053,0.0044553243648260835,0.06674821619209073
unchanged,111,0.008699319787556305,0.009001539684832097,0.09487644430959719
unchanged,112,0.02290452963905409,0.028169015273451805,0.16783627520131578
unchanged,113,0.01927034034160897,0.02722969263792038,0.1650142195022004
unchanged,114,0.015043200133368373,0.01201870722696185,0.10962986466726049
unchanged,115,0.03806631431914866,0.04722520653158426,0.21731361331399435
unchanged,116,0.027907268342096357,0.02337271735072136,0.15288138327056489
unchanged,117,0.015118014109320939,0.020416443161666395,0.14288611955563213
unchanged,118,0.012928029048489408,0.01839379522949457,0.13562372664653694
unchanged,119,0.021222137159202247,0.08741925001144409,0.2956674652569066
unchanged,120,0.07328608215088024,0.016079766023904086,0.12680601730164104
unchanged,121,0.009459114773781039,0.006792346518486738,0.08241569339929586
unchanged,122,0.005941035362193361,0.004340559490956366,0.06588292260484781
unchanged,123,0.010769712615292519,0.008119104877114296,0.09010607569478485
unchanged,124,0.01427014809800312,0.041040063202381134,0.20258347218463094
unchanged,125,0.024344643175136297,0.006069224714301527,0.07790522905621629
unchanged,126,0.00780999633600004,0.009135355334728956,0.09557905280305384
unchanged,127,0.04072516237851232,0.06590168684720993,0.2567132385507415
unchanged,128,0.024407111671753228,0.006187204197049141,0.07865878334330592
unchanged,129,0.007263266594382003,0.01254447809420526,0.1120021343287942
unchanged,130,0.01317149434471503,0.01079217618331313,0.10388539927878764
unchanged,131,0.026844591342378408,0.016878891866654158,0.12991878950580688
unchanged,132,0.039463526010513304,0.04016696255654097,0.20041697172779796
unchanged,133,0.01864107271656394,0.008385986732318997,0.091575033345989
unchanged,134,0.035471756297629324,0.011064357394352554,0.10518724920042616
unchanged,135,0.01041892179986462,0.005299896677024662,0.07280038926423857
unchanged,136,0.009320424979086965,0.012211498618125916,0.11050564971134244
unchanged,137,0.03323280544253066,0.007021316140890121,0.08379329412840936
unchanged,138,0.025548903064336628,0.016683632899075748,0.12916513809490449
unchanged,139,0.00855641686823219,0.0077596988156437875,0.08808915265595298
unchanged,140,0.012296673143282533,0.011744314851239324,0.1083711901348293
unchanged,141,0.011825156504055485,0.00728647512383759,0.08536085240810093
unchanged,142,0.01150495658046566,0.019399403519928457,0.13928174151671302
unchanged,143,0.018574779152404516,0.04219788990914822,0.20542124989676266
unchanged,144,0.04167513065040111,0.015522831678390503,0.12459065646504357
unchanged,145,0.01880691620754078,0.02343166643753648,0.1530740554030515
unchanged,146,0.016191447325982152,0.010094446428120137,0.10047112235921393
unchanged,147,0.011675875248620286,0.19888425201177598,0.4459644066646754
unchanged,148,0.03692054429091513,0.01671391600742936,0.12928231127044937
unchanged,149,0.019832784180762245,0.11064510017633439,0.332633582454229
unchanged,150,0.06866754365735687,0.008574619479477406,0.09259924124676944
unchanged,151,0.005904263436095789,0.006624478958547115,0.0813909021853617
unchanged,152,0.009593398213619366,0.015322164259850979,0.12378273005492721
unchanged,153,0.00856853044242598,0.006409601420164108,0.08005998638623485
unchanged,154,0.00743713133269921,0.015553829502314329,0.12471499309351033
unchanged,155,0.04182950219954364,0.07929920382797719,0.28160114315815055
unchanged,156,0.03039529064670205,0.01410057296976447,0.1187458334838089
unchanged,157,0.01304081203765236,0.02787810057401657,0.1669673637990867
unchanged,158,0.01894033658551052,0.008055407861247659,0.08975192399747016
unchanged,159,0.007825929207028822,0.006518796784803271,0.0807390660387106
unchanged,160,0.011175054870545865,0.05682432502508163,0.23837853306260956
unchanged,161,0.01805983191356063,0.04193859238177538,0.20478914126919762
unchanged,162,0.05983277386985719,0.03399782799184323,0.18438499936774475
unchanged,163,0.010289607904851436,0.013538324534893035,0.11635430604362279
unchanged,164,0.007585544977337122,0.007160535873845219,0.08461994962090925
unchanged,165,0.015819916046457366,0.006619725986383856,0.0813616985219941
unchanged,166,0.006758369873277843,0.006246067965403199,0.079032069221318
unchanged,167,0.029331057826057078,0.03674283586442471,0.19168420869864244
unchanged,168,0.06364936487050726,0.012515802774578333,0.11187404870915477
unchanged,169,0.014192728312918916,0.007675912063568831,0.0876122826067717
unchanged,170,0.009195318442070857,0.009346385942772031,0.09667670837783024
unchanged,171,0.009966595846926794,0.0054144202824681995,0.07358274446137626
unchanged,172,0.006116509481798858,0.006575842555612325,0.0810915689551776
unchanged,173,0.016844825989101083,0.024516272470355035,0.15657673029653874
unchanged,174,0.029682976729236542,0.03183993976563215,0.17843749540282208
unchanged,175,0.0221557947085239,0.019140879660844802,0.13835056798164871
unchanged,176,0.0233633501525037,0.017307411041110755,0.13155763391423075
unchanged,177,0.017989416762720794,0.00857620288617909,0.09260779063436882
unchanged,178,0.019494124874472617,0.010105291930958629,0.10052508110396444
unchanged,179,0.017764728972688316,0.015788397043943404,0.1256518883421312
unchanged,180,0.022705700416117906,0.02087089270353317,0.14446761818322185
unchanged,181,0.034752896155696364,0.012692802743986249,0.11266233951053142
unchanged,182,0.016352206787560136,0.00974050554446876,0.09869399953628771
unchanged,183,0.009660690148593857,0.008941749595105648,0.09456082484361929
unchanged,184,0.014906733899842949,0.034591964595019814,0.18598915182079792
unchanged,185,0.057355003054253756,0.017371237967163323,0.13179999228817627
unchanged,186,0.008939630603417754,0.004860549755394458,0.06971764307113701
unchanged,187,0.005519704053876921,0.011747535653412342,0.10838604916414446
unchanged,188,0.01816706991987303,0.02711719397455454,0.16467299102935654
unchanged,189,0.01535602289601229,0.014129356238991022,0.11886696866241278
unchanged,190,0.03091327956528403,0.06954709820449352,0.263717838237184
unchanged,191,0.03004309009760618,0.01905353369191289,0.13803453803998797
unchanged,192,0.017750077105592937,0.0077889822516590355,0.08825521090371398
unchanged,193,0.008428543620975688,0.010058744503185153,0.10029329241372602
unchanged,194,0.008197091368492693,0.016901833079755305,0.13000705011558145
unchanged,195,0.008443739514332265,0.05641200117766857,0.2375121074338497
unchanged,196,0.0548514569690451,0.02383406288921833,0.15438284519083825
unchanged,197,0.020097298487089573,0.044401822984218596,0.21071740076277184
unchanged,198,0.00836744106025435,0.0051471470482647415,0.07174362026176781
unchanged,199,0.007113263327628374,0.014845709837973118,0.12184297204998373
unchanged,200,0.02730823914054781,0.014515227284282445,0.12047915705333619
unchanged,201,0.023106967678759246,0.012720004953444004,0.11278299939904066
unchanged,202,0.01507936921552755,0.009267249023541807,0.09626655194584362
unchanged,203,0.00861298559466377,0.004877817933447659,0.06984137694409855
unchanged,204,0.019328939107945187,0.03952654335647821,0.1988128349892889
unchanged,205,0.02010706878500059,0.008696320755407215,0.09325406562401027
unchanged,206,0.017267406126484273,0.0076291205454617735,0.08734483697083517
unchanged,207,0.04062035284936428,0.01962378643453121,0.14008492579336013
unchanged,208,0.025593160619027912,0.04414153233170509,0.2100988632327769
unchanged,209,0.014786001070169731,0.016774618607014416,0.1295168661102268
unchanged,210,0.01601259774644859,0.006140109002590179,0.07835884763439403
unchanged,211,0.007108381208963692,0.03313166789710522,0.1820210644324036
unchanged,212,0.020728382023517043,0.016575049422681332,0.12874412383748368
unchanged,213,0.036329225436784324,0.02449301827698946,0.1565024545398233
unchanged,214,0.018984280691947786,0.021771790888160468,0.14755267157242688
unchanged,215,0.016630731258774175,0.005057336343452334,0.07111495161674747
unchanged,216,0.00977847672183998,0.02961215402930975,0.17208182364593233
unchanged,217,0.056640688409097494,0.015119748339056969,0.12296238587087097
unchanged,218,0.008329133939696476,0.003966748905368149,0.06298213163563257
unchanged,219,0.006162193717900663,0.008476880826056004,0.09206997787583097
unchanged,220,0.015408428334631026,0.014341606814414263,0.11975644790329355
unchanged,221,0.014651131937280298,0.055560553446412086,0.23571286228462818
unchanged,222,0.06597017188556492,0.03529798440635204,0.18787757824272708
unchanged,223,0.015984671069309116,0.004302031677216291,0.06558987480713994
unchanged,224,0.007568178357323632,0.00942448066547513,0.0970797644490093
unchanged,225,0.007511701660696417,0.004994128812104464,0.07066915035646364
unchanged,226,0.009817312941304408,0.02374091325327754,0.15408086595446413
unchanged,227,0.06017499451525509,0.07367126949131489,0.2714245189575085
unchanged,228,0.021326236636377872,0.005631387368775904,0.07504257037692608
unchanged,229,0.005134950969950296,0.009506447575986385,0.09750101320492205
unchanged,230,0.0045603893575025724,0.004871416264213621,0.06979553183559548
unchanged,231,0.006312760821310803,0.00746090886183083,0.08637655273180812
unchanged,232,0.015227567552356049,0.018431232068687676,0.1357616737842005
unchanged,233,0.0348209057119675,0.04613149791955948,0.21478244322932794
unchanged,234,0.025639536378439517,0.009902579672634602,0.09951170620904157
unchanged,235,0.016229784053284676,0.0074698961060494186,0.08642856070795937
unchanged,236,0.016228022759314627,0.021478889007121325,0.14655677741790493
unchanged,237,0.014888264806941151,0.017244159057736397,0.13131701739582877
unchanged,238,0.016012120172381402,0.014021703470498324,0.11841327404686657
unchanged,239,0.017418804669287056,0.016359283439815044,0.12790341449631062
unchanged,240,0.028493863861076534,0.021384835708886385,0.14623554871810884
unchanged,241,0.027920498666353523,0.02014651531353593,0.14193842085050803
unchanged,242,0.017949065670836716,0.015156063083559275,0.12310996338054558
unchanged,243,0.0068838838406372815,0.0045334294904023405,0.06733074699126945
unchanged,244,0.021244755967054517,0.044736890271306035,0.21151096962405055
unchanged,245,0.049498299793340264,0.06629832662642002,0.25748461434893544
unchanged,246,0.01982873884961009,0.012735252156853677,0.11285057446399498
unchanged,247,0.0072685328230727465,0.00711336744017899,0.08434078159573215
unchanged,248,0.011579239398706705,0.025436749085783958,0.1594890249696949
unchanged,249,0.017051272441167383,0.028231837898492814,0.1680233254595707
unchanged,250,0.02303281269269064,0.008954676222056151,0.09462915101624948
unchanged,251,0.006384226231602952,0.008716081883758307,0.09335995867478898
unchanged,252,0.02526399918831885,0.06834843993186951,0.26143534560550435
unchanged,253,0.031317435102537275,0.023741614818573,0.15408314255158803
unchanged,254,0.022397926647681744,0.00915444476529956,0.09567886268815887
unchanged,255,0.009254180303541944,0.008543307650834322,0.09243001488063454
unchanged,256,0.006024504831293598,0.0039621513104066254,0.0629456218525691
unchanged,257,0.02905754275387153,0.016183549910783766,0.12721458214679546
unchanged,258,0.01940602595452219,0.047506349235773085,0.21795951283615286
unchanged,259,0.06083707391517237,0.008692652294412255,0.09323439437467407
unchanged,260,0.010675514134345577,0.003704986609518528,0.06086860117924946
unchanged,261,0.009836148130125366,0.006303646308369934,0.07939550559301159
unchanged,262,0.007812773529440164,0.0063286229968070986,0.07955264292785688
unchanged,263,0.014969544233754278,0.028857394345104693,0.169874643031574
unchanged,264,0.13812739208806307,0.02557087954133749,0.1599089726730101
unchanged,265,0.021384912126231937,0.012723933849483728,0.11280041599871753
unchanged,266,0.010741351274773478,0.0070978215057402845,0.0842485697548646
unchanged,267,0.010128599016461522,0.010215533589944243,0.10107192285666798
unchanged,268,0.009584203578997403,0.008727549919858574,0.09342135687228362
unchanged,269,0.008173434137133881,0.014016141630709172,0.1183897868513546
unchanged,270,0.04280872922157869,0.05820033468306065,0.24124745528825925
unchanged,271,0.03797733416082338,0.03509462133049965,0.18733558479504006
unchanged,272,0.007542952727526427,0.005856976597569883,0.07653088655941392
unchanged,273,0.007351267455378547,0.027529094703495502,0.16591894015902917
unchanged,274,0.010375849711708724,0.007268402613699436,0.0852549272106864
unchanged,275,0.009631824066163973,0.009770314050838351,0.0988448989621536
unchanged,276,0.022244346002116798,0.012555443644523621,0.11205107605250215
unchanged,277,0.010281626883661375,0.018734992071986197,0.13687582720110297
unchanged,278,0.017401731014251708,0.009411684554070234,0.09701383692066938
unchanged,279,0.0076991130248643454,0.015375299118459225,0.1239971738325484
unchanged,280,0.06113234379328787,0.02788968361914158,0.16700204675135447
unchanged,281,0.014240608818363398,0.01516171908006072,0.12313293255689446
unchanged,282,0.008574934479547665,0.006427101334556937,0.08016920440266909
unchanged,283,0.011596939695300535,0.016735238749533893,0.12936475079995283
unchanged,284,0.014521891565527767,0.016118648769333957,0.12695924058269234
unchanged,285,0.013904670567717404,0.0066302328649908305,0.08142624186950316
unchanged,286,0.0441852830699645,0.011377247795462609,0.10666418234563377
unchanged,287,0.02191013189731166,0.020106779411435127,0.14179837591254396
unchanged,288,0.01315492691239342,0.016236437894403936,0.1274222817814998
unchanged,289,0.011094748716568575,0.008379972176626324,0.0915421879606683
unchanged,290,0.007088163939770311,0.011299847224727273,0.10630073953048151
unchanged,291,0.03591660597594455,0.07251009233295917,0.26927698069638106
unchanged,292,0.01889840077725239,0.012518528793007135,0.11188623147200523
unchanged,293,0.019984238415490838,0.019268989879637956,0.13881278716183879
unchanged,294,0.018946561228949575,0.01315012576058507,0.11467399775269488
unchanged,295,0.008716630578273907,0.004768528495915234,0.06905453276878525
unchanged,296,0.014110269257216715,0.028265605792403222,0.1681237811625804
unchanged,297,0.029564885704312472,0.022565267998725175,0.15021740244966686
unchanged,298,0.014488847866887226,0.018429236970841884,0.13575432579053193
unchanged,299,0.02162292637396604,0.028259378001093863,0.16810525869553833
unchanged,300,0.013091768783051521,0.019201619774103163,0.13856990933858318
